symbol,interval,strategy,activate_pct,trail_pct,cell,is_baseline_cell,max_sl_pct,cooldown_candles,mask_mode,n_calls,net_pnl,gross_pnl,total_costs,win_rate,n_trades,n_wins,n_losses,sum_wins,sum_losses,avg_winner,avg_loser,breakeven_win_rate_pct,mean_bars_held,exit_initial_sl,exit_trailing_sl,exit_signal_reverse,exit_end_of_data,max_drawdown_pct,final_equity,survived,seconds
SOLUSDT,240,LORENTZIAN_default,0.01,0.01,a0.01_t0.01,False,0.03,0,one_shot,70,-84.851449,-62.460727,22.390721,2.86,70,2,68,0.251892,-85.10334,0.125946,-1.25152,90.8567,1.0,20,50,0,0,16.9703,415.148551,True,0.07
SOLUSDT,240,LORENTZIAN_default,0.01,0.02,a0.01_t0.02,False,0.03,0,one_shot,70,-87.334301,-64.941212,22.39309,8.57,70,6,64,2.915048,-90.249349,0.485841,-1.410146,74.3753,1.44,20,50,0,0,17.4669,412.665699,True,0.1
SOLUSDT,240,LORENTZIAN_default,0.01,0.04,a0.01_t0.04,False,0.03,0,one_shot,70,-71.371973,-48.972388,22.399585,24.29,70,17,53,37.127195,-108.499168,2.183953,-2.047154,48.3834,3.77,20,50,0,0,14.7307,428.628027,True,0.11
SOLUSDT,240,LORENTZIAN_default,0.03,0.01,a0.03_t0.01,False,0.03,0,one_shot,70,-84.391728,-62.008372,22.383356,35.71,70,25,45,26.84114,-111.232867,1.073646,-2.471841,69.718,3.0,31,38,1,0,17.3688,415.608272,True,0.07
SOLUSDT,240,LORENTZIAN_default,0.03,0.02,a0.03_t0.02,True,0.03,0,one_shot,70,-85.326404,-62.946282,22.380122,35.71,70,25,45,25.906464,-111.232867,1.036259,-2.471841,70.461,3.04,31,38,1,0,17.5552,414.673596,True,0.06
SOLUSDT,240,LORENTZIAN_default,0.03,0.04,a0.03_t0.04,False,0.03,0,one_shot,70,-76.098967,-53.703477,22.39549,27.14,70,19,51,38.705249,-114.804216,2.037118,-2.251063,52.4946,4.23,31,38,1,0,15.931,423.901033,True,0.08
SOLUSDT,240,LORENTZIAN_default,0.06,0.01,a0.06_t0.01,False,0.03,0,one_shot,70,-65.292899,-42.883903,22.408995,35.71,70,25,45,74.910993,-140.203891,2.99644,-3.115642,50.9751,5.49,40,27,3,0,15.2122,434.707101,True,0.14
SOLUSDT,240,LORENTZIAN_default,0.06,0.02,a0.06_t0.02,False,0.03,0,one_shot,70,-64.352145,-41.940884,22.411261,35.71,70,25,45,75.851746,-140.203891,3.03407,-3.115642,50.6632,5.54,40,27,3,0,15.0246,435.647855,True,0.15
SOLUSDT,240,LORENTZIAN_default,0.06,0.04,a0.06_t0.04,False,0.03,0,one_shot,70,-62.355545,-39.963574,22.391972,35.71,70,25,45,77.848346,-140.203891,3.113934,-3.115642,50.0137,6.01,40,27,3,0,14.831,437.644455,True,0.12
SOLUSDT,60,LORENTZIAN_default,0.01,0.01,a0.01_t0.01,False,0.03,0,one_shot,290,-285.574213,-192.761102,92.813111,11.72,290,34,256,9.648697,-295.22291,0.283785,-1.153214,80.2515,4.42,58,221,11,0,57.157,214.425787,True,0.19
SOLUSDT,60,LORENTZIAN_default,0.01,0.02,a0.01_t0.02,False,0.03,0,one_shot,290,-271.543654,-178.762544,92.78111,19.66,290,57,233,56.740375,-328.284029,0.995445,-1.408944,58.5988,6.81,58,220,12,0,54.4328,228.456346,True,0.19
SOLUSDT,60,LORENTZIAN_default,0.01,0.04,a0.01_t0.04,False,0.03,0,one_shot,290,-161.590737,-68.806779,92.783958,31.72,290,92,198,268.178269,-429.769006,2.914981,-2.170551,42.6809,17.69,58,182,50,0,33.7942,338.409263,True,0.21
SOLUSDT,60,LORENTZIAN_default,0.03,0.01,a0.03_t0.01,False,0.03,0,one_shot,290,-241.9386,-149.119804,92.818797,41.38,290,120,170,180.906284,-422.844884,1.507552,-2.487323,62.2628,11.49,97,144,49,0,49.4352,258.0614,True,0.27
SOLUSDT,60,LORENTZIAN_default,0.03,0.02,a0.03_t0.02,True,0.03,0,one_shot,290,-248.06867,-155.257917,92.810753,41.38,290,120,170,174.776215,-422.844884,1.456468,-2.487323,63.0693,12.45,97,144,49,0,50.8188,251.93133,True,0.18
SOLUSDT,60,LORENTZIAN_default,0.03,0.04,a0.03_t0.04,False,0.03,0,one_shot,290,-163.841943,-71.049879,92.792064,33.45,290,97,193,283.703189,-447.545131,2.924775,-2.318887,44.2227,18.72,97,123,70,0,34.9411,336.158057,True,0.24
SOLUSDT,60,LORENTZIAN_default,0.06,0.01,a0.06_t0.01,False,0.03,0,one_shot,290,-177.830642,-85.03392,92.796722,33.45,290,97,193,315.202652,-493.033294,3.249512,-2.554577,44.0134,18.24,112,78,100,0,36.7228,322.169358,True,0.18
SOLUSDT,60,LORENTZIAN_default,0.06,0.02,a0.06_t0.02,False,0.03,0,one_shot,290,-176.928204,-84.130876,92.797329,33.45,290,97,193,316.10509,-493.033294,3.258815,-2.554577,43.943,18.57,112,78,100,0,36.4276,323.071796,True,0.27
SOLUSDT,60,LORENTZIAN_default,0.06,0.04,a0.06_t0.04,False,0.03,0,one_shot,290,-158.110349,-65.32925,92.781099,33.45,290,97,193,334.922945,-493.033294,3.452814,-2.554577,42.5239,20.93,112,70,108,0,36.2906,341.889651,True,0.2
ETHUSDT,240,LORENTZIAN_default,0.01,0.01,a0.01_t0.01,False,0.03,0,one_shot,76,-76.359296,-52.028466,24.33083,5.26,76,4,72,0.685103,-77.044399,0.171276,-1.070061,86.2023,1.91,14,62,0,0,15.2719,423.640704,True,0.07
ETHUSDT,240,LORENTZIAN_default,0.01,0.02,a0.01_t0.02,False,0.03,0,one_shot,76,-83.632784,-59.31491,24.317874,7.89,76,6,70,4.988892,-88.621676,0.831482,-1.266024,60.3585,2.43,14,62,0,0,16.7266,416.367216,True,0.07
ETHUSDT,240,LORENTZIAN_default,0.01,0.04,a0.01_t0.04,False,0.03,0,one_shot,76,-78.151141,-53.86496,24.286181,28.95,76,22,54,41.506179,-119.65732,1.886644,-2.215876,54.0126,6.36,14,62,0,0,15.9432,421.848859,True,0.1
ETHUSDT,240,LORENTZIAN_default,0.03,0.01,a0.03_t0.01,False,0.03,0,one_shot,76,-97.729576,-73.418198,24.311378,34.21,76,26,50,30.752121,-128.481698,1.182774,-2.569634,68.4796,6.37,35,40,1,0,19.8477,402.270424,True,0.09
ETHUSDT,240,LORENTZIAN_default,0.03,0.02,a0.03_t0.02,True,0.03,0,one_shot,76,-100.149567,-75.83847,24.311097,34.21,76,26,50,28.332131,-128.481698,1.089697,-2.569634,70.2214,6.45,35,40,1,0,20.3303,399.850433,True,0.08
ETHUSDT,240,LORENTZIAN_default,0.03,0.04,a0.03_t0.04,False,0.03,0,one_shot,76,-91.35777,-67.067014,24.290756,30.26,76,23,53,42.395469,-133.753238,1.843281,-2.523646,57.79,7.8,35,40,1,0,18.6585,408.64223,True,0.08
ETHUSDT,240,LORENTZIAN_default,0.06,0.01,a0.06_t0.01,False,0.03,0,one_shot,76,-74.451157,-50.189437,24.26172,35.53,76,27,49,80.720433,-155.171591,2.989646,-3.166767,51.4385,10.37,44,26,6,0,15.1908,425.548843,True,0.08
ETHUSDT,240,LORENTZIAN_default,0.06,0.02,a0.06_t0.02,False,0.03,0,one_shot,76,-76.973042,-52.70989,24.263152,35.53,76,27,49,78.198548,-155.171591,2.896243,-3.166767,52.2309,10.39,44,26,6,0,15.6939,423.026958,True,0.08
ETHUSDT,240,LORENTZIAN_default,0.06,0.04,a0.06_t0.04,False,0.03,0,one_shot,76,-79.861926,-55.590621,24.271305,35.53,76,27,49,75.309665,-155.171591,2.789247,-3.166767,53.1692,11.16,44,26,6,0,16.2701,420.138074,True,0.07
ETHUSDT,60,LORENTZIAN_default,0.01,0.01,a0.01_t0.01,False,0.03,0,one_shot,304,-296.105027,-198.834322,97.270705,16.12,304,49,255,13.227664,-309.332691,0.269952,-1.213069,81.7971,6.84,41,209,54,0,59.6445,203.894973,True,0.19
ETHUSDT,60,LORENTZIAN_default,0.01,0.02,a0.01_t0.02,False,0.03,0,one_shot,304,-258.223301,-160.932713,97.290587,23.03,304,70,234,84.270032,-342.493333,1.203858,-1.463647,54.8695,11.73,41,206,57,0,52.9395,241.776699,True,0.19
ETHUSDT,60,LORENTZIAN_default,0.01,0.04,a0.01_t0.04,False,0.03,0,one_shot,304,-137.710136,-40.416248,97.293888,32.89,304,100,204,266.939385,-404.649521,2.669394,-1.983576,42.6303,22.51,41,101,161,1,30.3585,362.289864,True,0.21
ETHUSDT,60,LORENTZIAN_default,0.03,0.01,a0.03_t0.01,False,0.03,0,one_shot,304,-231.849344,-134.549268,97.300076,37.5,304,114,190,168.802088,-400.651432,1.48072,-2.108692,58.7476,16.08,53,119,131,1,48.1409,268.150656,True,0.22
ETHUSDT,60,LORENTZIAN_default,0.03,0.02,a0.03_t0.02,True,0.03,0,one_shot,304,-218.445393,-121.128725,97.316668,37.5,304,114,190,182.20604,-400.651432,1.598299,-2.108692,56.8842,17.77,53,118,132,1,45.874,281.554607,True,0.23
ETHUSDT,60,LORENTZIAN_default,0.03,0.04,a0.03_t0.04,False,0.03,0,one_shot,304,-143.379718,-46.079492,97.300226,32.89,304,100,204,266.939385,-410.319104,2.669394,-2.011368,42.971,23.06,53,70,180,1,31.4065,356.620282,True,0.22
ETHUSDT,60,LORENTZIAN_default,0.06,0.01,a0.06_t0.01,False,0.03,0,one_shot,304,-187.849296,-90.528772,97.320525,31.91,304,97,207,244.924731,-432.774028,2.524997,-2.090696,45.2954,22.07,59,53,191,1,39.7026,312.150704,True,0.18
ETHUSDT,60,LORENTZIAN_default,0.06,0.02,a0.06_t0.02,False,0.03,0,one_shot,304,-188.950614,-91.637593,97.313022,31.91,304,97,207,243.823413,-432.774028,2.513643,-2.090696,45.4071,22.32,59,53,191,1,39.9171,311.049386,True,0.2
ETHUSDT,60,LORENTZIAN_default,0.06,0.04,a0.06_t0.04,False,0.03,0,one_shot,304,-153.509168,-56.189309,97.319859,31.91,304,97,207,279.26486,-432.774028,2.879019,-2.090696,42.0687,24.32,59,37,207,1,33.2496,346.490832,True,0.21
BTCUSDT,240,LORENTZIAN_default,0.01,0.01,a0.01_t0.01,False,0.03,0,one_shot,58,-61.15957,-42.591293,18.568276,8.62,58,5,53,1.61569,-62.77526,0.323138,-1.184439,78.5657,3.02,13,43,2,0,12.2887,438.84043,True,0.07
BTCUSDT,240,LORENTZIAN_default,0.01,0.02,a0.01_t0.02,False,0.03,0,one_shot,58,-58.549787,-39.983015,18.566772,20.69,58,12,46,8.566694,-67.116481,0.713891,-1.459054,67.1464,4.5,13,43,2,0,12.039,441.450213,True,0.07
BTCUSDT,240,LORENTZIAN_default,0.01,0.04,a0.01_t0.04,False,0.03,0,one_shot,58,-47.404222,-28.842676,18.561547,31.03,58,18,40,43.241551,-90.645773,2.402308,-2.266144,48.5417,10.02,13,42,3,0,13.0009,452.595778,True,0.08
BTCUSDT,240,LORENTZIAN_default,0.03,0.01,a0.03_t0.01,False,0.03,0,one_shot,58,-54.559337,-36.003444,18.555893,41.38,58,24,34,33.519886,-88.079223,1.396662,-2.590565,64.9716,8.19,23,31,4,0,11.8436,445.440663,True,0.07
BTCUSDT,240,LORENTZIAN_default,0.03,0.02,a0.03_t0.02,True,0.03,0,one_shot,58,-54.948992,-36.388355,18.560637,41.38,58,24,34,33.130231,-88.079223,1.380426,-2.590565,65.2372,8.93,23,31,4,0,12.3113,445.051008,True,0.07
BTCUSDT,240,LORENTZIAN_default,0.03,0.04,a0.03_t0.04,False,0.03,0,one_shot,58,-46.484134,-27.91669,18.567444,34.48,58,20,38,45.792227,-92.276361,2.289611,-2.428325,51.4701,11.9,23,31,4,0,12.6633,453.515866,True,0.09
BTCUSDT,240,LORENTZIAN_default,0.06,0.01,a0.06_t0.01,False,0.03,0,one_shot,58,-15.216653,3.379506,18.596159,37.93,58,22,36,79.373452,-94.590104,3.607884,-2.627503,42.1386,11.48,24,21,13,0,8.2389,484.783347,True,0.08
BTCUSDT,240,LORENTZIAN_default,0.06,0.02,a0.06_t0.02,False,0.03,0,one_shot,58,-15.975166,2.620352,18.595518,37.93,58,22,36,78.614938,-94.590104,3.573406,-2.627503,42.3729,11.72,24,21,13,0,8.7523,484.024834,True,0.08
BTCUSDT,240,LORENTZIAN_default,0.06,0.04,a0.06_t0.04,False,0.03,0,one_shot,58,-18.730555,-0.138323,18.592232,37.93,58,22,36,75.859549,-94.590104,3.448161,-2.627503,43.2463,13.64,24,21,13,0,8.3675,481.269445,True,0.08
BTCUSDT,60,LORENTZIAN_default,0.01,0.01,a0.01_t0.01,False,0.03,0,one_shot,279,-217.848249,-128.564866,89.283383,21.86,279,61,218,18.994399,-236.842648,0.311384,-1.086434,77.7236,8.87,17,192,70,0,43.6693,282.151751,True,0.22
BTCUSDT,60,LORENTZIAN_default,0.01,0.02,a0.01_t0.02,False,0.03,0,one_shot,279,-160.429752,-71.13988,89.289872,27.96,279,78,201,107.825465,-268.255217,1.382378,-1.334603,49.1208,16.36,17,184,78,0,32.3988,339.570248,True,0.23
BTCUSDT,60,LORENTZIAN_default,0.01,0.04,a0.01_t0.04,False,0.03,0,one_shot,279,-77.677227,11.681079,89.358306,32.26,279,90,189,254.117626,-331.794853,2.823529,-1.755528,38.3382,28.57,17,71,190,1,18.5224,422.322773,True,0.23
BTCUSDT,60,LORENTZIAN_default,0.03,0.01,a0.03_t0.01,False,0.03,0,one_shot,279,-197.23963,-107.936521,89.303109,34.05,279,95,184,142.603201,-339.842831,1.501086,-1.846972,55.1655,19.81,33,95,151,0,40.0037,302.76037,True,0.19
BTCUSDT,60,LORENTZIAN_default,0.03,0.02,a0.03_t0.02,True,0.03,0,one_shot,279,-182.018172,-92.733398,89.284775,34.05,279,95,184,157.824659,-339.842831,1.661312,-1.846972,52.646,22.62,33,91,155,0,37.0703,317.981828,True,0.18
BTCUSDT,60,LORENTZIAN_default,0.03,0.04,a0.03_t0.04,False,0.03,0,one_shot,279,-89.801455,-0.431681,89.369774,32.26,279,90,189,254.117626,-343.919081,2.823529,-1.819678,39.1901,28.94,33,46,199,1,20.9171,410.198545,True,0.28
BTCUSDT,60,LORENTZIAN_default,0.06,0.01,a0.06_t0.01,False,0.03,0,one_shot,279,-123.551631,-34.238338,89.313293,31.9,279,89,190,223.023808,-346.575439,2.505885,-1.824081,42.1269,26.32,33,39,206,1,26.5315,376.448369,True,0.2
BTCUSDT,60,LORENTZIAN_default,0.06,0.02,a0.06_t0.02,False,0.03,0,one_shot,279,-124.754977,-35.433434,89.321543,31.9,279,89,190,221.820462,-346.575439,2.492365,-1.824081,42.2589,26.64,33,39,206,1,26.6588,375.245023,True,0.24
BTCUSDT,60,LORENTZIAN_default,0.06,0.04,a0.06_t0.04,False,0.03,0,one_shot,279,-75.138925,14.232277,89.371202,31.9,279,89,190,271.436514,-346.575439,3.049848,-1.824081,37.4253,29.88,33,25,220,1,18.7009,424.861075,True,0.2
XRPUSDT,240,LORENTZIAN_default,0.01,0.01,a0.01_t0.01,False,0.03,0,one_shot,62,-51.86255,-32.003421,19.859129,8.06,62,5,57,0.770762,-52.633312,0.154152,-0.923391,85.6941,1.26,9,52,1,0,10.3725,448.13745,True,0.07
XRPUSDT,240,LORENTZIAN_default,0.01,0.02,a0.01_t0.02,False,0.03,0,one_shot,62,-58.051986,-38.193399,19.858587,9.68,62,6,56,5.609883,-63.661868,0.93498,-1.136819,54.8711,1.95,9,52,1,0,11.8259,441.948014,True,0.06
XRPUSDT,240,LORENTZIAN_default,0.01,0.04,a0.01_t0.04,False,0.03,0,one_shot,62,-85.589489,-65.722029,19.86746,17.74,62,11,51,8.942586,-94.532075,0.812962,-1.85357,69.5124,3.84,9,51,2,0,17.32,414.410511,True,0.07
XRPUSDT,240,LORENTZIAN_default,0.03,0.01,a0.03_t0.01,False,0.03,0,one_shot,62,-78.724203,-58.858194,19.86601,24.19,62,15,47,15.611182,-94.335386,1.040745,-2.007136,65.8535,4.5,24,36,2,0,15.9503,421.275797,True,0.14
XRPUSDT,240,LORENTZIAN_default,0.03,0.02,a0.03_t0.02,True,0.03,0,one_shot,62,-78.621958,-58.752295,19.869663,24.19,62,15,47,15.713428,-94.335386,1.047562,-2.007136,65.7065,4.61,24,36,2,0,15.9299,421.378042,True,0.07
XRPUSDT,240,LORENTZIAN_default,0.03,0.04,a0.03_t0.04,False,0.03,0,one_shot,62,-84.92906,-65.056498,19.872562,20.97,62,13,49,11.417995,-96.347055,0.878307,-1.966266,69.1234,5.69,24,36,2,0,17.1882,415.07094,True,0.08
XRPUSDT,240,LORENTZIAN_default,0.06,0.01,a0.06_t0.01,False,0.03,0,one_shot,62,-55.712216,-35.858282,19.853934,30.65,62,19,43,58.269849,-113.982065,3.066834,-2.650746,46.3613,9.26,31,23,8,0,11.3591,444.287784,True,0.06
XRPUSDT,240,LORENTZIAN_default,0.06,0.02,a0.06_t0.02,False,0.03,0,one_shot,62,-56.644565,-36.790776,19.85379,30.65,62,19,43,57.337499,-113.982065,3.017763,-2.650746,46.7627,9.26,31,23,8,0,11.5451,443.355435,True,0.06
XRPUSDT,240,LORENTZIAN_default,0.06,0.04,a0.06_t0.04,False,0.03,0,one_shot,62,-61.858385,-42.007719,19.850666,30.65,62,19,43,52.12368,-113.982065,2.743352,-2.650746,49.1416,9.73,31,23,8,0,12.5854,438.141615,True,0.07
XRPUSDT,60,LORENTZIAN_default,0.01,0.01,a0.01_t0.01,False,0.03,0,one_shot,275,-241.496675,-153.505899,87.990776,15.64,275,43,232,15.044502,-256.541178,0.349872,-1.105781,75.9646,7.37,36,200,39,0,48.4363,258.503325,True,0.19
XRPUSDT,60,LORENTZIAN_default,0.01,0.02,a0.01_t0.02,False,0.03,0,one_shot,275,-241.64363,-153.686372,87.957258,21.09,275,58,217,54.271481,-295.915111,0.935715,-1.363664,59.3057,11.29,36,193,46,0,48.7213,258.35637,True,0.18
XRPUSDT,60,LORENTZIAN_default,0.01,0.04,a0.01_t0.04,False,0.03,0,one_shot,275,-205.227788,-117.210375,88.017413,27.64,275,76,199,165.309527,-370.537315,2.175125,-1.861997,46.1219,20.24,36,133,105,1,43.9208,294.772212,True,0.24
XRPUSDT,60,LORENTZIAN_default,0.03,0.01,a0.03_t0.01,False,0.03,0,one_shot,275,-243.469327,-155.491126,87.9782,36.0,275,99,176,120.219584,-363.688911,1.214339,-2.066414,62.986,16.28,60,111,103,1,49.885,256.530673,True,0.19
XRPUSDT,60,LORENTZIAN_default,0.03,0.02,a0.03_t0.02,True,0.03,0,one_shot,275,-254.459128,-166.482691,87.976437,36.0,275,99,176,109.229783,-363.688911,1.103331,-2.066414,65.1918,17.0,60,109,105,1,52.2329,245.540872,True,0.19
XRPUSDT,60,LORENTZIAN_default,0.03,0.04,a0.03_t0.04,False,0.03,0,one_shot,275,-213.462055,-125.43987,88.022185,28.73,275,79,196,166.860034,-380.322089,2.112152,-1.940419,47.8812,21.23,60,91,123,1,45.5578,286.537945,True,0.22
XRPUSDT,60,LORENTZIAN_default,0.06,0.01,a0.06_t0.01,False,0.03,0,one_shot,275,-204.407781,-116.345328,88.062453,31.64,275,87,188,206.625441,-411.033222,2.375005,-2.186347,47.932,22.39,70,51,153,1,44.8026,295.592219,True,0.25
XRPUSDT,60,LORENTZIAN_default,0.06,0.02,a0.06_t0.02,False,0.03,0,one_shot,275,-202.190921,-114.123711,88.06721,31.64,275,87,188,208.842301,-411.033222,2.400486,-2.186347,47.6657,22.52,70,51,153,1,44.3616,297.809079,True,0.21
XRPUSDT,60,LORENTZIAN_default,0.06,0.04,a0.06_t0.04,False,0.03,0,one_shot,275,-189.500868,-101.433788,88.06708,31.64,275,87,188,221.532354,-411.033222,2.546349,-2.186347,46.1967,23.82,70,48,156,1,42.1747,310.499132,True,0.21
DOGEUSDT,240,LORENTZIAN_default,0.01,0.01,a0.01_t0.01,False,0.03,0,one_shot,64,-61.607204,-41.118393,20.488811,0.0,64,0,64,0.0,-61.607204,0.0,-0.962613,100.0,0.66,12,52,0,0,12.3214,438.392796,True,0.11
DOGEUSDT,240,LORENTZIAN_default,0.01,0.02,a0.01_t0.02,False,0.03,0,one_shot,64,-68.129225,-47.638416,20.490809,7.81,64,5,59,2.601976,-70.731201,0.520395,-1.198834,69.7309,0.89,12,52,0,0,13.6258,431.870775,True,0.13
DOGEUSDT,240,LORENTZIAN_default,0.01,0.04,a0.01_t0.04,False,0.03,0,one_shot,64,-63.962628,-43.452096,20.510532,21.88,64,14,50,30.444425,-94.407053,2.174602,-1.888141,46.4745,2.86,12,52,0,0,13.2871,436.037372,True,0.1
DOGEUSDT,240,LORENTZIAN_default,0.03,0.01,a0.03_t0.01,False,0.03,0,one_shot,64,-76.971875,-56.495693,20.476182,29.69,64,19,45,17.702345,-94.674221,0.931702,-2.103872,69.3072,2.72,25,38,1,0,15.3944,423.028125,True,0.12
DOGEUSDT,240,LORENTZIAN_default,0.03,0.02,a0.03_t0.02,True,0.03,0,one_shot,64,-77.028875,-56.552608,20.476267,29.69,64,19,45,17.645345,-94.674221,0.928702,-2.103872,69.3758,2.73,25,38,1,0,15.4058,422.971125,True,0.09
DOGEUSDT,240,LORENTZIAN_default,0.03,0.04,a0.03_t0.04,False,0.03,0,one_shot,64,-59.577739,-39.090185,20.487554,29.69,64,19,45,39.585097,-99.162835,2.083426,-2.203619,51.4018,3.55,25,38,1,0,12.4151,440.422261,True,0.09
DOGEUSDT,240,LORENTZIAN_default,0.06,0.01,a0.06_t0.01,False,0.03,0,one_shot,64,-55.939214,-35.415942,20.523272,39.06,64,25,39,63.189917,-119.129131,2.527597,-3.054593,54.7203,5.34,35,28,1,0,11.7637,444.060786,True,0.11
DOGEUSDT,240,LORENTZIAN_default,0.06,0.02,a0.06_t0.02,False,0.03,0,one_shot,64,-57.362678,-36.841544,20.521134,39.06,64,25,39,61.766453,-119.129131,2.470658,-3.054593,55.2842,5.36,35,28,1,0,12.0465,442.637322,True,0.09
DOGEUSDT,240,LORENTZIAN_default,0.06,0.04,a0.06_t0.04,False,0.03,0,one_shot,64,-50.394995,-29.867916,20.527079,39.06,64,25,39,68.734136,-119.129131,2.749365,-3.054593,52.6295,5.59,35,28,1,0,10.662,449.605005,True,0.32
DOGEUSDT,60,LORENTZIAN_default,0.01,0.01,a0.01_t0.01,False,0.03,0,one_shot,301,-301.213337,-204.883786,96.329551,11.63,301,35,266,9.303476,-310.516813,0.265814,-1.167356,81.4528,3.99,56,219,26,0,60.2427,198.786663,True,0.22
DOGEUSDT,60,LORENTZIAN_default,0.01,0.02,a0.01_t0.02,False,0.03,0,one_shot,301,-305.79131,-209.442808,96.348502,18.6,301,56,245,48.991101,-354.782411,0.874841,-1.448091,62.3389,6.29,56,217,28,0,61.1583,194.20869,True,0.19
DOGEUSDT,60,LORENTZIAN_default,0.01,0.04,a0.01_t0.04,False,0.03,0,one_shot,301,-254.960646,-158.682799,96.277847,27.57,301,83,218,207.722274,-462.68292,2.502678,-2.122399,45.8889,13.61,56,180,64,1,53.7152,245.039354,True,0.25
DOGEUSDT,60,LORENTZIAN_default,0.03,0.01,a0.03_t0.01,False,0.03,0,one_shot,301,-327.925358,-231.580415,96.344943,35.88,301,108,193,137.995575,-465.920933,1.277737,-2.414098,65.3902,10.28,106,133,61,1,66.7475,172.074642,True,0.25
DOGEUSDT,60,LORENTZIAN_default,0.03,0.02,a0.03_t0.02,True,0.03,0,one_shot,301,-327.293101,-230.957756,96.335345,35.88,301,108,193,138.627832,-465.920933,1.283591,-2.414098,65.2867,10.81,106,131,63,1,66.6211,172.706899,True,0.21
DOGEUSDT,60,LORENTZIAN_default,0.03,0.04,a0.03_t0.04,False,0.03,0,one_shot,301,-268.97164,-172.651323,96.320316,29.24,301,88,213,215.065375,-484.037014,2.443925,-2.272474,48.1824,14.72,106,119,75,1,56.5174,231.02836,True,0.2
DOGEUSDT,60,LORENTZIAN_default,0.06,0.01,a0.06_t0.01,False,0.03,0,one_shot,301,-265.32196,-168.941496,96.380464,30.56,301,92,209,277.03843,-542.36039,3.011287,-2.595026,46.2876,15.73,126,77,97,1,54.7243,234.67804,True,0.19
DOGEUSDT,60,LORENTZIAN_default,0.06,0.02,a0.06_t0.02,False,0.03,0,one_shot,301,-266.160971,-169.779657,96.381314,30.56,301,92,209,276.199419,-542.36039,3.002168,-2.595026,46.363,15.87,126,77,97,1,54.8922,233.839029,True,0.27
DOGEUSDT,60,LORENTZIAN_default,0.06,0.04,a0.06_t0.04,False,0.03,0,one_shot,301,-241.659289,-145.297942,96.361347,30.56,301,92,209,300.701102,-542.36039,3.26849,-2.595026,44.2572,17.51,126,76,98,1,50.8923,258.340711,True,0.19
