symbol,interval,strategy,max_drawdown_pct_full_run
SOLUSDT,240,ADX14_DI_20,82.293
SOLUSDT,240,ADX14_DI_25,87.0295
SOLUSDT,240,ADX14_EMA13_34,81.6966
SOLUSDT,240,ADX14_EMA21_50,80.5201
SOLUSDT,240,ADX14_EMA8_21,81.2366
SOLUSDT,240,BB_10_2_RSI14,84.8023
SOLUSDT,240,BB_10_2_breakout,81.5405
SOLUSDT,240,BB_20_25_ADX20,82.3245
SOLUSDT,240,BB_20_25_ADX25,86.44
SOLUSDT,240,BB_20_25_EMA100,84.8416
SOLUSDT,240,BB_20_25_EMA200,84.8416
SOLUSDT,240,BB_20_25_EMA50,82.3245
SOLUSDT,240,BB_20_25_MACD,82.3245
SOLUSDT,240,BB_20_25_RSI14,82.3245
SOLUSDT,240,BB_20_25_RSI14_55,82.3245
SOLUSDT,240,BB_20_25_SQ,82.6296
SOLUSDT,240,BB_20_25_VOL12,81.0599
SOLUSDT,240,BB_20_25_breakout,82.3245
SOLUSDT,240,BB_20_25_revert,83.5181
SOLUSDT,240,BB_20_2_ADX20,85.6147
SOLUSDT,240,BB_20_2_EMA100,82.3026
SOLUSDT,240,BB_20_2_EMA200,84.3877
SOLUSDT,240,BB_20_2_EMA50,85.5967
SOLUSDT,240,BB_20_2_MACD,85.6147
SOLUSDT,240,BB_20_2_RSI14,81.9204
SOLUSDT,240,BB_20_2_RSI14_55,81.9204
SOLUSDT,240,BB_20_2_RSI7_50,81.7915
SOLUSDT,240,BB_20_2_SQ,80.9175
SOLUSDT,240,BB_20_2_VOL12,80.9846
SOLUSDT,240,BB_20_2_breakout,81.9204
SOLUSDT,240,BB_20_2_mid,81.8928
SOLUSDT,240,BB_20_2_revert,82.8992
SOLUSDT,240,EMA3_13_34_100,82.1551
SOLUSDT,240,EMA3_13_50_200,80.963
SOLUSDT,240,EMA3_21_50_200,80.963
SOLUSDT,240,EMA3_8_21_100,83.9561
SOLUSDT,240,EMA3_8_21_50,81.2324
SOLUSDT,240,EMA3_8_34_100,80.963
SOLUSDT,240,EMA_13_34,81.6966
SOLUSDT,240,EMA_13_34_RSI14_55,82.446
SOLUSDT,240,EMA_13_34_RSI7_55,85.1134
SOLUSDT,240,EMA_13_34_VOL12,82.3212
SOLUSDT,240,EMA_13_50,82.8199
SOLUSDT,240,EMA_21_100,84.0677
SOLUSDT,240,EMA_21_50,80.5201
SOLUSDT,240,EMA_21_50_RSI14_55,81.7811
SOLUSDT,240,EMA_34_100,84.0677
SOLUSDT,240,EMA_50_200,84.0677
SOLUSDT,240,EMA_8_21,82.0255
SOLUSDT,240,EMA_8_21_RSI14_55,84.8646
SOLUSDT,240,EMA_8_21_RSI14_60,83.53
SOLUSDT,240,EMA_8_21_VOL12,83.0695
SOLUSDT,240,EMA_8_21_VOL15,81.2339
SOLUSDT,240,EMA_8_34,84.015
SOLUSDT,240,EMA_8_34_RSI14_60,83.2289
SOLUSDT,240,EMA_BB_ADX_13_34,86.3717
SOLUSDT,240,EMA_BB_ADX_8_21,80.4977
SOLUSDT,240,MACD_12_26_hist,82.3395
SOLUSDT,240,MACD_12_26_sig,82.3395
SOLUSDT,240,MACD_8_21_hist,82.7772
SOLUSDT,240,MACD_8_21_sig,82.7772
SOLUSDT,240,MACD_RSI14_50,86.2395
SOLUSDT,240,MACD_RSI14_55,82.2507
SOLUSDT,240,MACD_RSI7_50,81.8976
SOLUSDT,240,MACD_RSI7_55,83.1604
SOLUSDT,240,RSI14_6535,84.604
SOLUSDT,240,RSI14_7030,80.7038
SOLUSDT,240,RSI14_trend50,82.4874
SOLUSDT,240,RSI21_7030,81.7967
SOLUSDT,240,RSI7_6535,85.9147
SOLUSDT,240,RSI7_trend50,84.0569
SOLUSDT,240,STOCH14_EMA13_34,84.3116
SOLUSDT,240,STOCH14_EMA8_21,82.2947
SOLUSDT,240,STOCH14_cross,84.9848
SOLUSDT,240,STOCH5_cross,83.4931
SOLUSDT,240,TS_13_34_100_14,82.9634
SOLUSDT,240,TS_13_34_200_14,86.6549
SOLUSDT,240,TS_8_21_100_14,85.4901
SOLUSDT,240,TS_8_21_50_14,80.9426
SOLUSDT,60,ADX14_DI_20,82.2146
SOLUSDT,60,ADX14_DI_25,82.5611
SOLUSDT,60,ADX14_EMA13_34,82.5332
SOLUSDT,60,ADX14_EMA21_50,82.6776
SOLUSDT,60,ADX14_EMA8_21,82.8497
SOLUSDT,60,BB_10_2_RSI14,83.2249
SOLUSDT,60,BB_10_2_breakout,81.5676
SOLUSDT,60,BB_20_25_ADX20,81.5469
SOLUSDT,60,BB_20_25_ADX25,86.2184
SOLUSDT,60,BB_20_25_EMA100,83.3328
SOLUSDT,60,BB_20_25_EMA200,81.3218
SOLUSDT,60,BB_20_25_EMA50,81.5469
SOLUSDT,60,BB_20_25_MACD,81.5469
SOLUSDT,60,BB_20_25_RSI14,81.5469
SOLUSDT,60,BB_20_25_RSI14_55,81.5469
SOLUSDT,60,BB_20_25_SQ,81.6227
SOLUSDT,60,BB_20_25_VOL12,81.5469
SOLUSDT,60,BB_20_25_breakout,81.5469
SOLUSDT,60,BB_20_25_revert,81.7143
SOLUSDT,60,BB_20_2_ADX20,82.4734
SOLUSDT,60,BB_20_2_EMA100,81.8869
SOLUSDT,60,BB_20_2_EMA200,83.1333
SOLUSDT,60,BB_20_2_EMA50,82.1241
SOLUSDT,60,BB_20_2_MACD,86.8125
SOLUSDT,60,BB_20_2_RSI14,86.8125
SOLUSDT,60,BB_20_2_RSI14_55,86.8125
SOLUSDT,60,BB_20_2_RSI7_50,83.079
SOLUSDT,60,BB_20_2_SQ,85.8635
SOLUSDT,60,BB_20_2_VOL12,87.0915
SOLUSDT,60,BB_20_2_breakout,86.8125
SOLUSDT,60,BB_20_2_mid,81.3009
SOLUSDT,60,BB_20_2_revert,83.2331
SOLUSDT,60,EMA3_13_34_100,83.9222
SOLUSDT,60,EMA3_13_50_200,82.7268
SOLUSDT,60,EMA3_21_50_200,86.1325
SOLUSDT,60,EMA3_8_21_100,85.3479
SOLUSDT,60,EMA3_8_21_50,86.105
SOLUSDT,60,EMA3_8_34_100,86.7958
SOLUSDT,60,EMA_13_34,84.2703
SOLUSDT,60,EMA_13_34_RSI14_55,85.1571
SOLUSDT,60,EMA_13_34_RSI7_55,85.9811
SOLUSDT,60,EMA_13_34_VOL12,85.2086
SOLUSDT,60,EMA_13_50,82.1666
SOLUSDT,60,EMA_21_100,85.9688
SOLUSDT,60,EMA_21_50,84.6137
SOLUSDT,60,EMA_21_50_RSI14_55,84.1161
SOLUSDT,60,EMA_34_100,82.3636
SOLUSDT,60,EMA_50_200,84.3987
SOLUSDT,60,EMA_8_21,82.0069
SOLUSDT,60,EMA_8_21_RSI14_55,82.3014
SOLUSDT,60,EMA_8_21_RSI14_60,82.1715
SOLUSDT,60,EMA_8_21_VOL12,81.6483
SOLUSDT,60,EMA_8_21_VOL15,83.1481
SOLUSDT,60,EMA_8_34,84.2619
SOLUSDT,60,EMA_8_34_RSI14_60,85.5866
SOLUSDT,60,EMA_BB_ADX_13_34,81.2936
SOLUSDT,60,EMA_BB_ADX_8_21,82.0898
SOLUSDT,60,MACD_12_26_hist,82.1588
SOLUSDT,60,MACD_12_26_sig,82.1588
SOLUSDT,60,MACD_8_21_hist,81.8406
SOLUSDT,60,MACD_8_21_sig,81.8406
SOLUSDT,60,MACD_RSI14_50,81.5519
SOLUSDT,60,MACD_RSI14_55,85.7222
SOLUSDT,60,MACD_RSI7_50,82.1864
SOLUSDT,60,MACD_RSI7_55,84.7763
SOLUSDT,60,RSI14_6535,84.0936
SOLUSDT,60,RSI14_7030,82.7672
SOLUSDT,60,RSI14_trend50,85.5266
SOLUSDT,60,RSI21_7030,83.0145
SOLUSDT,60,RSI7_6535,83.9767
SOLUSDT,60,RSI7_trend50,85.6053
SOLUSDT,60,STOCH14_EMA13_34,84.5444
SOLUSDT,60,STOCH14_EMA8_21,81.6931
SOLUSDT,60,STOCH14_cross,83.2995
SOLUSDT,60,STOCH5_cross,81.6439
SOLUSDT,60,TS_13_34_100_14,82.5936
SOLUSDT,60,TS_13_34_200_14,86.1098
SOLUSDT,60,TS_8_21_100_14,83.2368
SOLUSDT,60,TS_8_21_50_14,81.9724
ETHUSDT,240,ADX14_DI_20,81.5252
ETHUSDT,240,ADX14_DI_25,80.1966
ETHUSDT,240,ADX14_EMA13_34,85.5674
ETHUSDT,240,ADX14_EMA21_50,88.9554
ETHUSDT,240,ADX14_EMA8_21,86.0361
ETHUSDT,240,BB_10_2_RSI14,82.8147
ETHUSDT,240,BB_10_2_breakout,87.7318
ETHUSDT,240,BB_20_25_ADX20,85.2691
ETHUSDT,240,BB_20_25_ADX25,86.4811
ETHUSDT,240,BB_20_25_EMA100,85.9902
ETHUSDT,240,BB_20_25_EMA200,86.034
ETHUSDT,240,BB_20_25_EMA50,87.1482
ETHUSDT,240,BB_20_25_MACD,84.1366
ETHUSDT,240,BB_20_25_RSI14,85.254
ETHUSDT,240,BB_20_25_RSI14_55,85.254
ETHUSDT,240,BB_20_25_SQ,84.8881
ETHUSDT,240,BB_20_25_VOL12,82.7754
ETHUSDT,240,BB_20_25_breakout,85.254
ETHUSDT,240,BB_20_25_revert,86.4089
ETHUSDT,240,BB_20_2_ADX20,83.3206
ETHUSDT,240,BB_20_2_EMA100,85.8778
ETHUSDT,240,BB_20_2_EMA200,86.9563
ETHUSDT,240,BB_20_2_EMA50,88.1117
ETHUSDT,240,BB_20_2_MACD,88.9628
ETHUSDT,240,BB_20_2_RSI14,88.1117
ETHUSDT,240,BB_20_2_RSI14_55,84.5558
ETHUSDT,240,BB_20_2_RSI7_50,83.18
ETHUSDT,240,BB_20_2_SQ,85.2949
ETHUSDT,240,BB_20_2_VOL12,88.5277
ETHUSDT,240,BB_20_2_breakout,88.1117
ETHUSDT,240,BB_20_2_mid,83.2979
ETHUSDT,240,BB_20_2_revert,82.3447
ETHUSDT,240,EMA3_13_34_100,85.9526
ETHUSDT,240,EMA3_13_50_200,90.1915
ETHUSDT,240,EMA3_21_50_200,87.5495
ETHUSDT,240,EMA3_8_21_100,88.686
ETHUSDT,240,EMA3_8_21_50,87.3738
ETHUSDT,240,EMA3_8_34_100,89.1156
ETHUSDT,240,EMA_13_34,85.7831
ETHUSDT,240,EMA_13_34_RSI14_55,87.4381
ETHUSDT,240,EMA_13_34_RSI7_55,85.8748
ETHUSDT,240,EMA_13_34_VOL12,89.8554
ETHUSDT,240,EMA_13_50,86.7881
ETHUSDT,240,EMA_21_100,85.9258
ETHUSDT,240,EMA_21_50,86.9879
ETHUSDT,240,EMA_21_50_RSI14_55,86.0835
ETHUSDT,240,EMA_34_100,86.9652
ETHUSDT,240,EMA_50_200,87.4132
ETHUSDT,240,EMA_8_21,88.0792
ETHUSDT,240,EMA_8_21_RSI14_55,86.9716
ETHUSDT,240,EMA_8_21_RSI14_60,84.9476
ETHUSDT,240,EMA_8_21_VOL12,87.033
ETHUSDT,240,EMA_8_21_VOL15,87.5604
ETHUSDT,240,EMA_8_34,85.1011
ETHUSDT,240,EMA_8_34_RSI14_60,83.021
ETHUSDT,240,EMA_BB_ADX_13_34,88.4074
ETHUSDT,240,EMA_BB_ADX_8_21,83.7702
ETHUSDT,240,MACD_12_26_hist,85.5269
ETHUSDT,240,MACD_12_26_sig,85.5269
ETHUSDT,240,MACD_8_21_hist,83.5087
ETHUSDT,240,MACD_8_21_sig,83.5087
ETHUSDT,240,MACD_RSI14_50,84.2313
ETHUSDT,240,MACD_RSI14_55,82.575
ETHUSDT,240,MACD_RSI7_50,83.3725
ETHUSDT,240,MACD_RSI7_55,81.6221
ETHUSDT,240,RSI14_6535,85.3537
ETHUSDT,240,RSI14_7030,81.9681
ETHUSDT,240,RSI14_trend50,80.9709
ETHUSDT,240,RSI21_7030,86.2286
ETHUSDT,240,RSI7_6535,82.7851
ETHUSDT,240,RSI7_trend50,80.6238
ETHUSDT,240,STOCH14_EMA13_34,83.7933
ETHUSDT,240,STOCH14_EMA8_21,84.6662
ETHUSDT,240,STOCH14_cross,83.9139
ETHUSDT,240,STOCH5_cross,82.8531
ETHUSDT,240,TS_13_34_100_14,89.1259
ETHUSDT,240,TS_13_34_200_14,87.3649
ETHUSDT,240,TS_8_21_100_14,86.9427
ETHUSDT,240,TS_8_21_50_14,84.4409
ETHUSDT,60,ADX14_DI_20,82.9347
ETHUSDT,60,ADX14_DI_25,80.9229
ETHUSDT,60,ADX14_EMA13_34,81.1883
ETHUSDT,60,ADX14_EMA21_50,82.3612
ETHUSDT,60,ADX14_EMA8_21,80.22
ETHUSDT,60,BB_10_2_RSI14,85.9456
ETHUSDT,60,BB_10_2_breakout,81.5059
ETHUSDT,60,BB_20_25_ADX20,81.6546
ETHUSDT,60,BB_20_25_ADX25,86.7142
ETHUSDT,60,BB_20_25_EMA100,83.9075
ETHUSDT,60,BB_20_25_EMA200,87.1962
ETHUSDT,60,BB_20_25_EMA50,81.6381
ETHUSDT,60,BB_20_25_MACD,81.6546
ETHUSDT,60,BB_20_25_RSI14,81.6546
ETHUSDT,60,BB_20_25_RSI14_55,81.6546
ETHUSDT,60,BB_20_25_SQ,85.8646
ETHUSDT,60,BB_20_25_VOL12,82.4314
ETHUSDT,60,BB_20_25_breakout,81.6546
ETHUSDT,60,BB_20_25_revert,83.3772
ETHUSDT,60,BB_20_2_ADX20,81.8257
ETHUSDT,60,BB_20_2_EMA100,86.1958
ETHUSDT,60,BB_20_2_EMA200,81.8616
ETHUSDT,60,BB_20_2_EMA50,84.2993
ETHUSDT,60,BB_20_2_MACD,82.1732
ETHUSDT,60,BB_20_2_RSI14,80.6776
ETHUSDT,60,BB_20_2_RSI14_55,80.6776
ETHUSDT,60,BB_20_2_RSI7_50,80.6776
ETHUSDT,60,BB_20_2_SQ,84.5235
ETHUSDT,60,BB_20_2_VOL12,84.6147
ETHUSDT,60,BB_20_2_breakout,80.6776
ETHUSDT,60,BB_20_2_mid,80.7657
ETHUSDT,60,BB_20_2_revert,87.4076
ETHUSDT,60,EMA3_13_34_100,86.5517
ETHUSDT,60,EMA3_13_50_200,86.7218
ETHUSDT,60,EMA3_21_50_200,86.6608
ETHUSDT,60,EMA3_8_21_100,83.8075
ETHUSDT,60,EMA3_8_21_50,83.8028
ETHUSDT,60,EMA3_8_34_100,84.8857
ETHUSDT,60,EMA_13_34,84.082
ETHUSDT,60,EMA_13_34_RSI14_55,82.1678
ETHUSDT,60,EMA_13_34_RSI7_55,83.545
ETHUSDT,60,EMA_13_34_VOL12,86.1452
ETHUSDT,60,EMA_13_50,82.1752
ETHUSDT,60,EMA_21_100,89.3409
ETHUSDT,60,EMA_21_50,82.1826
ETHUSDT,60,EMA_21_50_RSI14_55,82.3018
ETHUSDT,60,EMA_34_100,88.9059
ETHUSDT,60,EMA_50_200,88.2889
ETHUSDT,60,EMA_8_21,85.387
ETHUSDT,60,EMA_8_21_RSI14_55,81.6011
ETHUSDT,60,EMA_8_21_RSI14_60,80.9309
ETHUSDT,60,EMA_8_21_VOL12,81.2584
ETHUSDT,60,EMA_8_21_VOL15,82.9229
ETHUSDT,60,EMA_8_34,82.9932
ETHUSDT,60,EMA_8_34_RSI14_60,87.2679
ETHUSDT,60,EMA_BB_ADX_13_34,81.7683
ETHUSDT,60,EMA_BB_ADX_8_21,81.3654
ETHUSDT,60,MACD_12_26_hist,82.6855
ETHUSDT,60,MACD_12_26_sig,82.6855
ETHUSDT,60,MACD_8_21_hist,80.0847
ETHUSDT,60,MACD_8_21_sig,80.0847
ETHUSDT,60,MACD_RSI14_50,81.0782
ETHUSDT,60,MACD_RSI14_55,80.6975
ETHUSDT,60,MACD_RSI7_50,80.0109
ETHUSDT,60,MACD_RSI7_55,80.4644
ETHUSDT,60,RSI14_6535,81.5186
ETHUSDT,60,RSI14_7030,86.1076
ETHUSDT,60,RSI14_trend50,82.2379
ETHUSDT,60,RSI21_7030,84.4022
ETHUSDT,60,RSI7_6535,83.6405
ETHUSDT,60,RSI7_trend50,82.9504
ETHUSDT,60,STOCH14_EMA13_34,85.9404
ETHUSDT,60,STOCH14_EMA8_21,87.4883
ETHUSDT,60,STOCH14_cross,81.1755
ETHUSDT,60,STOCH5_cross,81.006
ETHUSDT,60,TS_13_34_100_14,85.0323
ETHUSDT,60,TS_13_34_200_14,85.7267
ETHUSDT,60,TS_8_21_100_14,84.0788
ETHUSDT,60,TS_8_21_50_14,82.515
BTCUSDT,240,ADX14_DI_20,84.0495
BTCUSDT,240,ADX14_DI_25,84.2572
BTCUSDT,240,ADX14_EMA13_34,84.1975
BTCUSDT,240,ADX14_EMA21_50,86.7291
BTCUSDT,240,ADX14_EMA8_21,81.811
BTCUSDT,240,BB_10_2_RSI14,80.5446
BTCUSDT,240,BB_10_2_breakout,85.319
BTCUSDT,240,BB_20_25_ADX20,84.48
BTCUSDT,240,BB_20_25_ADX25,82.3781
BTCUSDT,240,BB_20_25_EMA100,83.3425
BTCUSDT,240,BB_20_25_EMA200,86.2762
BTCUSDT,240,BB_20_25_EMA50,82.0511
BTCUSDT,240,BB_20_25_MACD,81.8653
BTCUSDT,240,BB_20_25_RSI14,82.3079
BTCUSDT,240,BB_20_25_RSI14_55,82.3079
BTCUSDT,240,BB_20_25_SQ,82.4696
BTCUSDT,240,BB_20_25_VOL12,81.3237
BTCUSDT,240,BB_20_25_breakout,82.3079
BTCUSDT,240,BB_20_25_revert,85.5438
BTCUSDT,240,BB_20_2_ADX20,82.8572
BTCUSDT,240,BB_20_2_EMA100,84.3491
BTCUSDT,240,BB_20_2_EMA200,83.3333
BTCUSDT,240,BB_20_2_EMA50,83.7063
BTCUSDT,240,BB_20_2_MACD,84.1125
BTCUSDT,240,BB_20_2_RSI14,84.6437
BTCUSDT,240,BB_20_2_RSI14_55,84.6437
BTCUSDT,240,BB_20_2_RSI7_50,83.1493
BTCUSDT,240,BB_20_2_SQ,86.558
BTCUSDT,240,BB_20_2_VOL12,81.7637
BTCUSDT,240,BB_20_2_breakout,84.6437
BTCUSDT,240,BB_20_2_mid,82.0387
BTCUSDT,240,BB_20_2_revert,84.3093
BTCUSDT,240,EMA3_13_34_100,84.0523
BTCUSDT,240,EMA3_13_50_200,88.1133
BTCUSDT,240,EMA3_21_50_200,88.2166
BTCUSDT,240,EMA3_8_21_100,85.0337
BTCUSDT,240,EMA3_8_21_50,84.5882
BTCUSDT,240,EMA3_8_34_100,84.5526
BTCUSDT,240,EMA_13_34,81.7258
BTCUSDT,240,EMA_13_34_RSI14_55,84.5089
BTCUSDT,240,EMA_13_34_RSI7_55,88.0012
BTCUSDT,240,EMA_13_34_VOL12,88.6304
BTCUSDT,240,EMA_13_50,82.5175
BTCUSDT,240,EMA_21_100,83.4787
BTCUSDT,240,EMA_21_50,88.1849
BTCUSDT,240,EMA_21_50_RSI14_55,82.273
BTCUSDT,240,EMA_34_100,87.5407
BTCUSDT,240,EMA_50_200,84.402
BTCUSDT,240,EMA_8_21,83.0174
BTCUSDT,240,EMA_8_21_RSI14_55,85.5317
BTCUSDT,240,EMA_8_21_RSI14_60,86.6437
BTCUSDT,240,EMA_8_21_VOL12,83.0904
BTCUSDT,240,EMA_8_21_VOL15,81.9153
BTCUSDT,240,EMA_8_34,87.2425
BTCUSDT,240,EMA_8_34_RSI14_60,87.1182
BTCUSDT,240,EMA_BB_ADX_13_34,86.1451
BTCUSDT,240,EMA_BB_ADX_8_21,83.1048
BTCUSDT,240,MACD_12_26_hist,80.349
BTCUSDT,240,MACD_12_26_sig,80.349
BTCUSDT,240,MACD_8_21_hist,85.5057
BTCUSDT,240,MACD_8_21_sig,85.5057
BTCUSDT,240,MACD_RSI14_50,82.451
BTCUSDT,240,MACD_RSI14_55,85.4802
BTCUSDT,240,MACD_RSI7_50,81.2107
BTCUSDT,240,MACD_RSI7_55,82.5219
BTCUSDT,240,RSI14_6535,81.3929
BTCUSDT,240,RSI14_7030,86.3935
BTCUSDT,240,RSI14_trend50,86.6723
BTCUSDT,240,RSI21_7030,80.6123
BTCUSDT,240,RSI7_6535,84.1065
BTCUSDT,240,RSI7_trend50,81.1051
BTCUSDT,240,STOCH14_EMA13_34,83.2423
BTCUSDT,240,STOCH14_EMA8_21,86.0731
BTCUSDT,240,STOCH14_cross,81.7185
BTCUSDT,240,STOCH5_cross,81.2904
BTCUSDT,240,TS_13_34_100_14,87.3094
BTCUSDT,240,TS_13_34_200_14,86.2946
BTCUSDT,240,TS_8_21_100_14,84.498
BTCUSDT,240,TS_8_21_50_14,81.9622
BTCUSDT,60,ADX14_DI_20,82.8077
BTCUSDT,60,ADX14_DI_25,81.9301
BTCUSDT,60,ADX14_EMA13_34,84.7523
BTCUSDT,60,ADX14_EMA21_50,85.1699
BTCUSDT,60,ADX14_EMA8_21,83.238
BTCUSDT,60,BB_10_2_RSI14,85.1233
BTCUSDT,60,BB_10_2_breakout,81.5619
BTCUSDT,60,BB_20_25_ADX20,82.4126
BTCUSDT,60,BB_20_25_ADX25,84.586
BTCUSDT,60,BB_20_25_EMA100,85.9682
BTCUSDT,60,BB_20_25_EMA200,82.001
BTCUSDT,60,BB_20_25_EMA50,83.891
BTCUSDT,60,BB_20_25_MACD,86.3963
BTCUSDT,60,BB_20_25_RSI14,83.891
BTCUSDT,60,BB_20_25_RSI14_55,83.891
BTCUSDT,60,BB_20_25_SQ,83.8349
BTCUSDT,60,BB_20_25_VOL12,83.7906
BTCUSDT,60,BB_20_25_breakout,83.891
BTCUSDT,60,BB_20_25_revert,81.9368
BTCUSDT,60,BB_20_2_ADX20,81.9082
BTCUSDT,60,BB_20_2_EMA100,83.6636
BTCUSDT,60,BB_20_2_EMA200,85.8817
BTCUSDT,60,BB_20_2_EMA50,84.5907
BTCUSDT,60,BB_20_2_MACD,85.1825
BTCUSDT,60,BB_20_2_RSI14,83.2097
BTCUSDT,60,BB_20_2_RSI14_55,83.2097
BTCUSDT,60,BB_20_2_RSI7_50,83.2097
BTCUSDT,60,BB_20_2_SQ,82.8042
BTCUSDT,60,BB_20_2_VOL12,81.0118
BTCUSDT,60,BB_20_2_breakout,83.2097
BTCUSDT,60,BB_20_2_mid,80.6732
BTCUSDT,60,BB_20_2_revert,84.1603
BTCUSDT,60,EMA3_13_34_100,87.2622
BTCUSDT,60,EMA3_13_50_200,86.1005
BTCUSDT,60,EMA3_21_50_200,86.6604
BTCUSDT,60,EMA3_8_21_100,87.8436
BTCUSDT,60,EMA3_8_21_50,83.7174
BTCUSDT,60,EMA3_8_34_100,83.3003
BTCUSDT,60,EMA_13_34,83.4078
BTCUSDT,60,EMA_13_34_RSI14_55,81.9156
BTCUSDT,60,EMA_13_34_RSI7_55,84.1651
BTCUSDT,60,EMA_13_34_VOL12,86.4749
BTCUSDT,60,EMA_13_50,84.0548
BTCUSDT,60,EMA_21_100,84.1537
BTCUSDT,60,EMA_21_50,82.9431
BTCUSDT,60,EMA_21_50_RSI14_55,86.1776
BTCUSDT,60,EMA_34_100,88.3062
BTCUSDT,60,EMA_50_200,88.5041
BTCUSDT,60,EMA_8_21,87.2556
BTCUSDT,60,EMA_8_21_RSI14_55,82.6337
BTCUSDT,60,EMA_8_21_RSI14_60,82.1959
BTCUSDT,60,EMA_8_21_VOL12,85.0147
BTCUSDT,60,EMA_8_21_VOL15,85.4326
BTCUSDT,60,EMA_8_34,85.8606
BTCUSDT,60,EMA_8_34_RSI14_60,82.3431
BTCUSDT,60,EMA_BB_ADX_13_34,82.8717
BTCUSDT,60,EMA_BB_ADX_8_21,85.1357
BTCUSDT,60,MACD_12_26_hist,83.2617
BTCUSDT,60,MACD_12_26_sig,83.2617
BTCUSDT,60,MACD_8_21_hist,81.8832
BTCUSDT,60,MACD_8_21_sig,81.8832
BTCUSDT,60,MACD_RSI14_50,84.3779
BTCUSDT,60,MACD_RSI14_55,81.6361
BTCUSDT,60,MACD_RSI7_50,84.2867
BTCUSDT,60,MACD_RSI7_55,84.081
BTCUSDT,60,RSI14_6535,84.6839
BTCUSDT,60,RSI14_7030,88.0929
BTCUSDT,60,RSI14_trend50,82.8522
BTCUSDT,60,RSI21_7030,85.3109
BTCUSDT,60,RSI7_6535,81.5576
BTCUSDT,60,RSI7_trend50,81.7319
BTCUSDT,60,STOCH14_EMA13_34,86.1014
BTCUSDT,60,STOCH14_EMA8_21,84.8709
BTCUSDT,60,STOCH14_cross,82.5773
BTCUSDT,60,STOCH5_cross,81.1858
BTCUSDT,60,TS_13_34_100_14,85.261
BTCUSDT,60,TS_13_34_200_14,86.6106
BTCUSDT,60,TS_8_21_100_14,85.2177
BTCUSDT,60,TS_8_21_50_14,82.4386
XRPUSDT,240,ADX14_DI_20,82.19
XRPUSDT,240,ADX14_DI_25,84.4921
XRPUSDT,240,ADX14_EMA13_34,83.397
XRPUSDT,240,ADX14_EMA21_50,84.9876
XRPUSDT,240,ADX14_EMA8_21,83.7961
XRPUSDT,240,BB_10_2_RSI14,86.3716
XRPUSDT,240,BB_10_2_breakout,84.8559
XRPUSDT,240,BB_20_25_ADX20,86.5249
XRPUSDT,240,BB_20_25_ADX25,83.3858
XRPUSDT,240,BB_20_25_EMA100,86.1942
XRPUSDT,240,BB_20_25_EMA200,84.7278
XRPUSDT,240,BB_20_25_EMA50,86.5249
XRPUSDT,240,BB_20_25_MACD,86.5249
XRPUSDT,240,BB_20_25_RSI14,86.5249
XRPUSDT,240,BB_20_25_RSI14_55,86.5249
XRPUSDT,240,BB_20_25_SQ,80.6305
XRPUSDT,240,BB_20_25_VOL12,81.0791
XRPUSDT,240,BB_20_25_breakout,86.5249
XRPUSDT,240,BB_20_25_revert,84.5904
XRPUSDT,240,BB_20_2_ADX20,85.3702
XRPUSDT,240,BB_20_2_EMA100,80.8321
XRPUSDT,240,BB_20_2_EMA200,86.596
XRPUSDT,240,BB_20_2_EMA50,85.3702
XRPUSDT,240,BB_20_2_MACD,85.3702
XRPUSDT,240,BB_20_2_RSI14,85.3702
XRPUSDT,240,BB_20_2_RSI14_55,85.3702
XRPUSDT,240,BB_20_2_RSI7_50,85.3702
XRPUSDT,240,BB_20_2_SQ,85.5811
XRPUSDT,240,BB_20_2_VOL12,80.8003
XRPUSDT,240,BB_20_2_breakout,85.3702
XRPUSDT,240,BB_20_2_mid,81.7827
XRPUSDT,240,BB_20_2_revert,86.2592
XRPUSDT,240,EMA3_13_34_100,80.938
XRPUSDT,240,EMA3_13_50_200,84.9848
XRPUSDT,240,EMA3_21_50_200,80.249
XRPUSDT,240,EMA3_8_21_100,80.1238
XRPUSDT,240,EMA3_8_21_50,85.1048
XRPUSDT,240,EMA3_8_34_100,81.1515
XRPUSDT,240,EMA_13_34,84.2574
XRPUSDT,240,EMA_13_34_RSI14_55,84.0787
XRPUSDT,240,EMA_13_34_RSI7_55,85.6483
XRPUSDT,240,EMA_13_34_VOL12,81.411
XRPUSDT,240,EMA_13_50,82.062
XRPUSDT,240,EMA_21_100,86.6094
XRPUSDT,240,EMA_21_50,84.3033
XRPUSDT,240,EMA_21_50_RSI14_55,80.8424
XRPUSDT,240,EMA_34_100,81.2424
XRPUSDT,240,EMA_50_200,82.0486
XRPUSDT,240,EMA_8_21,83.9344
XRPUSDT,240,EMA_8_21_RSI14_55,84.9172
XRPUSDT,240,EMA_8_21_RSI14_60,84.8785
XRPUSDT,240,EMA_8_21_VOL12,86.7177
XRPUSDT,240,EMA_8_21_VOL15,81.1155
XRPUSDT,240,EMA_8_34,80.4259
XRPUSDT,240,EMA_8_34_RSI14_60,85.8999
XRPUSDT,240,EMA_BB_ADX_13_34,80.2683
XRPUSDT,240,EMA_BB_ADX_8_21,84.0096
XRPUSDT,240,MACD_12_26_hist,81.0117
XRPUSDT,240,MACD_12_26_sig,81.0117
XRPUSDT,240,MACD_8_21_hist,81.0538
XRPUSDT,240,MACD_8_21_sig,81.0538
XRPUSDT,240,MACD_RSI14_50,80.4662
XRPUSDT,240,MACD_RSI14_55,85.7825
XRPUSDT,240,MACD_RSI7_50,80.7213
XRPUSDT,240,MACD_RSI7_55,82.6636
XRPUSDT,240,RSI14_6535,84.6904
XRPUSDT,240,RSI14_7030,81.9604
XRPUSDT,240,RSI14_trend50,80.9488
XRPUSDT,240,RSI21_7030,86.6242
XRPUSDT,240,RSI7_6535,81.3444
XRPUSDT,240,RSI7_trend50,83.5548
XRPUSDT,240,STOCH14_EMA13_34,81.4146
XRPUSDT,240,STOCH14_EMA8_21,84.219
XRPUSDT,240,STOCH14_cross,81.3604
XRPUSDT,240,STOCH5_cross,83.1027
XRPUSDT,240,TS_13_34_100_14,81.2974
XRPUSDT,240,TS_13_34_200_14,82.9591
XRPUSDT,240,TS_8_21_100_14,83.0788
XRPUSDT,240,TS_8_21_50_14,86.5946
XRPUSDT,60,ADX14_DI_20,81.4906
XRPUSDT,60,ADX14_DI_25,83.6733
XRPUSDT,60,ADX14_EMA13_34,83.6054
XRPUSDT,60,ADX14_EMA21_50,86.0751
XRPUSDT,60,ADX14_EMA8_21,84.0726
XRPUSDT,60,BB_10_2_RSI14,81.7467
XRPUSDT,60,BB_10_2_breakout,83.1427
XRPUSDT,60,BB_20_25_ADX20,83.2444
XRPUSDT,60,BB_20_25_ADX25,82.3816
XRPUSDT,60,BB_20_25_EMA100,82.2964
XRPUSDT,60,BB_20_25_EMA200,81.3496
XRPUSDT,60,BB_20_25_EMA50,83.2635
XRPUSDT,60,BB_20_25_MACD,83.7807
XRPUSDT,60,BB_20_25_RSI14,83.2635
XRPUSDT,60,BB_20_25_RSI14_55,83.2635
XRPUSDT,60,BB_20_25_SQ,84.7638
XRPUSDT,60,BB_20_25_VOL12,84.9045
XRPUSDT,60,BB_20_25_breakout,83.2635
XRPUSDT,60,BB_20_25_revert,86.1672
XRPUSDT,60,BB_20_2_ADX20,81.193
XRPUSDT,60,BB_20_2_EMA100,85.3746
XRPUSDT,60,BB_20_2_EMA200,84.2708
XRPUSDT,60,BB_20_2_EMA50,81.6705
XRPUSDT,60,BB_20_2_MACD,82.305
XRPUSDT,60,BB_20_2_RSI14,82.305
XRPUSDT,60,BB_20_2_RSI14_55,82.6991
XRPUSDT,60,BB_20_2_RSI7_50,82.305
XRPUSDT,60,BB_20_2_SQ,86.5931
XRPUSDT,60,BB_20_2_VOL12,86.6206
XRPUSDT,60,BB_20_2_breakout,82.305
XRPUSDT,60,BB_20_2_mid,82.2259
XRPUSDT,60,BB_20_2_revert,81.6215
XRPUSDT,60,EMA3_13_34_100,85.0567
XRPUSDT,60,EMA3_13_50_200,81.8972
XRPUSDT,60,EMA3_21_50_200,86.3449
XRPUSDT,60,EMA3_8_21_100,84.9549
XRPUSDT,60,EMA3_8_21_50,82.0433
XRPUSDT,60,EMA3_8_34_100,86.8706
XRPUSDT,60,EMA_13_34,85.9518
XRPUSDT,60,EMA_13_34_RSI14_55,83.6815
XRPUSDT,60,EMA_13_34_RSI7_55,86.0556
XRPUSDT,60,EMA_13_34_VOL12,81.9847
XRPUSDT,60,EMA_13_50,82.8111
XRPUSDT,60,EMA_21_100,82.3857
XRPUSDT,60,EMA_21_50,81.6245
XRPUSDT,60,EMA_21_50_RSI14_55,84.1648
XRPUSDT,60,EMA_34_100,85.3004
XRPUSDT,60,EMA_50_200,85.1055
XRPUSDT,60,EMA_8_21,84.2055
XRPUSDT,60,EMA_8_21_RSI14_55,81.1873
XRPUSDT,60,EMA_8_21_RSI14_60,81.2349
XRPUSDT,60,EMA_8_21_VOL12,82.1708
XRPUSDT,60,EMA_8_21_VOL15,85.1422
XRPUSDT,60,EMA_8_34,83.2189
XRPUSDT,60,EMA_8_34_RSI14_60,82.47
XRPUSDT,60,EMA_BB_ADX_13_34,81.7661
XRPUSDT,60,EMA_BB_ADX_8_21,82.6183
XRPUSDT,60,MACD_12_26_hist,83.3921
XRPUSDT,60,MACD_12_26_sig,83.3921
XRPUSDT,60,MACD_8_21_hist,81.9169
XRPUSDT,60,MACD_8_21_sig,81.9169
XRPUSDT,60,MACD_RSI14_50,84.1611
XRPUSDT,60,MACD_RSI14_55,82.201
XRPUSDT,60,MACD_RSI7_50,84.0943
XRPUSDT,60,MACD_RSI7_55,82.4119
XRPUSDT,60,RSI14_6535,83.8677
XRPUSDT,60,RSI14_7030,83.5789
XRPUSDT,60,RSI14_trend50,81.7122
XRPUSDT,60,RSI21_7030,81.8672
XRPUSDT,60,RSI7_6535,82.6276
XRPUSDT,60,RSI7_trend50,84.1978
XRPUSDT,60,STOCH14_EMA13_34,84.1693
XRPUSDT,60,STOCH14_EMA8_21,83.8973
XRPUSDT,60,STOCH14_cross,81.4805
XRPUSDT,60,STOCH5_cross,81.5517
XRPUSDT,60,TS_13_34_100_14,81.1908
XRPUSDT,60,TS_13_34_200_14,82.6105
XRPUSDT,60,TS_8_21_100_14,84.6151
XRPUSDT,60,TS_8_21_50_14,84.3457
DOGEUSDT,240,ADX14_DI_20,82.268
DOGEUSDT,240,ADX14_DI_25,81.4158
DOGEUSDT,240,ADX14_EMA13_34,81.9861
DOGEUSDT,240,ADX14_EMA21_50,81.0013
DOGEUSDT,240,ADX14_EMA8_21,80.8071
DOGEUSDT,240,BB_10_2_RSI14,83.4567
DOGEUSDT,240,BB_10_2_breakout,81.6056
DOGEUSDT,240,BB_20_25_ADX20,83.6867
DOGEUSDT,240,BB_20_25_ADX25,84.7462
DOGEUSDT,240,BB_20_25_EMA100,80.7796
DOGEUSDT,240,BB_20_25_EMA200,80.1407
DOGEUSDT,240,BB_20_25_EMA50,80.7796
DOGEUSDT,240,BB_20_25_MACD,80.7796
DOGEUSDT,240,BB_20_25_RSI14,80.7796
DOGEUSDT,240,BB_20_25_RSI14_55,80.8858
DOGEUSDT,240,BB_20_25_SQ,84.7359
DOGEUSDT,240,BB_20_25_VOL12,81.9277
DOGEUSDT,240,BB_20_25_breakout,80.7796
DOGEUSDT,240,BB_20_25_revert,84.7846
DOGEUSDT,240,BB_20_2_ADX20,80.4728
DOGEUSDT,240,BB_20_2_EMA100,86.1893
DOGEUSDT,240,BB_20_2_EMA200,82.1351
DOGEUSDT,240,BB_20_2_EMA50,86.1893
DOGEUSDT,240,BB_20_2_MACD,86.1893
DOGEUSDT,240,BB_20_2_RSI14,86.1893
DOGEUSDT,240,BB_20_2_RSI14_55,80.6434
DOGEUSDT,240,BB_20_2_RSI7_50,80.2598
DOGEUSDT,240,BB_20_2_SQ,83.7462
DOGEUSDT,240,BB_20_2_VOL12,82.6252
DOGEUSDT,240,BB_20_2_breakout,86.1893
DOGEUSDT,240,BB_20_2_mid,82.7837
DOGEUSDT,240,BB_20_2_revert,86.8208
DOGEUSDT,240,EMA3_13_34_100,81.118
DOGEUSDT,240,EMA3_13_50_200,80.2478
DOGEUSDT,240,EMA3_21_50_200,80.2478
DOGEUSDT,240,EMA3_8_21_100,81.1044
DOGEUSDT,240,EMA3_8_21_50,85.2756
DOGEUSDT,240,EMA3_8_34_100,80.2679
DOGEUSDT,240,EMA_13_34,80.2595
DOGEUSDT,240,EMA_13_34_RSI14_55,86.3715
DOGEUSDT,240,EMA_13_34_RSI7_55,81.6123
DOGEUSDT,240,EMA_13_34_VOL12,80.9968
DOGEUSDT,240,EMA_13_50,80.1133
DOGEUSDT,240,EMA_21_100,86.1837
DOGEUSDT,240,EMA_21_50,81.0013
DOGEUSDT,240,EMA_21_50_RSI14_55,84.1482
DOGEUSDT,240,EMA_34_100,84.5345
DOGEUSDT,240,EMA_50_200,80.2478
DOGEUSDT,240,EMA_8_21,80.8894
DOGEUSDT,240,EMA_8_21_RSI14_55,80.2167
DOGEUSDT,240,EMA_8_21_RSI14_60,80.6275
DOGEUSDT,240,EMA_8_21_VOL12,81.8846
DOGEUSDT,240,EMA_8_21_VOL15,83.0206
DOGEUSDT,240,EMA_8_34,80.1848
DOGEUSDT,240,EMA_8_34_RSI14_60,82.6535
DOGEUSDT,240,EMA_BB_ADX_13_34,81.2157
DOGEUSDT,240,EMA_BB_ADX_8_21,82.9736
DOGEUSDT,240,MACD_12_26_hist,81.371
DOGEUSDT,240,MACD_12_26_sig,81.371
DOGEUSDT,240,MACD_8_21_hist,82.1492
DOGEUSDT,240,MACD_8_21_sig,82.1492
DOGEUSDT,240,MACD_RSI14_50,86.0769
DOGEUSDT,240,MACD_RSI14_55,86.6271
DOGEUSDT,240,MACD_RSI7_50,85.4083
DOGEUSDT,240,MACD_RSI7_55,82.3369
DOGEUSDT,240,RSI14_6535,87.0566
DOGEUSDT,240,RSI14_7030,85.5652
DOGEUSDT,240,RSI14_trend50,85.5075
DOGEUSDT,240,RSI21_7030,85.4929
DOGEUSDT,240,RSI7_6535,85.5049
DOGEUSDT,240,RSI7_trend50,80.874
DOGEUSDT,240,STOCH14_EMA13_34,85.162
DOGEUSDT,240,STOCH14_EMA8_21,86.3997
DOGEUSDT,240,STOCH14_cross,81.2271
DOGEUSDT,240,STOCH5_cross,84.1554
DOGEUSDT,240,TS_13_34_100_14,80.4365
DOGEUSDT,240,TS_13_34_200_14,80.3131
DOGEUSDT,240,TS_8_21_100_14,81.1638
DOGEUSDT,240,TS_8_21_50_14,82.4792
DOGEUSDT,60,ADX14_DI_20,82.6128
DOGEUSDT,60,ADX14_DI_25,84.3485
DOGEUSDT,60,ADX14_EMA13_34,85.3305
DOGEUSDT,60,ADX14_EMA21_50,84.3453
DOGEUSDT,60,ADX14_EMA8_21,81.706
DOGEUSDT,60,BB_10_2_RSI14,83.5793
DOGEUSDT,60,BB_10_2_breakout,83.2806
DOGEUSDT,60,BB_20_25_ADX20,84.0025
DOGEUSDT,60,BB_20_25_ADX25,85.8045
DOGEUSDT,60,BB_20_25_EMA100,82.0251
DOGEUSDT,60,BB_20_25_EMA200,84.948
DOGEUSDT,60,BB_20_25_EMA50,80.1051
DOGEUSDT,60,BB_20_25_MACD,80.1231
DOGEUSDT,60,BB_20_25_RSI14,80.1231
DOGEUSDT,60,BB_20_25_RSI14_55,80.1231
DOGEUSDT,60,BB_20_25_SQ,81.8492
DOGEUSDT,60,BB_20_25_VOL12,85.8986
DOGEUSDT,60,BB_20_25_breakout,80.1231
DOGEUSDT,60,BB_20_25_revert,85.1643
DOGEUSDT,60,BB_20_2_ADX20,81.6758
DOGEUSDT,60,BB_20_2_EMA100,85.4168
DOGEUSDT,60,BB_20_2_EMA200,81.0763
DOGEUSDT,60,BB_20_2_EMA50,80.9126
DOGEUSDT,60,BB_20_2_MACD,86.1499
DOGEUSDT,60,BB_20_2_RSI14,86.1499
DOGEUSDT,60,BB_20_2_RSI14_55,86.1499
DOGEUSDT,60,BB_20_2_RSI7_50,81.3268
DOGEUSDT,60,BB_20_2_SQ,80.5651
DOGEUSDT,60,BB_20_2_VOL12,85.5375
DOGEUSDT,60,BB_20_2_breakout,86.1499
DOGEUSDT,60,BB_20_2_mid,81.0508
DOGEUSDT,60,BB_20_2_revert,82.392
DOGEUSDT,60,EMA3_13_34_100,83.8552
DOGEUSDT,60,EMA3_13_50_200,85.1424
DOGEUSDT,60,EMA3_21_50_200,88.0503
DOGEUSDT,60,EMA3_8_21_100,82.2051
DOGEUSDT,60,EMA3_8_21_50,84.1362
DOGEUSDT,60,EMA3_8_34_100,86.0666
DOGEUSDT,60,EMA_13_34,81.974
DOGEUSDT,60,EMA_13_34_RSI14_55,83.0574
DOGEUSDT,60,EMA_13_34_RSI7_55,81.8973
DOGEUSDT,60,EMA_13_34_VOL12,84.3906
DOGEUSDT,60,EMA_13_50,84.4989
DOGEUSDT,60,EMA_21_100,84.745
DOGEUSDT,60,EMA_21_50,82.2475
DOGEUSDT,60,EMA_21_50_RSI14_55,85.5644
DOGEUSDT,60,EMA_34_100,86.8594
DOGEUSDT,60,EMA_50_200,87.5919
DOGEUSDT,60,EMA_8_21,85.8121
DOGEUSDT,60,EMA_8_21_RSI14_55,81.489
DOGEUSDT,60,EMA_8_21_RSI14_60,81.5611
DOGEUSDT,60,EMA_8_21_VOL12,81.4854
DOGEUSDT,60,EMA_8_21_VOL15,85.903
DOGEUSDT,60,EMA_8_34,85.4337
DOGEUSDT,60,EMA_8_34_RSI14_60,84.9965
DOGEUSDT,60,EMA_BB_ADX_13_34,80.732
DOGEUSDT,60,EMA_BB_ADX_8_21,82.7091
DOGEUSDT,60,MACD_12_26_hist,82.4043
DOGEUSDT,60,MACD_12_26_sig,82.4043
DOGEUSDT,60,MACD_8_21_hist,82.135
DOGEUSDT,60,MACD_8_21_sig,82.135
DOGEUSDT,60,MACD_RSI14_50,81.5701
DOGEUSDT,60,MACD_RSI14_55,82.9974
DOGEUSDT,60,MACD_RSI7_50,81.827
DOGEUSDT,60,MACD_RSI7_55,80.8038
DOGEUSDT,60,RSI14_6535,86.5603
DOGEUSDT,60,RSI14_7030,85.6717
DOGEUSDT,60,RSI14_trend50,80.5902
DOGEUSDT,60,RSI21_7030,82.3717
DOGEUSDT,60,RSI7_6535,81.0818
DOGEUSDT,60,RSI7_trend50,80.6283
DOGEUSDT,60,STOCH14_EMA13_34,82.4989
DOGEUSDT,60,STOCH14_EMA8_21,86.1297
DOGEUSDT,60,STOCH14_cross,81.3399
DOGEUSDT,60,STOCH5_cross,80.7814
DOGEUSDT,60,TS_13_34_100_14,84.1688
DOGEUSDT,60,TS_13_34_200_14,81.2698
DOGEUSDT,60,TS_8_21_100_14,81.3701
DOGEUSDT,60,TS_8_21_50_14,86.1898
