subset,target,cost_label,cost_bp_rt,cost_role,n,n_clusters,mean_bp,median_bp,trim10_bp,win_rate,ci_lo_bp,ci_hi_bp,p_one_sided_mean_gt0,mean_minus_ctrl_net_bp,mean_with_funding_bp,median_with_funding_bp,ci_lo_with_funding_bp,ci_hi_with_funding_bp,mean_funding_bp
all,+24h,owner_taker_9.92,9.920000000000002,primary,79,43,379.08152925485814,149.565640921774,265.74467896241583,0.5949367088607594,19.615675695475808,722.8212002518394,0.0174,332.87156872185994,342.4286191282759,112.033785161743,-1.9793877590035736,686.2485607509959,-37.12281923076918
all,+24h,owner_maker_5.12,5.12,primary_maker_bound,79,43,383.8815292548582,154.365640921774,270.54467896241584,0.6075949367088608,40.12412477480792,736.4907943689662,0.017,337.67156872185996,347.2286191282759,116.833785161743,-0.1534326798819714,694.23285519733,-37.12281923076918
all,+24h,stress_50,50.0,stress,79,43,339.00152925485816,109.48564092177399,225.66467896241585,0.569620253164557,-17.443549946126886,692.7741463432948,0.0318,292.79156872185996,,,,,
all,+24h,stress_75,75.0,stress,79,43,314.00152925485816,84.48564092177399,200.66467896241582,0.5443037974683544,-36.41815640959819,670.1683294231094,0.0416,267.79156872185996,,,,,
all,+24h,stress_100,100.0,stress,79,43,289.0015292548581,59.48564092177399,175.66467896241588,0.5316455696202531,-67.90350433440972,639.0886094922936,0.0566,242.79156872185993,,,,,
all,+24h,hist_ref_34_obsolete,34.0,historical_reference_obsolete,79,43,355.0015292548582,125.48564092177399,241.66467896241585,0.5822784810126582,4.146997114236361,703.6423388544792,0.0224,308.79156872185996,,,,,
all,+72h,owner_taker_9.92,9.920000000000002,primary,74,39,672.3203980028184,101.65295736272301,506.1641952599385,0.6081081081081081,2.8080951650360086,1366.9613401951458,0.0294,676.1989090702489,580.9730209757913,97.6575153967035,-93.52678233129963,1245.316581488233,-92.59871095890402
all,+72h,owner_maker_5.12,5.12,primary_maker_bound,74,39,677.1203980028183,106.452957362723,510.9641952599385,0.6216216216216216,23.942582207545644,1344.8956112712065,0.0228,680.9989090702488,585.7730209757914,102.45751539670351,-106.42921634089711,1257.6550477111816,-92.59871095890402
all,+72h,stress_50,50.0,stress,74,39,632.2403980028182,61.572957362723,466.0841952599385,0.5405405405405406,-28.82366289110199,1279.725595222777,0.0298,636.1189090702487,,,,,
all,+72h,stress_75,75.0,stress,74,39,607.2403980028183,36.572957362723,441.08419525993855,0.527027027027027,-67.1651176753949,1287.7998799608408,0.0418,611.1189090702487,,,,,
all,+72h,stress_100,100.0,stress,74,39,582.2403980028184,11.572957362723,416.08419525993844,0.5135135135135135,-79.56228336521743,1260.7072407715216,0.045,586.1189090702487,,,,,
all,+72h,hist_ref_34_obsolete,34.0,historical_reference_obsolete,74,39,648.2403980028184,77.572957362723,482.0841952599384,0.581081081081081,-30.156028705456603,1342.8785666634549,0.034,652.1189090702488,,,,,
all,mid,owner_taker_9.92,9.920000000000002,primary,80,44,618.4401369542887,107.60895762502301,561.8900654184148,0.5625,24.488057132486095,1220.8855595614252,0.0214,645.8873225792192,539.5552957042888,130.6363503590785,-70.12270790784122,1157.8089399780602,-79.88338354430368
all,mid,owner_maker_5.12,5.12,primary_maker_bound,80,44,623.2401369542886,112.40895762502298,566.6900654184149,0.5625,20.910618298360223,1223.0087683923318,0.0226,650.6873225792194,544.3552957042888,135.4363503590785,-99.4236613589046,1147.1262352460408,-79.88338354430368
all,mid,stress_50,50.0,stress,80,44,578.3601369542887,67.528957625023,521.8100654184149,0.5375,-22.83810750165283,1176.5295802629369,0.0286,605.8073225792194,,,,,
all,mid,stress_75,75.0,stress,80,44,553.3601369542885,42.528957625023,496.81006541841487,0.525,-49.98848514370558,1162.4304245555238,0.0398,580.8073225792193,,,,,
all,mid,stress_100,100.0,stress,80,44,528.3601369542886,17.52895762502299,471.81006541841487,0.5125,-75.1388197399553,1135.4886106383094,0.043,555.8073225792194,,,,,
all,mid,hist_ref_34_obsolete,34.0,historical_reference_obsolete,80,44,594.3601369542887,83.528957625023,537.8100654184149,0.55,-15.834761632988217,1190.7883379313766,0.0252,621.8073225792194,,,,,
all,eff-1h,owner_taker_9.92,9.920000000000002,primary,80,44,962.314987484532,609.6313476535679,833.8778392049918,0.6625,240.44935036824117,1715.5651478067987,0.0066,862.1780876102711,847.3592062345323,581.9874321356219,91.85601136745582,1626.7085733438125,-116.41091772151886
all,eff-1h,owner_maker_5.12,5.12,primary_maker_bound,80,44,967.1149874845321,614.431347653568,838.6778392049918,0.6625,241.41786712775945,1740.1918395537712,0.0062,866.9780876102709,852.1592062345322,586.787432135622,106.47349794467843,1659.7849358144852,-116.41091772151886
all,eff-1h,stress_50,50.0,stress,80,44,922.234987484532,569.551347653568,793.7978392049919,0.6625,175.3400493084156,1687.1290020759586,0.0114,822.0980876102711,,,,,
all,eff-1h,stress_75,75.0,stress,80,44,897.2349874845321,544.551347653568,768.7978392049916,0.6375,142.88250345018778,1656.3384347184162,0.0102,797.0980876102709,,,,,
all,eff-1h,stress_100,100.0,stress,80,44,872.234987484532,519.551347653568,743.7978392049919,0.625,147.5553325886156,1636.0045573200548,0.0124,772.098087610271,,,,,
all,eff-1h,hist_ref_34_obsolete,34.0,historical_reference_obsolete,80,44,938.2349874845321,585.551347653568,809.7978392049918,0.6625,201.43765458315687,1703.777760173706,0.0078,838.098087610271,,,,,
ex_migration,+24h,owner_taker_9.92,9.920000000000002,primary,68,35,458.57137924740175,196.89208875277302,357.40403538891513,0.6176470588235294,50.59192220008119,881.9492491838652,0.017,399.7515708823156,416.3494160121076,146.53171356800001,22.61674344020837,806.7187967283146,-42.22196323529406
ex_migration,+24h,owner_maker_5.12,5.12,primary_maker_bound,68,35,463.37137924740165,201.69208875277303,362.2040353889151,0.6176470588235294,74.92939720472874,869.9348783760247,0.0128,404.5515708823156,421.14941601210757,151.331713568,27.57553015710152,817.3991038724251,-42.22196323529406
ex_migration,+24h,stress_50,50.0,stress,68,35,418.49137924740177,156.81208875277298,317.3240353889151,0.5882352941176471,17.389380996999652,829.6238476902403,0.0222,359.67157088231556,,,,,
ex_migration,+24h,stress_75,75.0,stress,68,35,393.4913792474017,131.812088752773,292.3240353889151,0.5735294117647058,-5.993519394684928,806.6015446054231,0.0326,334.67157088231556,,,,,
ex_migration,+24h,stress_100,100.0,stress,68,35,368.49137924740165,106.812088752773,267.32403538891504,0.5588235294117647,-27.779436757363083,781.030579041298,0.0384,309.6715708823156,,,,,
ex_migration,+24h,hist_ref_34_obsolete,34.0,historical_reference_obsolete,68,35,434.49137924740165,172.812088752773,333.3240353889151,0.6029411764705882,21.130341882875616,847.7044906114137,0.0202,375.67157088231556,,,,,
ex_migration,+72h,owner_taker_9.92,9.920000000000002,primary,63,31,823.9369632638316,311.86898364234895,629.3347186607119,0.6031746031746031,49.654402401597636,1582.0676507397739,0.0148,817.944546003699,723.3719124701811,319.75618364234896,-21.187455402645067,1487.4370487268855,-100.56505079365073
ex_migration,+72h,owner_maker_5.12,5.12,primary_maker_bound,63,31,828.7369632638321,316.66898364234896,634.134718660712,0.6031746031746031,81.41934411036256,1596.5232689046297,0.0182,822.744546003699,728.171912470181,324.55618364234897,-27.91491073159374,1488.9473043131559,-100.56505079365073
ex_migration,+72h,stress_50,50.0,stress,63,31,783.8569632638317,271.78898364234897,589.254718660712,0.5555555555555556,45.66774769600574,1550.7497289007683,0.0212,777.8645460036988,,,,,
ex_migration,+72h,stress_75,75.0,stress,63,31,758.8569632638322,246.78898364234897,564.254718660712,0.5396825396825397,0.6645811296859896,1521.6395102595131,0.0264,752.8645460036993,,,,,
ex_migration,+72h,stress_100,100.0,stress,63,31,733.8569632638319,221.78898364234894,539.254718660712,0.5396825396825397,-18.287289345081376,1529.7377540255186,0.0344,727.864546003699,,,,,
ex_migration,+72h,hist_ref_34_obsolete,34.0,historical_reference_obsolete,63,31,799.8569632638316,287.78898364234897,605.2547186607119,0.5714285714285714,36.97410999314784,1567.1892391514343,0.0196,793.8645460036987,,,,,
ex_migration,mid,owner_taker_9.92,9.920000000000002,primary,68,35,752.1446812617908,296.3264668493365,708.9693828795284,0.6029411764705882,64.99405413593587,1415.0922944818155,0.012,765.1809380490103,663.912695967673,243.5985168493365,-53.20696684175896,1382.3102976182183,-88.23198529411755
ex_migration,mid,owner_maker_5.12,5.12,primary_maker_bound,68,35,756.9446812617907,301.1264668493365,713.7693828795284,0.6029411764705882,41.546841509957545,1442.7393311196172,0.0142,769.9809380490102,668.7126959676731,248.39851684933652,-45.953347920905045,1357.8555756909589,-88.23198529411755
ex_migration,mid,stress_50,50.0,stress,68,35,712.0646812617906,256.2464668493365,668.8893828795285,0.5882352941176471,7.99046472263621,1392.2142858380455,0.0204,725.1009380490102,,,,,
ex_migration,mid,stress_75,75.0,stress,68,35,687.0646812617907,231.2464668493365,643.8893828795285,0.5735294117647058,-1.8118345415659063,1371.649035277654,0.0248,700.1009380490104,,,,,
ex_migration,mid,stress_100,100.0,stress,68,35,662.0646812617906,206.24646684933649,618.8893828795285,0.5588235294117647,-32.118002399219804,1332.2351377120242,0.027,675.1009380490103,,,,,
ex_migration,mid,hist_ref_34_obsolete,34.0,historical_reference_obsolete,68,35,728.0646812617906,272.2464668493365,684.8893828795285,0.5882352941176471,18.44685102551098,1432.2618071789661,0.0212,741.1009380490103,,,,,
ex_migration,eff-1h,owner_taker_9.92,9.920000000000002,primary,68,35,1221.7503268329344,720.6419353325119,1077.1093578872426,0.6764705882352942,396.39453955100123,2073.4848423990315,0.0036,1124.8239065837104,1099.0266518329345,763.9950813109439,256.5942586290549,1961.6924480919145,-122.72367499999982
ex_migration,eff-1h,owner_maker_5.12,5.12,primary_maker_bound,68,35,1226.550326832934,725.441935332512,1081.9093578872428,0.6764705882352942,355.2854718917856,2094.196757673332,0.0024,1129.6239065837103,1103.8266518329342,768.7950813109439,254.12627920564404,1990.1288320379542,-122.72367499999982
ex_migration,eff-1h,stress_50,50.0,stress,68,35,1181.670326832934,680.5619353325119,1037.0293578872427,0.6764705882352942,365.370547879743,2047.3073910706623,0.004,1084.7439065837107,,,,,
ex_migration,eff-1h,stress_75,75.0,stress,68,35,1156.670326832934,655.5619353325119,1012.0293578872428,0.6617647058823529,321.4170331422982,2026.0905868411262,0.0038,1059.7439065837104,,,,,
ex_migration,eff-1h,stress_100,100.0,stress,68,35,1131.670326832934,630.561935332512,987.0293578872426,0.6470588235294118,288.25549896748544,1978.2995535664736,0.0056,1034.7439065837104,,,,,
ex_migration,eff-1h,hist_ref_34_obsolete,34.0,historical_reference_obsolete,68,35,1197.6703268329343,696.561935332512,1053.0293578872427,0.6764705882352942,372.441493121358,2062.4539361227344,0.003,1100.7439065837102,,,,,
bybit,+24h,owner_taker_9.92,9.920000000000002,primary,54,31,439.30816282072766,225.981436731135,347.9112687200367,0.6481481481481481,12.515605052627834,826.638497070681,0.0148,369.9326943026485,402.0580035614685,220.1469640256605,-20.93537230460466,790.6091159693771,-37.95299245283013
bybit,+24h,owner_maker_5.12,5.12,primary_maker_bound,54,31,444.1081628207276,230.78143673113502,352.7112687200367,0.6666666666666666,34.51412584556996,831.154252443793,0.012,374.7326943026484,406.85800356146837,224.94696402566052,-18.751683059143065,785.3684887674674,-37.95299245283013
bybit,+24h,stress_50,50.0,stress,54,31,399.2281628207276,185.901436731135,307.83126872003663,0.6481481481481481,-20.849664081191243,789.7306820951696,0.023,329.8526943026485,,,,,
bybit,+24h,stress_75,75.0,stress,54,31,374.2281628207275,160.901436731135,282.83126872003663,0.6111111111111112,-44.160137565688125,774.0788395260486,0.0334,304.85269430264844,,,,,
bybit,+24h,stress_100,100.0,stress,54,31,349.2281628207276,135.901436731135,257.8312687200367,0.5925925925925926,-64.8671982033883,748.3530476318933,0.0446,279.8526943026484,,,,,
bybit,+24h,hist_ref_34_obsolete,34.0,historical_reference_obsolete,54,31,415.2281628207277,201.901436731135,323.83126872003663,0.6481481481481481,-13.691077084465784,811.9044479275449,0.019,345.85269430264844,,,,,
bybit,+72h,owner_taker_9.92,9.920000000000002,primary,49,27,794.1901469933603,349.329314090037,675.7852052026649,0.6326530612244898,-122.43265857869454,1685.1299157376156,0.0416,735.432664155618,689.4272347484625,406.16299959895605,-228.08415926018188,1555.61975501936,-106.94547291666655
bybit,+72h,owner_maker_5.12,5.12,primary_maker_bound,49,27,798.9901469933603,354.129314090037,680.5852052026648,0.6530612244897959,-128.49544247155512,1689.8270707320655,0.0414,740.2326641556181,694.2272347484627,410.96299959895606,-250.444045827245,1559.1923535732608,-106.94547291666655
bybit,+72h,stress_50,50.0,stress,49,27,754.1101469933604,309.249314090037,635.7052052026647,0.5918367346938775,-178.33336884539833,1614.6385855281028,0.0468,695.3526641556182,,,,,
bybit,+72h,stress_75,75.0,stress,49,27,729.1101469933606,284.249314090037,610.7052052026648,0.5714285714285714,-218.79637855113808,1612.9084706788813,0.0556,670.3526641556181,,,,,
bybit,+72h,stress_100,100.0,stress,49,27,704.1101469933604,259.249314090037,585.7052052026647,0.5510204081632653,-235.4275959707744,1594.950128577545,0.0644,645.3526641556183,,,,,
bybit,+72h,hist_ref_34_obsolete,34.0,historical_reference_obsolete,49,27,770.1101469933603,325.249314090037,651.7052052026647,0.6326530612244898,-168.57221798839979,1645.8097351951362,0.0432,711.3526641556182,,,,,
bybit,mid,owner_taker_9.92,9.920000000000002,primary,55,32,620.9887284745007,281.160841580705,607.3889126101984,0.6,-111.60553175597667,1308.7389217807518,0.041,607.286615575678,545.197306656319,204.036192117968,-183.52854440090292,1219.1625994686772,-77.19496666666657
bybit,mid,owner_maker_5.12,5.12,primary_maker_bound,55,32,625.7887284745008,285.960841580705,612.1889126101985,0.6,-105.4928051362408,1284.553228374005,0.0324,612.0866155756779,549.9973066563189,208.836192117968,-189.74942938984535,1226.1548141059639,-77.19496666666657
bybit,mid,stress_50,50.0,stress,55,32,580.9087284745009,241.080841580705,567.3089126101984,0.5636363636363636,-140.1801977342233,1264.6166247938038,0.048,567.206615575678,,,,,
bybit,mid,stress_75,75.0,stress,55,32,555.9087284745008,216.080841580705,542.3089126101984,0.5636363636363636,-172.9760305624481,1236.7120167975293,0.0572,542.206615575678,,,,,
bybit,mid,stress_100,100.0,stress,55,32,530.9087284745007,191.080841580705,517.3089126101985,0.5454545454545454,-184.1099203387611,1215.7927927604235,0.0694,517.2066155756779,,,,,
bybit,mid,hist_ref_34_obsolete,34.0,historical_reference_obsolete,55,32,596.9087284745007,257.080841580705,583.3089126101985,0.5818181818181818,-130.0639528157444,1298.0952875180667,0.0496,583.206615575678,,,,,
bybit,eff-1h,owner_taker_9.92,9.920000000000002,primary,55,32,983.0733364739995,621.808933120396,868.8603710882904,0.7090909090909091,84.44171493365039,1874.0757849209724,0.0154,818.2302190669542,839.1674182921815,585.68576218674,-47.29064099552161,1745.5961950430378,-146.57084259259244
bybit,eff-1h,owner_maker_5.12,5.12,primary_maker_bound,55,32,987.8733364739994,626.6089331203959,873.6603710882903,0.7090909090909091,65.48502332013487,1908.3494360798747,0.0158,823.0302190669543,843.9674182921815,590.48576218674,-64.23706342777662,1738.465379386528,-146.57084259259244
bybit,eff-1h,stress_50,50.0,stress,55,32,942.9933364739995,581.7289331203959,828.7803710882904,0.7090909090909091,50.838336283516114,1828.5421637828208,0.0196,778.1502190669543,,,,,
bybit,eff-1h,stress_75,75.0,stress,55,32,917.9933364739996,556.7289331203959,803.7803710882904,0.6727272727272727,36.951736077529475,1849.0557117119918,0.0266,753.1502190669543,,,,,
bybit,eff-1h,stress_100,100.0,stress,55,32,892.9933364739996,531.7289331203959,778.7803710882905,0.6545454545454545,0.8398285634269202,1794.7989186004884,0.0266,728.1502190669545,,,,,
bybit,eff-1h,hist_ref_34_obsolete,34.0,historical_reference_obsolete,55,32,958.9933364739994,597.7289331203959,844.7803710882905,0.7090909090909091,61.010109661693924,1882.554533265902,0.0206,794.1502190669543,,,,,
binance,+24h,owner_taker_9.92,9.920000000000002,primary,25,12,248.9920007525802,-72.616130135953,85.18873334826965,0.48,-331.875753080842,1019.9005416997082,0.2398,255.78442751381994,213.6291487525803,-144.20787146850404,-383.340481811994,922.2366998441672,-35.362851999999954
binance,+24h,owner_maker_5.12,5.12,primary_maker_bound,25,12,253.7920007525802,-67.816130135953,89.98873334826966,0.48,-340.78901023846447,1007.91281973881,0.2344,260.58442751381983,218.42914875258023,-139.407871468504,-358.04206693516124,952.4493830705244,-35.362851999999954
binance,+24h,stress_50,50.0,stress,25,12,208.91200075258018,-112.696130135953,45.10873334826963,0.4,-392.0735074880598,946.7713865255432,0.28,215.70442751381992,,,,,
binance,+24h,stress_75,75.0,stress,25,12,183.9120007525802,-137.69613013595298,20.108733348269695,0.4,-432.70480021302046,932.7702427166471,0.286,190.70442751381992,,,,,
binance,+24h,stress_100,100.0,stress,25,12,158.91200075258018,-162.696130135953,-4.891266651730288,0.4,-427.06407856245465,892.4731224687929,0.3166,165.70442751381992,,,,,
binance,+24h,hist_ref_34_obsolete,34.0,historical_reference_obsolete,25,12,224.91200075258018,-96.69613013595298,61.10873334826965,0.44,-369.3513897089262,939.1024156394038,0.2572,231.70442751381984,,,,,
binance,+72h,owner_taker_9.92,9.920000000000002,primary,25,12,433.4556899813558,18.950463936088997,188.3229694182334,0.56,-254.31441046608583,1364.9691561722575,0.1458,564.8394495097543,368.4027619813559,13.871860131707995,-362.9733254291246,1242.430017693865,-65.052928
binance,+72h,owner_maker_5.12,5.12,primary_maker_bound,25,12,438.2556899813559,23.750463936089,193.12296941823342,0.56,-254.46115939748157,1356.6472121043373,0.1504,569.6394495097544,373.2027619813558,18.671860131707998,-334.95324731300775,1222.694829294451,-65.052928
binance,+72h,stress_50,50.0,stress,25,12,393.3756899813558,-21.129536063911,148.2429694182334,0.44,-309.0721107141329,1273.9841232848983,0.1764,524.7594495097543,,,,,
binance,+72h,stress_75,75.0,stress,25,12,368.3756899813559,-46.129536063911,123.2429694182334,0.44,-307.7469317989618,1244.2028561898724,0.1852,499.75944950975446,,,,,
binance,+72h,stress_100,100.0,stress,25,12,343.3756899813559,-71.129536063911,98.24296941823343,0.44,-326.19987160292806,1261.1974479565538,0.2086,474.75944950975446,,,,,
binance,+72h,hist_ref_34_obsolete,34.0,historical_reference_obsolete,25,12,409.3756899813559,-5.129536063910996,164.24296941823346,0.48,-294.63685006641384,1289.2089925449318,0.1644,540.7594495097544,,,,,
binance,mid,owner_taker_9.92,9.920000000000002,primary,25,12,612.8332356098222,-15.180112687691004,501.0930890882918,0.48,-445.94335845032066,1821.688690513146,0.1482,727.7208214267271,527.1428716098222,-18.415712687690004,-555.4086582526755,1789.6138849516942,-85.69036399999992
binance,mid,owner_maker_5.12,5.12,primary_maker_bound,25,12,617.6332356098221,-10.380112687691,505.8930890882916,0.48,-422.26534303369726,1850.8124820526325,0.1558,732.520821426727,531.9428716098222,-13.61571268769,-557.2991465454144,1775.7615512241996,-85.69036399999992
binance,mid,stress_50,50.0,stress,25,12,572.753235609822,-55.260112687691,461.01308908829174,0.48,-468.5393249022087,1838.8885724591194,0.1754,687.6408214267271,,,,,
binance,mid,stress_75,75.0,stress,25,12,547.7532356098221,-80.260112687691,436.0130890882917,0.44,-504.59495624596826,1761.6022715219544,0.1798,662.6408214267271,,,,,
binance,mid,stress_100,100.0,stress,25,12,522.753235609822,-105.260112687691,411.0130890882916,0.44,-530.0071109189201,1767.1057048566272,0.1878,637.640821426727,,,,,
binance,mid,hist_ref_34_obsolete,34.0,historical_reference_obsolete,25,12,588.7532356098221,-39.260112687691,477.01308908829174,0.48,-444.03169990228264,1825.1793347332605,0.1654,703.6408214267271,,,,,
binance,eff-1h,owner_taker_9.92,9.920000000000002,primary,25,12,916.6466197077035,543.1731575308941,808.3325334354458,0.56,-293.7130187969759,2398.519172778121,0.1,955.3475689221023,865.3811397077037,542.063957530895,-418.7495416318667,2371.300319721933,-51.26548
binance,eff-1h,owner_maker_5.12,5.12,primary_maker_bound,25,12,921.4466197077036,547.973157530894,813.1325334354458,0.56,-276.9162938958291,2333.251497052748,0.0976,960.1475689221023,870.1811397077033,546.8639575308949,-442.8038599208214,2341.6175278118385,-51.26548
binance,eff-1h,stress_50,50.0,stress,25,12,876.5666197077034,503.093157530894,768.2525334354458,0.56,-323.0193812487752,2294.090314786738,0.1158,915.2675689221022,,,,,
binance,eff-1h,stress_75,75.0,stress,25,12,851.5666197077035,478.093157530894,743.2525334354458,0.56,-397.6052915525377,2277.4904493832364,0.1218,890.2675689221023,,,,,
binance,eff-1h,stress_100,100.0,stress,25,12,826.5666197077035,453.093157530894,718.2525334354459,0.56,-400.93500007490854,2247.1773802614453,0.1154,865.2675689221023,,,,,
binance,eff-1h,hist_ref_34_obsolete,34.0,historical_reference_obsolete,25,12,892.5666197077036,519.093157530894,784.2525334354458,0.56,-385.0492507702785,2312.594984385991,0.1012,931.2675689221023,,,,,
tokens_ex_migration_ex_index,+24h,owner_taker_9.92,9.920000000000002,primary,66,34,470.14139062067454,196.89208875277302,367.7982217392675,0.6212121212121212,63.232902837137935,885.4726579015253,0.0128,428.27903933941195,426.4827239540079,146.53171356800001,21.051870089804215,835.6680530117312,-43.658666666666626
tokens_ex_migration_ex_index,+24h,owner_maker_5.12,5.12,primary_maker_bound,66,34,474.94139062067444,201.69208875277303,372.59822173926744,0.6212121212121212,71.1871354986087,888.782251053523,0.0128,433.07903933941196,431.2827239540079,151.331713568,27.403509110388832,840.5042210777407,-43.658666666666626
tokens_ex_migration_ex_index,+24h,stress_50,50.0,stress,66,34,430.06139062067456,156.81208875277298,327.71822173926745,0.5909090909090909,17.923375349039677,851.5919726793868,0.0228,388.19903933941197,,,,,
tokens_ex_migration_ex_index,+24h,stress_75,75.0,stress,66,34,405.0613906206745,131.812088752773,302.7182217392675,0.5757575757575758,-6.852755455215694,828.5459226376357,0.0302,363.199039339412,,,,,
tokens_ex_migration_ex_index,+24h,stress_100,100.0,stress,66,34,380.0613906206745,106.812088752773,277.7182217392675,0.5606060606060606,-48.472721781887635,792.5573528611875,0.0342,338.199039339412,,,,,
tokens_ex_migration_ex_index,+24h,hist_ref_34_obsolete,34.0,historical_reference_obsolete,66,34,446.0613906206745,172.812088752773,343.71822173926756,0.6060606060606061,37.72948569998826,875.7011344235743,0.0218,404.199039339412,,,,,
tokens_ex_migration_ex_index,+72h,owner_taker_9.92,9.920000000000002,primary,61,30,884.1775599627133,323.591280749375,696.3851657918455,0.6229508196721312,112.2828555020639,1645.577870959311,0.013,847.3642388701801,779.2869796348447,339.075989032846,0.9043107940715791,1555.355691758681,-104.89058032786876
tokens_ex_migration_ex_index,+72h,owner_maker_5.12,5.12,primary_maker_bound,61,30,888.9775599627135,328.391280749375,701.1851657918454,0.6229508196721312,124.83883432035506,1685.35210967565,0.0144,852.1642388701802,784.0869796348449,343.875989032846,7.754987737846546,1549.8519041816307,-104.89058032786876
tokens_ex_migration_ex_index,+72h,stress_50,50.0,stress,61,30,844.0975599627135,283.511280749375,656.3051657918453,0.5737704918032787,66.43543228298311,1623.6795422514647,0.0168,807.28423887018,,,,,
tokens_ex_migration_ex_index,+72h,stress_75,75.0,stress,61,30,819.0975599627135,258.51128074937503,631.3051657918454,0.5573770491803278,51.94080260429818,1615.6743981139332,0.0218,782.2842388701799,,,,,
tokens_ex_migration_ex_index,+72h,stress_100,100.0,stress,61,30,794.0975599627134,233.511280749375,606.3051657918454,0.5573770491803278,50.492141882301446,1567.5218770751287,0.0206,757.28423887018,,,,,
tokens_ex_migration_ex_index,+72h,hist_ref_34_obsolete,34.0,historical_reference_obsolete,61,30,860.0975599627133,299.51128074937503,672.3051657918455,0.5901639344262295,85.53777339449394,1623.2593726286282,0.0152,823.2842388701798,,,,,
tokens_ex_migration_ex_index,mid,owner_taker_9.92,9.920000000000002,primary,66,34,798.4438940460376,314.39270614825693,763.9582244905613,0.6212121212121212,79.73988513128009,1506.3116073778865,0.0132,798.6762557131982,706.3196349551284,306.1222308796255,-35.2585894224192,1414.5930776896425,-92.12425909090899
tokens_ex_migration_ex_index,mid,owner_maker_5.12,5.12,primary_maker_bound,66,34,803.2438940460374,319.19270614825706,768.7582244905614,0.6212121212121212,101.43891196977258,1507.4240636999398,0.0118,803.476255713198,711.1196349551286,310.9222308796255,-8.324333171434048,1422.0735661291926,-92.12425909090899
tokens_ex_migration_ex_index,mid,stress_50,50.0,stress,66,34,758.3638940460374,274.312706148257,723.8782244905611,0.6060606060606061,46.80950187460472,1461.9209176571562,0.0172,758.5962557131983,,,,,
tokens_ex_migration_ex_index,mid,stress_75,75.0,stress,66,34,733.3638940460374,249.31270614825698,698.8782244905613,0.5909090909090909,23.195582363651432,1407.834843665121,0.0172,733.596255713198,,,,,
tokens_ex_migration_ex_index,mid,stress_100,100.0,stress,66,34,708.3638940460376,224.31270614825698,673.8782244905613,0.5757575757575758,-24.498535944364058,1410.7165762637887,0.0238,708.5962557131982,,,,,
tokens_ex_migration_ex_index,mid,hist_ref_34_obsolete,34.0,historical_reference_obsolete,66,34,774.3638940460377,290.312706148257,739.8782244905613,0.6060606060606061,41.63240342528505,1483.114252117558,0.0152,774.5962557131982,,,,,
tokens_ex_migration_ex_index,eff-1h,owner_taker_9.92,9.920000000000002,primary,66,34,1313.798922817928,822.4005037250334,1181.3311113737334,0.696969696969697,470.9114939691991,2195.2381382693334,0.0014,1156.0676570156004,1183.7576031209587,842.058912808841,323.74157532956235,2077.1595975214645,-130.04131969696948
tokens_ex_migration_ex_index,eff-1h,owner_maker_5.12,5.12,primary_maker_bound,66,34,1318.5989228179276,827.2005037250335,1186.1311113737338,0.696969696969697,474.28576467899023,2158.748630685736,0.0016,1160.8676570156003,1188.5576031209584,846.8589128088411,318.26628764684006,2067.369872051504,-130.04131969696948
tokens_ex_migration_ex_index,eff-1h,stress_50,50.0,stress,66,34,1273.7189228179277,782.3205037250334,1141.2511113737337,0.696969696969697,427.7253803658449,2177.59186797486,0.0014,1115.9876570156007,,,,,
tokens_ex_migration_ex_index,eff-1h,stress_75,75.0,stress,66,34,1248.7189228179282,757.3205037250334,1116.2511113737337,0.6818181818181818,389.3369645765658,2142.2917818687283,0.003,1090.9876570156002,,,,,
tokens_ex_migration_ex_index,eff-1h,stress_100,100.0,stress,66,34,1223.7189228179277,732.3205037250335,1091.2511113737335,0.6666666666666666,393.3566924479282,2065.9459895723226,0.003,1065.9876570156005,,,,,
tokens_ex_migration_ex_index,eff-1h,hist_ref_34_obsolete,34.0,historical_reference_obsolete,66,34,1289.7189228179282,798.3205037250335,1157.2511113737332,0.696969696969697,436.9918833032086,2161.7774131586093,0.0016,1131.9876570156005,,,,,
