group,symbol,interval,strategy,mask_mode,cooldown_candles,max_sl_pct,n_calls,net_pnl,gross_pnl,total_costs,win_rate,n_trades,n_initial_sl_exits,sum_wins,n_wins,sum_losses,n_losses,mean_bars_held,exit_initial_sl,exit_trailing_sl,exit_signal_reverse,exit_end_of_data,max_drawdown_pct,final_equity,survived,seconds
donchian,SOLUSDT,240,DONCHIAN_20,none,0,0.03,47,-400.851986,-305.820905,95.031081,29.29,297,138,86.402009,87,-487.253995,210,2.19,138,157,2,0,80.2559,99.148014,False,0.23
donchian,SOLUSDT,240,DONCHIAN_20,one_shot,0,0.03,47,-49.132524,-34.392608,14.739916,41.3,46,21,22.879826,19,-72.01235,27,3.17,21,25,0,0,10.1381,450.867476,True,0.16
donchian,SOLUSDT,240,DONCHIAN_55,none,0,0.03,20,-401.940218,-315.062052,86.878166,25.74,272,134,70.131154,70,-472.071372,202,2.2,134,138,0,0,80.388,98.059782,False,0.26
donchian,SOLUSDT,240,DONCHIAN_55,one_shot,0,0.03,20,-26.474042,-20.063104,6.410938,35.0,20,8,2.411994,7,-28.886036,13,2.85,8,12,0,0,5.5007,473.525958,True,0.18
donchian,SOLUSDT,240,DONCHIAN_PULLBACK_20,none,0,0.03,34,-400.751409,-310.144566,90.606843,29.33,283,140,90.376787,83,-491.128196,200,2.47,140,142,1,0,80.1503,99.248591,False,0.1
donchian,SOLUSDT,240,DONCHIAN_PULLBACK_20,one_shot,0,0.03,34,-25.880813,-14.987313,10.8935,47.06,34,12,17.200218,16,-43.081031,18,3.74,12,22,0,0,5.8264,474.119187,True,0.09
donchian,SOLUSDT,240,DONCHIAN_PULLBACK_55,none,0,0.03,14,-401.585479,-315.011485,86.573995,25.09,271,133,71.915171,68,-473.50065,203,2.51,133,138,0,0,80.3851,98.414521,False,0.1
donchian,SOLUSDT,240,DONCHIAN_PULLBACK_55,one_shot,0,0.03,14,-24.532566,-20.044259,4.488307,28.57,14,8,2.851879,4,-27.384445,10,3.86,8,6,0,0,5.6706,475.467434,True,0.09
harness_control,SOLUSDT,240,EMA_8_21,none,0,0.03,111,-401.682394,-302.805291,98.877104,28.16,309,128,83.382093,87,-485.064488,222,2.09,128,158,23,0,80.3669,98.317606,False,0.13
harness_control,SOLUSDT,240,EMA_8_21,one_shot,0,0.03,111,-129.460435,-93.945355,35.51508,30.63,111,38,40.621106,34,-170.081542,77,3.27,38,58,15,0,26.3863,370.539565,True,0.09
harness_control,SOLUSDT,240,BB_20_25_breakout,none,0,0.03,67,-99.540989,-76.158015,23.382974,28.77,73,34,21.42242,21,-120.963409,52,2.7,34,39,0,0,20.0057,400.459011,True,0.09
harness_control,SOLUSDT,240,BB_20_25_breakout,one_shot,0,0.03,67,-88.935975,-67.801368,21.134607,28.79,66,31,20.010624,19,-108.946599,47,2.79,31,35,0,0,17.8872,411.064025,True,0.09
donchian,SOLUSDT,60,DONCHIAN_20,none,0,0.03,221,-401.066852,-297.055894,104.010958,36.62,325,146,143.577268,119,-544.64412,206,6.43,146,155,24,0,80.3273,98.933148,False,0.3
donchian,SOLUSDT,60,DONCHIAN_20,one_shot,0,0.03,221,-196.90423,-126.228277,70.675953,44.8,221,86,154.707882,99,-351.612113,122,14.12,86,106,28,1,40.7857,303.09577,True,0.25
donchian,SOLUSDT,60,DONCHIAN_55,none,0,0.03,77,-401.863149,-300.442293,101.420856,36.91,317,158,154.245343,117,-556.108492,200,7.09,158,152,7,0,80.3726,98.136851,False,0.53
donchian,SOLUSDT,60,DONCHIAN_55,one_shot,0,0.03,77,-76.710127,-52.056532,24.653594,40.26,77,39,55.124336,31,-131.834463,46,13.45,39,37,0,1,16.4158,423.289873,True,0.5
donchian,SOLUSDT,60,DONCHIAN_PULLBACK_20,none,0,0.03,151,-400.06486,-297.664996,102.399864,35.31,320,160,155.739321,113,-555.804181,207,9.77,160,149,11,0,80.104,99.93514,False,0.45
donchian,SOLUSDT,60,DONCHIAN_PULLBACK_20,one_shot,0,0.03,151,-152.453174,-104.509041,47.944133,43.33,150,68,85.274548,65,-237.727722,85,11.02,68,78,4,0,30.6219,347.546826,True,0.51
donchian,SOLUSDT,60,DONCHIAN_PULLBACK_55,none,0,0.03,58,-402.588029,-290.559892,112.028137,38.57,350,179,206.099897,135,-608.687926,215,10.83,179,171,0,0,80.758,97.411971,False,0.53
donchian,SOLUSDT,60,DONCHIAN_PULLBACK_55,one_shot,0,0.03,58,-49.164647,-30.631614,18.533034,44.83,58,26,39.601945,26,-88.766592,32,12.98,26,32,0,0,11.2681,450.835353,True,0.44
harness_control,SOLUSDT,60,EMA_8_21,none,0,0.03,450,-403.235859,-291.498404,111.737455,33.24,349,123,139.536927,116,-542.772786,233,5.65,123,149,77,0,80.7331,96.764141,False,0.48
harness_control,SOLUSDT,60,EMA_8_21,one_shot,0,0.03,450,-333.350659,-189.354788,143.995871,35.33,450,67,229.641132,159,-562.991792,291,8.89,67,170,212,1,67.4269,166.649341,True,0.46
harness_control,SOLUSDT,60,BB_20_25_breakout,none,0,0.03,241,-243.216015,-170.230765,72.98525,40.35,228,108,144.496127,92,-387.712142,136,11.66,108,110,10,0,48.8904,256.783985,True,0.52
harness_control,SOLUSDT,60,BB_20_25_breakout,one_shot,0,0.03,241,-204.586851,-137.715317,66.871534,41.63,209,95,139.604792,87,-344.191642,122,11.86,95,104,10,0,41.2017,295.413149,True,0.49
donchian,ETHUSDT,240,DONCHIAN_20,none,0,0.03,54,-400.093292,-294.720992,105.3723,34.04,329,142,127.483049,112,-527.576341,217,4.94,142,174,13,0,80.6465,99.906708,False,0.23
donchian,ETHUSDT,240,DONCHIAN_20,one_shot,0,0.03,54,-61.260534,-43.991167,17.269366,38.89,54,21,18.276984,21,-79.537518,33,5.09,21,33,0,0,12.7664,438.739466,True,0.19
donchian,ETHUSDT,240,DONCHIAN_55,none,0,0.03,20,-402.691455,-296.649346,106.042109,35.05,331,150,134.019481,116,-536.710936,215,4.82,150,174,7,0,81.1124,97.308545,False,0.29
donchian,ETHUSDT,240,DONCHIAN_55,one_shot,0,0.03,20,-15.652501,-9.24705,6.40545,35.0,20,6,7.528017,7,-23.180518,13,7.05,6,14,0,0,4.5079,484.347499,True,0.2
donchian,ETHUSDT,240,DONCHIAN_PULLBACK_20,none,0,0.03,42,-325.022836,-256.470517,68.552319,30.84,214,118,79.599084,66,-404.62192,148,5.27,118,92,4,0,66.1131,174.977164,True,0.2
donchian,ETHUSDT,240,DONCHIAN_PULLBACK_20,one_shot,0,0.03,42,-82.786141,-69.329253,13.456888,21.43,42,27,9.686743,9,-92.472884,33,5.83,27,14,1,0,16.6313,417.213859,True,0.22
donchian,ETHUSDT,240,DONCHIAN_PULLBACK_55,none,0,0.03,14,-281.100043,-211.20539,69.894653,32.57,218,103,83.534784,71,-364.634827,147,4.28,103,114,0,1,56.5288,218.899957,True,0.21
donchian,ETHUSDT,240,DONCHIAN_PULLBACK_55,one_shot,0,0.03,14,-27.068139,-22.582487,4.485652,21.43,14,8,2.640336,3,-29.708474,11,10.21,8,6,0,0,5.4136,472.931861,True,0.25
harness_control,ETHUSDT,240,EMA_8_21,none,0,0.03,121,-401.690156,-282.829265,118.86089,32.35,371,128,144.269905,120,-545.960061,251,4.38,128,180,63,0,80.5663,98.309844,False,0.2
harness_control,ETHUSDT,240,EMA_8_21,one_shot,0,0.03,121,-138.770878,-100.060442,38.710436,32.23,121,36,47.885122,39,-186.656001,82,5.0,36,51,34,0,27.8269,361.229122,True,0.17
harness_control,ETHUSDT,240,BB_20_25_breakout,none,0,0.03,66,-89.047947,-65.035689,24.012258,30.67,75,30,23.539736,23,-112.587683,52,4.55,30,45,0,0,19.1327,410.952053,True,0.18
harness_control,ETHUSDT,240,BB_20_25_breakout,one_shot,0,0.03,66,-69.415923,-49.91516,19.500763,34.43,61,25,21.375302,21,-90.791224,40,4.8,25,36,0,0,14.9071,430.584077,True,0.22
donchian,ETHUSDT,60,DONCHIAN_20,none,0,0.03,220,-400.302232,-276.672825,123.629407,34.72,386,118,202.874807,134,-603.177039,252,17.28,118,160,108,0,80.1204,99.697768,False,0.55
donchian,ETHUSDT,60,DONCHIAN_20,one_shot,0,0.03,220,-216.783764,-146.347271,70.436493,37.27,220,67,131.723357,82,-348.507121,138,21.95,67,87,66,0,44.1194,283.216236,True,0.48
donchian,ETHUSDT,60,DONCHIAN_55,none,0,0.03,78,-402.524654,-267.647319,134.877335,41.81,421,168,259.911707,176,-662.436361,245,19.54,168,210,43,0,80.8891,97.475346,False,0.57
donchian,ETHUSDT,60,DONCHIAN_55,one_shot,0,0.03,78,-72.773106,-47.792622,24.980484,44.87,78,33,51.673862,35,-124.446968,43,24.38,33,40,5,0,14.8395,427.226894,True,0.41
donchian,ETHUSDT,60,DONCHIAN_PULLBACK_20,none,0,0.03,142,-312.96266,-207.213015,105.749645,40.3,330,140,201.812586,133,-514.775246,197,18.42,140,154,35,1,63.7867,187.03734,True,0.51
donchian,ETHUSDT,60,DONCHIAN_PULLBACK_20,one_shot,0,0.03,142,-116.944837,-71.777798,45.167039,42.55,141,55,92.665908,60,-209.610744,81,20.57,55,63,23,0,25.3487,383.055163,True,0.48
donchian,ETHUSDT,60,DONCHIAN_PULLBACK_55,none,0,0.03,65,-303.998771,-211.097496,92.901276,41.72,290,145,192.125067,121,-496.123838,169,20.75,145,134,10,1,61.432,196.001229,True,0.49
donchian,ETHUSDT,60,DONCHIAN_PULLBACK_55,one_shot,0,0.03,65,-66.023525,-45.22454,20.798985,43.08,65,33,48.219628,28,-114.243153,37,25.26,33,29,3,0,13.3361,433.976475,True,0.42
harness_control,ETHUSDT,60,EMA_8_21,none,0,0.03,481,-400.61696,-230.261212,170.355748,28.95,532,68,215.543555,154,-616.160515,378,11.86,68,164,300,0,80.1302,99.38304,False,0.48
harness_control,ETHUSDT,60,EMA_8_21,one_shot,0,0.03,481,-299.108541,-145.119171,153.989369,28.48,481,36,215.250772,137,-514.359313,344,11.72,36,132,312,1,60.4552,200.891459,True,0.57
harness_control,ETHUSDT,60,BB_20_25_breakout,none,0,0.03,292,-148.326733,-76.885041,71.441692,44.39,223,74,154.076793,99,-302.403526,124,21.07,74,123,26,0,30.3585,351.673267,True,0.4
harness_control,ETHUSDT,60,BB_20_25_breakout,one_shot,0,0.03,292,-137.51636,-71.533105,65.983255,44.66,206,70,145.974668,92,-283.491028,114,21.98,70,112,24,0,28.3381,362.48364,True,0.49
donchian,BTCUSDT,240,DONCHIAN_20,none,0,0.03,46,-338.366414,-243.833129,94.533286,35.59,295,118,126.283684,105,-464.650098,190,7.06,118,154,22,1,68.3141,161.633586,True,0.2
donchian,BTCUSDT,240,DONCHIAN_20,one_shot,0,0.03,46,-20.467023,-5.719979,14.747043,50.0,46,11,28.015709,23,-48.482731,23,11.24,11,33,2,0,5.6105,479.532977,True,0.22
donchian,BTCUSDT,240,DONCHIAN_55,none,0,0.03,18,-345.528114,-254.919324,90.608791,37.1,283,136,132.636736,105,-478.16485,178,7.2,136,141,5,1,69.5287,154.471886,True,0.21
donchian,BTCUSDT,240,DONCHIAN_55,one_shot,0,0.03,18,-27.214608,-21.418155,5.796453,33.33,18,11,9.40876,6,-36.623368,12,9.0,11,7,0,0,5.9064,472.785392,True,0.18
donchian,BTCUSDT,240,DONCHIAN_PULLBACK_20,none,0,0.03,30,-212.126042,-160.504184,51.621858,33.54,161,80,68.62518,54,-280.751223,107,7.66,80,79,2,0,44.0955,287.873958,True,0.16
donchian,BTCUSDT,240,DONCHIAN_PULLBACK_20,one_shot,0,0.03,30,-50.64411,-41.021,9.62311,30.0,30,17,8.7594,9,-59.40351,21,7.17,17,12,1,0,10.1288,449.35589,True,0.16
donchian,BTCUSDT,240,DONCHIAN_PULLBACK_55,none,0,0.03,12,-189.365839,-137.236208,52.129631,38.65,163,78,79.810093,63,-269.175932,100,6.93,78,84,0,1,38.2369,310.634161,True,0.29
donchian,BTCUSDT,240,DONCHIAN_PULLBACK_55,one_shot,0,0.03,12,-9.399433,-5.568889,3.830543,50.0,12,5,7.801423,6,-17.200855,6,13.42,5,7,0,0,2.4994,490.600567,True,0.2
harness_control,BTCUSDT,240,EMA_8_21,none,0,0.03,97,-376.382001,-264.24783,112.134171,33.14,350,115,142.295063,116,-518.677065,234,5.85,115,159,75,1,75.3892,123.617999,True,0.27
harness_control,BTCUSDT,240,EMA_8_21,one_shot,0,0.03,97,-87.519854,-56.450086,31.069767,37.11,97,25,50.141324,36,-137.661178,61,7.51,25,46,26,0,18.0848,412.480146,True,0.33
harness_control,BTCUSDT,240,BB_20_25_breakout,none,0,0.03,68,-89.900174,-66.194328,23.705846,35.14,74,30,32.093081,26,-121.993255,48,8.03,30,39,5,0,18.0694,410.099826,True,0.23
harness_control,BTCUSDT,240,BB_20_25_breakout,one_shot,0,0.03,68,-72.989967,-52.813773,20.176194,36.51,63,25,29.798075,23,-102.788043,40,9.13,25,33,5,0,14.6911,427.010033,True,0.26
donchian,BTCUSDT,60,DONCHIAN_20,none,0,0.03,206,-356.612826,-219.84941,136.763416,34.43,427,93,240.535238,147,-597.148064,280,21.38,93,161,172,1,72.3369,143.387174,True,0.67
donchian,BTCUSDT,60,DONCHIAN_20,one_shot,0,0.03,206,-147.41205,-81.485673,65.926377,36.89,206,35,138.317454,76,-285.729504,130,26.51,35,75,96,0,31.3873,352.58795,True,0.64
donchian,BTCUSDT,60,DONCHIAN_55,none,0,0.03,76,-238.401091,-129.852411,108.548681,45.43,339,114,246.564763,154,-484.965854,185,27.06,114,175,49,1,48.7969,261.598909,True,0.69
donchian,BTCUSDT,60,DONCHIAN_55,one_shot,0,0.03,76,-54.229916,-29.954132,24.275783,44.74,76,29,64.514928,34,-118.744844,42,37.22,29,37,10,0,12.1605,445.770084,True,0.53
donchian,BTCUSDT,60,DONCHIAN_PULLBACK_20,none,0,0.03,139,-218.176652,-135.572403,82.604248,39.92,258,100,167.674575,103,-385.851226,155,26.43,100,108,49,1,44.5851,281.823348,True,0.57
donchian,BTCUSDT,60,DONCHIAN_PULLBACK_20,one_shot,0,0.03,139,-121.772662,-78.913878,42.858784,35.82,134,52,89.40951,48,-211.182172,86,31.78,52,49,33,0,25.9888,378.227338,True,0.62
donchian,BTCUSDT,60,DONCHIAN_PULLBACK_55,none,0,0.03,61,-170.001368,-101.463996,68.537372,47.2,214,94,153.340466,101,-323.341834,113,28.73,94,109,10,1,35.4325,329.998632,True,0.72
donchian,BTCUSDT,60,DONCHIAN_PULLBACK_55,one_shot,0,0.03,61,-13.414042,6.13802,19.552062,50.82,61,22,64.402166,31,-77.816209,30,41.8,22,33,5,1,4.0803,486.585958,True,0.57
harness_control,BTCUSDT,60,EMA_8_21,none,0,0.03,459,-400.288485,-189.25988,211.028605,28.07,659,59,259.848948,185,-660.137432,474,12.99,59,166,434,0,80.2905,99.711515,False,0.66
harness_control,BTCUSDT,60,EMA_8_21,one_shot,0,0.03,459,-223.835331,-76.940074,146.895257,27.02,459,15,191.241512,124,-415.076842,335,14.12,15,98,345,1,46.7775,276.164669,True,0.58
harness_control,BTCUSDT,60,BB_20_25_breakout,none,0,0.03,288,-151.823283,-86.172615,65.650669,40.49,205,58,133.134363,83,-284.957646,122,26.89,58,94,53,0,32.0932,348.176717,True,0.25
harness_control,BTCUSDT,60,BB_20_25_breakout,one_shot,0,0.03,288,-131.968202,-70.808302,61.1599,41.36,191,52,126.413755,79,-258.381957,112,27.32,52,89,50,0,28.7996,368.031798,True,0.24
donchian,XRPUSDT,240,DONCHIAN_20,none,0,0.03,45,-400.974079,-302.454022,98.520057,29.22,308,132,97.944237,90,-498.918316,218,4.64,132,163,13,0,80.3055,99.025921,False,0.11
donchian,XRPUSDT,240,DONCHIAN_20,one_shot,0,0.03,45,-40.397168,-25.976904,14.420264,28.89,45,12,16.679771,13,-57.076939,32,5.44,12,30,3,0,8.612,459.602832,True,0.1
donchian,XRPUSDT,240,DONCHIAN_55,none,0,0.03,24,-402.218746,-321.708467,80.510279,26.19,252,133,69.820079,66,-472.038825,186,4.56,133,116,3,0,80.5219,97.781254,False,0.11
donchian,XRPUSDT,240,DONCHIAN_55,one_shot,0,0.03,24,-31.758674,-24.082119,7.676555,29.17,24,11,7.601429,7,-39.360103,17,3.92,11,13,0,0,6.9059,468.241326,True,0.09
donchian,XRPUSDT,240,DONCHIAN_PULLBACK_20,none,0,0.03,32,-400.353279,-313.825669,86.52761,17.34,271,123,44.329667,47,-444.682946,224,2.99,123,148,0,0,80.2599,99.646721,False,0.1
donchian,XRPUSDT,240,DONCHIAN_PULLBACK_20,one_shot,0,0.03,32,-52.967654,-42.725685,10.24197,21.88,32,17,5.780943,7,-58.748597,25,6.75,17,15,0,0,11.4424,447.032346,True,0.08
donchian,XRPUSDT,240,DONCHIAN_PULLBACK_55,none,0,0.03,21,-400.232608,-324.924805,75.307803,22.46,236,130,54.817882,53,-455.05049,183,3.73,130,106,0,0,80.0553,99.767392,False,0.09
donchian,XRPUSDT,240,DONCHIAN_PULLBACK_55,one_shot,0,0.03,21,-23.840234,-17.133945,6.706289,38.1,21,9,8.409118,8,-32.249352,13,8.14,9,12,0,0,5.3797,476.159766,True,0.1
harness_control,XRPUSDT,240,EMA_8_21,none,0,0.03,121,-400.120743,-292.27902,107.841723,27.6,337,115,100.156255,93,-500.276998,244,3.99,115,153,69,0,80.0241,99.879257,False,0.13
harness_control,XRPUSDT,240,EMA_8_21,one_shot,0,0.03,121,-121.017639,-82.292599,38.72504,27.27,121,27,36.055625,33,-157.073264,88,4.7,27,55,39,0,24.2035,378.982361,True,0.1
harness_control,XRPUSDT,240,BB_20_25_breakout,none,0,0.03,74,-121.522803,-92.403473,29.11933,18.68,91,35,17.051939,17,-138.574742,74,3.91,35,54,2,0,25.1817,378.477197,True,0.1
harness_control,XRPUSDT,240,BB_20_25_breakout,one_shot,0,0.03,74,-90.080037,-67.034089,23.045949,22.22,72,27,16.714752,16,-106.794789,56,4.6,27,43,2,0,18.9551,409.919963,True,0.1
donchian,XRPUSDT,60,DONCHIAN_20,none,0,0.03,192,-400.38879,-298.023007,102.365783,31.25,320,122,136.207495,100,-536.596285,220,14.19,122,132,66,0,80.1652,99.61121,False,0.72
donchian,XRPUSDT,60,DONCHIAN_20,one_shot,0,0.03,192,-197.398496,-135.957119,61.441376,33.33,192,56,82.867329,64,-280.265825,128,20.69,56,83,53,0,39.7916,302.601504,True,0.71
donchian,XRPUSDT,60,DONCHIAN_55,none,0,0.03,76,-401.860258,-297.909896,103.950362,36.62,325,148,154.983142,119,-556.8434,206,17.21,148,152,25,0,80.3721,98.139742,False,0.8
donchian,XRPUSDT,60,DONCHIAN_55,one_shot,0,0.03,76,-93.472304,-69.127639,24.344665,36.84,76,36,36.979491,28,-130.451795,48,25.17,36,35,5,0,18.6945,406.527696,True,0.54
donchian,XRPUSDT,60,DONCHIAN_PULLBACK_20,none,0,0.03,141,-400.643924,-295.263211,105.380713,33.64,330,142,141.74002,111,-542.383945,219,15.17,142,150,38,0,80.1938,99.356076,False,0.7
donchian,XRPUSDT,60,DONCHIAN_PULLBACK_20,one_shot,0,0.03,141,-150.680912,-105.905395,44.775518,35.71,140,55,69.201612,50,-219.882524,90,23.54,55,58,27,0,30.8694,349.319088,True,0.57
donchian,XRPUSDT,60,DONCHIAN_PULLBACK_55,none,0,0.03,59,-401.873046,-293.207639,108.665407,37.65,340,157,148.525763,128,-550.398809,212,14.34,157,173,10,0,80.512,98.126954,False,0.73
donchian,XRPUSDT,60,DONCHIAN_PULLBACK_55,one_shot,0,0.03,59,-46.337052,-27.427431,18.909621,49.15,59,25,40.029219,29,-86.366271,30,26.42,25,32,2,0,9.9711,453.662948,True,0.57
harness_control,XRPUSDT,60,EMA_8_21,none,0,0.03,471,-402.424903,-266.400395,136.024507,28.0,425,92,142.267942,119,-544.692845,306,10.0,92,142,191,0,80.6728,97.575097,False,0.76
harness_control,XRPUSDT,60,EMA_8_21,one_shot,0,0.03,471,-368.260487,-217.529519,150.730969,25.69,471,53,142.575751,121,-510.836238,350,10.92,53,140,277,1,74.3394,131.739513,True,0.54
harness_control,XRPUSDT,60,BB_20_25_breakout,none,0,0.03,292,-317.164318,-234.60804,82.556278,31.78,258,106,103.097359,82,-420.261677,176,15.2,106,126,26,0,63.7706,182.835682,True,0.28
harness_control,XRPUSDT,60,BB_20_25_breakout,one_shot,0,0.03,292,-260.294611,-188.285019,72.009592,33.78,225,88,94.958504,76,-355.253116,149,16.64,88,112,25,0,52.2533,239.705389,True,0.28
donchian,DOGEUSDT,240,DONCHIAN_20,none,0,0.03,49,-401.462417,-314.893091,86.569326,16.61,271,121,48.162117,45,-449.624534,226,1.32,121,149,1,0,80.3015,98.537583,False,0.15
donchian,DOGEUSDT,240,DONCHIAN_20,one_shot,0,0.03,49,-83.594807,-67.908544,15.686263,20.41,49,26,9.204903,10,-92.799711,39,3.43,26,23,0,0,16.7573,416.405193,True,0.11
donchian,DOGEUSDT,240,DONCHIAN_55,none,0,0.03,18,-401.058503,-318.571202,82.487301,15.12,258,120,41.75441,39,-442.812913,219,1.19,120,138,0,0,80.259,98.941497,False,0.15
donchian,DOGEUSDT,240,DONCHIAN_55,one_shot,0,0.03,18,-28.240655,-22.482081,5.758574,5.56,18,8,0.916014,1,-29.15667,17,2.11,8,10,0,0,5.8689,471.759345,True,0.11
donchian,DOGEUSDT,240,DONCHIAN_PULLBACK_20,none,0,0.03,35,-401.842496,-321.994505,79.847991,15.2,250,121,41.29027,38,-443.132766,212,1.64,121,129,0,0,80.3994,98.157504,False,0.12
donchian,DOGEUSDT,240,DONCHIAN_PULLBACK_20,one_shot,0,0.03,35,-54.737194,-43.552042,11.185152,34.29,35,20,12.589704,12,-67.326898,23,4.6,20,15,0,0,11.2428,445.262806,True,0.43
donchian,DOGEUSDT,240,DONCHIAN_PULLBACK_55,none,0,0.03,14,-403.247776,-319.724094,83.523682,18.39,261,124,49.850423,48,-453.0982,213,2.1,124,137,0,0,80.7946,96.752224,False,0.3
donchian,DOGEUSDT,240,DONCHIAN_PULLBACK_55,one_shot,0,0.03,14,-16.964367,-12.480166,4.484201,35.71,14,6,3.946883,5,-20.91125,9,3.0,6,8,0,0,3.8615,483.035633,True,0.27
harness_control,DOGEUSDT,240,EMA_8_21,none,0,0.03,101,-403.157333,-307.867038,95.290296,17.79,298,115,47.363054,53,-450.520388,245,1.38,115,165,18,0,80.6315,96.842667,False,0.31
harness_control,DOGEUSDT,240,EMA_8_21,one_shot,0,0.03,101,-136.236897,-103.874007,32.36289,27.72,101,41,28.258557,28,-164.495454,73,3.51,41,49,11,0,27.2474,363.763103,True,0.2
harness_control,DOGEUSDT,240,BB_20_25_breakout,none,0,0.03,64,-111.609554,-84.406089,27.203465,16.47,85,34,14.35726,14,-125.966813,71,1.6,34,51,0,0,22.3351,388.390446,True,0.26
harness_control,DOGEUSDT,240,BB_20_25_breakout,one_shot,0,0.03,64,-83.500039,-63.660176,19.839863,19.35,62,27,13.034936,12,-96.534975,50,1.76,27,35,0,0,16.7142,416.499961,True,0.21
donchian,DOGEUSDT,60,DONCHIAN_20,none,0,0.03,202,-402.137456,-309.09469,93.042767,28.87,291,124,87.405852,84,-489.543308,207,4.58,124,141,26,0,80.4275,97.862544,False,0.83
donchian,DOGEUSDT,60,DONCHIAN_20,one_shot,0,0.03,202,-247.294021,-182.639708,64.654313,33.17,202,76,88.984864,67,-336.278885,135,14.56,76,89,37,0,50.027,252.705979,True,0.47
donchian,DOGEUSDT,60,DONCHIAN_55,none,0,0.03,69,-402.045776,-309.747078,92.298698,30.8,289,142,98.951549,89,-500.997325,200,5.05,142,144,3,0,80.4211,97.954224,False,0.3
donchian,DOGEUSDT,60,DONCHIAN_55,one_shot,0,0.03,69,-56.024649,-33.971797,22.052852,43.48,69,28,39.743404,30,-95.768053,39,12.28,28,41,0,0,11.7259,443.975351,True,0.21
donchian,DOGEUSDT,60,DONCHIAN_PULLBACK_20,none,0,0.03,131,-401.224548,-314.583173,86.641375,31.37,271,138,81.703581,85,-482.928129,186,7.34,138,126,7,0,80.3261,98.775452,False,0.27
donchian,DOGEUSDT,60,DONCHIAN_PULLBACK_20,one_shot,0,0.03,131,-148.877418,-106.975654,41.901764,38.93,131,62,69.531941,51,-218.409359,80,11.82,62,61,8,0,30.0641,351.122582,True,0.25
donchian,DOGEUSDT,60,DONCHIAN_PULLBACK_55,none,0,0.03,54,-400.389986,-303.908208,96.481778,31.79,302,143,103.018443,96,-503.408429,206,4.59,143,159,0,0,80.1651,99.610014,False,0.37
donchian,DOGEUSDT,60,DONCHIAN_PULLBACK_55,one_shot,0,0.03,54,-53.969814,-36.697692,17.272123,44.44,54,27,36.880508,24,-90.850323,30,14.69,27,27,0,0,12.042,446.030186,True,0.29
harness_control,DOGEUSDT,60,EMA_8_21,none,0,0.03,449,-400.557997,-287.639025,112.918972,29.46,353,123,112.418596,104,-512.976593,249,4.36,123,173,57,0,80.2789,99.442003,False,0.41
harness_control,DOGEUSDT,60,EMA_8_21,one_shot,0,0.03,449,-400.61881,-267.790751,132.82806,29.88,415,77,160.79424,124,-561.41305,291,8.63,77,154,184,0,80.2909,99.38119,False,0.48
harness_control,DOGEUSDT,60,BB_20_25_breakout,none,0,0.03,270,-314.020124,-228.858816,85.161308,34.96,266,116,116.975793,93,-430.995917,173,11.11,116,134,16,0,63.1166,185.979876,True,0.3
harness_control,DOGEUSDT,60,BB_20_25_breakout,one_shot,0,0.03,270,-293.950755,-218.702694,75.248061,33.19,235,106,101.858577,78,-395.809332,157,11.73,106,114,15,0,58.9997,206.049245,True,0.3
