symbol,interval,strategy,exit_cell,n_calls,net_pnl,train1_net_pnl,win_rate,n_trades,n_wins,max_drawdown_pct,final_equity,n_valid_months,all_valid_months_nonnegative,legacy_h2,h2_sparse_absent_zero_trade,n_scored_months,train1_exit_n_trades,train1_exit_net_pnl,exit_mix
SOLUSDT,240,HTF_FVG_MID_R1,NO_TRAIL,23,20.747996,24.063496,13.04,23,3,10.468,520.747996,12,False,False,False,9,22,24.06349591039153,"{""end_of_data"": 1, ""initial_sl"": 20, ""signal_reverse"": 2}"
SOLUSDT,240,HTF_FVG_MID_R2,NO_TRAIL,26,14.116996,1.56514,12.0,25,3,11.8768,514.116996,12,False,False,False,10,24,17.432495910391523,"{""end_of_data"": 1, ""initial_sl"": 22, ""signal_reverse"": 2}"
SOLUSDT,240,HTF_FVG_MID_R3,NO_TRAIL,26,14.116996,1.56514,12.0,25,3,11.8768,514.116996,12,False,False,False,10,24,17.432495910391523,"{""end_of_data"": 1, ""initial_sl"": 22, ""signal_reverse"": 2}"
SOLUSDT,240,DONCHIAN_55,NO_TRAIL,20,-52.958171,-49.642671,5.0,20,1,12.4862,447.041829,12,False,False,False,10,19,-49.64267147437156,"{""initial_sl"": 18, ""signal_reverse"": 2}"
ETHUSDT,240,HTF_FVG_MID_R1,NO_TRAIL,33,29.313461,-16.115849,26.67,30,8,8.3129,529.313461,12,False,False,False,11,30,29.313460808732458,"{""initial_sl"": 22, ""signal_reverse"": 8}"
ETHUSDT,240,HTF_FVG_MID_R2,NO_TRAIL,35,28.793509,-16.6358,25.81,31,8,8.3694,528.793509,12,False,False,False,11,31,28.793509459230435,"{""initial_sl"": 22, ""signal_reverse"": 9}"
ETHUSDT,240,HTF_FVG_MID_R3,NO_TRAIL,35,28.793509,-16.6358,25.81,31,8,8.3694,528.793509,12,False,False,False,11,31,28.793509459230435,"{""initial_sl"": 22, ""signal_reverse"": 9}"
ETHUSDT,240,DONCHIAN_55,NO_TRAIL,20,68.317521,30.100531,30.0,20,6,7.2196,568.317521,12,False,False,False,9,20,68.3175212572174,"{""initial_sl"": 14, ""signal_reverse"": 6}"
BTCUSDT,240,HTF_FVG_MID_R1,NO_TRAIL,26,40.321349,-2.235793,23.08,13,3,7.5652,540.321349,12,False,False,False,11,13,40.32134947263534,"{""initial_sl"": 10, ""signal_reverse"": 3}"
BTCUSDT,240,HTF_FVG_MID_R2,NO_TRAIL,28,46.599424,4.042281,28.57,14,4,6.4897,546.599424,12,False,False,False,11,14,46.599423707072916,"{""initial_sl"": 10, ""signal_reverse"": 4}"
BTCUSDT,240,HTF_FVG_MID_R3,NO_TRAIL,29,43.274924,0.717781,26.67,15,4,7.0592,543.274924,12,False,False,False,11,15,43.274923707072915,"{""initial_sl"": 11, ""signal_reverse"": 4}"
BTCUSDT,240,DONCHIAN_55,NO_TRAIL,18,49.108942,11.051945,22.22,18,4,7.6017,549.108942,12,False,False,False,8,18,49.10894167759777,"{""initial_sl"": 14, ""signal_reverse"": 4}"
XRPUSDT,240,HTF_FVG_MID_R1,NO_TRAIL,20,-40.438686,-34.285131,5.88,17,1,9.6369,459.561314,12,False,False,False,9,14,-30.483185887225247,"{""initial_sl"": 16, ""signal_reverse"": 1}"
XRPUSDT,240,HTF_FVG_MID_R2,NO_TRAIL,22,-47.078686,-40.925131,5.26,19,1,10.9425,452.921314,12,False,False,False,10,16,-37.12318588722524,"{""initial_sl"": 18, ""signal_reverse"": 1}"
XRPUSDT,240,HTF_FVG_MID_R3,NO_TRAIL,22,-47.078686,-40.925131,5.26,19,1,10.9425,452.921314,12,False,False,False,10,16,-37.12318588722524,"{""initial_sl"": 18, ""signal_reverse"": 1}"
XRPUSDT,240,DONCHIAN_55,NO_TRAIL,24,221.777946,225.093446,12.5,24,3,20.2287,721.777946,12,False,False,False,11,23,225.09344578722144,"{""end_of_data"": 1, ""initial_sl"": 19, ""signal_reverse"": 4}"
DOGEUSDT,240,HTF_FVG_MID_R1,NO_TRAIL,12,128.295787,131.611287,9.09,11,1,21.9592,628.295787,12,False,False,False,8,10,131.61128670360105,"{""initial_sl"": 10, ""signal_reverse"": 1}"
DOGEUSDT,240,HTF_FVG_MID_R2,NO_TRAIL,15,118.340287,121.655787,7.14,14,1,22.2521,618.340287,12,False,False,False,9,13,121.65578670360105,"{""initial_sl"": 13, ""signal_reverse"": 1}"
DOGEUSDT,240,HTF_FVG_MID_R3,NO_TRAIL,15,118.340287,121.655787,7.14,14,1,22.2521,618.340287,12,False,False,False,9,13,121.65578670360105,"{""initial_sl"": 13, ""signal_reverse"": 1}"
DOGEUSDT,240,DONCHIAN_55,NO_TRAIL,18,-25.39332,-22.07782,16.67,18,3,9.0758,474.60668,12,False,False,False,8,17,-22.077819943716452,"{""initial_sl"": 15, ""signal_reverse"": 3}"
SOLUSDT,60,HTF_FVG_MID_R1,NO_TRAIL,73,-28.794096,-8.991333,14.0,50,7,18.3115,471.205904,12,False,False,False,11,42,-8.99133306342037,"{""initial_sl"": 41, ""signal_reverse"": 9}"
SOLUSDT,60,HTF_FVG_MID_R2,NO_TRAIL,81,31.642176,32.461969,19.64,56,11,11.7596,531.642176,12,False,False,False,12,49,48.12943944675789,"{""initial_sl"": 44, ""signal_reverse"": 12}"
SOLUSDT,60,HTF_FVG_MID_R3,NO_TRAIL,81,31.642176,32.461969,19.64,56,11,11.7596,531.642176,12,False,False,False,12,49,48.12943944675789,"{""initial_sl"": 44, ""signal_reverse"": 12}"
SOLUSDT,60,DONCHIAN_55,NO_TRAIL,77,52.670669,38.138406,31.17,77,24,12.5807,552.670669,12,False,False,False,12,72,54.275667588863435,"{""end_of_data"": 1, ""initial_sl"": 49, ""signal_reverse"": 27}"
ETHUSDT,60,HTF_FVG_MID_R1,NO_TRAIL,79,33.29029,14.238341,33.33,57,19,5.9739,533.29029,12,False,False,False,11,53,14.238341187978378,"{""initial_sl"": 34, ""signal_reverse"": 23}"
ETHUSDT,60,HTF_FVG_MID_R2,NO_TRAIL,85,26.032786,6.980837,32.79,61,20,7.6519,526.032786,12,False,False,False,11,57,6.980836597376474,"{""initial_sl"": 37, ""signal_reverse"": 24}"
ETHUSDT,60,HTF_FVG_MID_R3,NO_TRAIL,85,26.032786,6.980837,32.79,61,20,7.6519,526.032786,12,False,False,False,11,57,6.980836597376474,"{""initial_sl"": 37, ""signal_reverse"": 24}"
ETHUSDT,60,DONCHIAN_55,NO_TRAIL,78,19.069746,-14.108667,29.49,78,23,11.2137,519.069746,12,False,False,False,12,76,25.70974604977342,"{""initial_sl"": 40, ""signal_reverse"": 38}"
BTCUSDT,60,HTF_FVG_MID_R1,NO_TRAIL,73,-5.204902,3.702383,32.08,53,17,8.543,494.795098,12,False,False,False,12,48,-8.492916684794201,"{""end_of_data"": 1, ""initial_sl"": 32, ""signal_reverse"": 20}"
BTCUSDT,60,HTF_FVG_MID_R2,NO_TRAIL,79,-15.377486,-7.508803,30.51,59,18,10.4575,484.622514,12,False,False,False,12,53,-19.70410286531118,"{""end_of_data"": 1, ""initial_sl"": 35, ""signal_reverse"": 23}"
BTCUSDT,60,HTF_FVG_MID_R3,NO_TRAIL,81,-8.122158,-0.253475,29.51,61,18,11.3611,491.877842,12,False,False,False,12,55,-12.448775650188292,"{""end_of_data"": 1, ""initial_sl"": 36, ""signal_reverse"": 24}"
BTCUSDT,60,DONCHIAN_55,NO_TRAIL,76,14.690185,10.888091,34.21,76,26,6.7252,514.690185,12,False,False,False,12,70,-0.8102082971683355,"{""end_of_data"": 1, ""initial_sl"": 33, ""signal_reverse"": 42}"
XRPUSDT,60,HTF_FVG_MID_R1,NO_TRAIL,73,117.990175,104.381407,25.0,52,13,14.6716,617.990175,12,False,False,False,11,50,120.25536659701413,"{""initial_sl"": 35, ""signal_reverse"": 17}"
XRPUSDT,60,HTF_FVG_MID_R2,NO_TRAIL,79,141.336539,127.727771,30.51,59,18,12.593,641.336539,12,False,False,False,11,57,143.6017306473984,"{""initial_sl"": 37, ""signal_reverse"": 22}"
XRPUSDT,60,HTF_FVG_MID_R3,NO_TRAIL,79,141.336539,127.727771,30.51,59,18,12.593,641.336539,12,False,False,False,11,57,143.6017306473984,"{""initial_sl"": 37, ""signal_reverse"": 22}"
XRPUSDT,60,DONCHIAN_55,NO_TRAIL,76,139.118567,156.512601,22.37,76,17,12.5312,639.118567,12,False,False,False,12,69,156.5126010310631,"{""initial_sl"": 50, ""signal_reverse"": 26}"
DOGEUSDT,60,HTF_FVG_MID_R1,NO_TRAIL,60,86.385205,50.703107,25.0,52,13,16.9339,586.385205,12,False,False,False,11,50,69.06371553078851,"{""end_of_data"": 1, ""initial_sl"": 36, ""signal_reverse"": 15}"
DOGEUSDT,60,HTF_FVG_MID_R2,NO_TRAIL,71,43.838371,8.156273,23.73,59,14,17.38,543.838371,12,False,False,False,12,57,26.516881159972904,"{""end_of_data"": 1, ""initial_sl"": 42, ""signal_reverse"": 16}"
DOGEUSDT,60,HTF_FVG_MID_R3,NO_TRAIL,73,40.522871,4.840773,23.33,60,14,17.8996,540.522871,12,False,False,False,12,58,23.201381159972904,"{""end_of_data"": 1, ""initial_sl"": 43, ""signal_reverse"": 16}"
DOGEUSDT,60,DONCHIAN_55,NO_TRAIL,69,190.456583,197.914664,33.33,69,23,10.1347,690.456583,12,False,False,False,12,64,179.4708248103715,"{""end_of_data"": 1, ""initial_sl"": 42, ""signal_reverse"": 26}"
