position_id,symbol,direction,entry_time,entry_price,exit_time,exit_price,exit_reason,is_gap_fill,initial_sl,trailing_sl,trailing_active,stake,leverage,notional,margin,quantity,gross_pnl,total_costs,funding_pnl,net_pnl,interval
p3,SOLUSDT,-1,2024-04-13 20:00:00+00:00,133.57,2024-04-13 20:00:00+00:00,137.5771,initial_sl,False,137.5771,,False,100.0,1.0,100.0,100.0,0.7486711087819121,-3.000000000000006,0.3245,0.0,-3.3245000000000062,240
p4,SOLUSDT,1,2024-05-16 20:00:00+00:00,159.06,2024-06-07 16:00:00+00:00,154.2882,initial_sl,False,154.2882,,False,100.0,1.0,100.0,100.0,0.628693574751666,-3.000000000000008,0.3155,0.0,-3.315500000000008,240
p5,SOLUSDT,-1,2024-06-11 16:00:00+00:00,147.58,2024-06-12 08:00:00+00:00,152.00740000000002,initial_sl,False,152.00740000000002,,False,100.0,1.0,100.0,100.0,0.6775985905949315,-3.000000000000004,0.3245,0.0,-3.324500000000004,240
p6,SOLUSDT,1,2024-07-16 04:00:00+00:00,157.79,2024-07-16 08:00:00+00:00,153.0563,initial_sl,False,153.0563,,False,100.0,1.0,100.0,100.0,0.6337537233031244,-2.999999999999999,0.3155,0.0,-3.3154999999999992,240
p7,SOLUSDT,-1,2024-08-05 04:00:00+00:00,126.0,2024-08-05 04:00:00+00:00,129.78,initial_sl,False,129.78,,False,100.0,1.0,100.0,100.0,0.7936507936507936,-3.000000000000001,0.3245,0.0,-3.324500000000001,240
p8,SOLUSDT,1,2024-08-27 00:00:00+00:00,157.03,2024-08-27 20:00:00+00:00,152.3191,initial_sl,False,152.3191,,False,100.0,1.0,100.0,100.0,0.6368209896198178,-3.0000000000000058,0.3155,0.0,-3.315500000000006,240
p9,SOLUSDT,-1,2024-08-28 12:00:00+00:00,147.09,2024-09-20 04:00:00+00:00,151.5027,initial_sl,False,151.5027,,False,100.0,1.0,100.0,100.0,0.6798558705554423,-3.000000000000001,0.3245,0.0,-3.324500000000001,240
p10,SOLUSDT,1,2024-09-22 00:00:00+00:00,149.38,2024-09-22 08:00:00+00:00,144.8986,initial_sl,False,144.8986,,False,100.0,1.0,100.0,100.0,0.6694336591243808,-3.0000000000000053,0.3155,0.0,-3.3155000000000054,240
p11,SOLUSDT,-1,2024-10-10 08:00:00+00:00,139.6,2024-10-11 12:00:00+00:00,143.78799999999998,initial_sl,False,143.78799999999998,,False,100.0,1.0,100.0,100.0,0.7163323782234957,-2.9999999999999916,0.3245,0.0,-3.3244999999999916,240
p12,SOLUSDT,1,2024-10-13 16:00:00+00:00,145.24,2024-12-17 08:00:00+00:00,221.66,signal_reverse,False,140.8828,,False,100.0,1.0,100.0,100.0,0.6885155604516662,52.61635912971632,0.39892453869457456,0.0,52.21743459102175,240
p13,SOLUSDT,-1,2024-12-17 12:00:00+00:00,221.66,2024-12-17 16:00:00+00:00,228.3098,initial_sl,False,228.3098,,False,100.0,1.0,100.0,100.0,0.4511413877109086,-2.9999999999999996,0.3245,0.0,-3.3244999999999996,240
p14,SOLUSDT,1,2024-12-17 20:00:00+00:00,227.54,2024-12-18 00:00:00+00:00,220.7138,initial_sl,False,220.7138,,False,100.0,1.0,100.0,100.0,0.4394831677946735,-3.0000000000000004,0.3155,0.0,-3.3155000000000006,240
p15,SOLUSDT,-1,2024-12-18 04:00:00+00:00,217.49,2025-01-06 12:00:00+00:00,221.59,signal_reverse,False,224.0147,,False,100.0,1.0,100.0,100.0,0.4597912547703342,-1.8851441445583677,0.3228277162168376,0.0,-2.2079718607752055,240
p16,SOLUSDT,1,2025-01-06 16:00:00+00:00,221.59,2025-01-07 08:00:00+00:00,214.94230000000002,initial_sl,False,214.94230000000002,,False,100.0,1.0,100.0,100.0,0.4512839027031906,-2.999999999999994,0.3155,0.0,-3.315499999999994,240
p17,SOLUSDT,-1,2025-01-08 16:00:00+00:00,197.7,2025-01-15 20:00:00+00:00,203.631,initial_sl,False,203.631,,False,100.0,1.0,100.0,100.0,0.5058168942842691,-3.000000000000006,0.3245,0.0,-3.3245000000000062,240
p18,SOLUSDT,1,2025-01-18 12:00:00+00:00,238.83,2025-01-20 00:00:00+00:00,231.66510000000002,initial_sl,False,231.66510000000002,,False,100.0,1.0,100.0,100.0,0.41870786752083067,-2.999999999999995,0.3155,0.0,-3.3154999999999952,240
p19,SOLUSDT,-1,2025-02-04 08:00:00+00:00,204.08,2025-02-04 08:00:00+00:00,210.2024,initial_sl,False,210.2024,,False,100.0,1.0,100.0,100.0,0.49000392003136023,-2.9999999999999996,0.3245,0.0,-3.3244999999999996,240
p3,ETHUSDT,-1,2024-04-04 04:00:00+00:00,3275.39,2024-04-04 12:00:00+00:00,3373.6517,initial_sl,False,3373.6517,,False,100.0,1.0,100.0,100.0,0.030530715426254584,-3.0000000000000004,0.3245,0.0,-3.3245000000000005,240
p4,ETHUSDT,1,2024-04-09 00:00:00+00:00,3697.73,2024-04-09 08:00:00+00:00,3586.7981,initial_sl,False,3586.7981,,False,100.0,1.0,100.0,100.0,0.027043618652524658,-3.0000000000000013,0.3155,0.0,-3.3155000000000014,240
p5,ETHUSDT,-1,2024-04-13 16:00:00+00:00,3272.2,2024-05-20 16:00:00+00:00,3370.366,initial_sl,False,3370.366,,False,100.0,1.0,100.0,100.0,0.030560479188313675,-3.0000000000000053,0.3245,0.0,-3.3245000000000053,240
p6,ETHUSDT,1,2024-05-21 04:00:00+00:00,3698.78,2024-05-23 20:00:00+00:00,3587.8166,initial_sl,False,3587.8166,,False,100.0,1.0,100.0,100.0,0.02703594158073743,-3.000000000000002,0.3155,0.0,-3.3155000000000023,240
p7,ETHUSDT,-1,2024-06-18 12:00:00+00:00,3412.04,2024-06-19 00:00:00+00:00,3514.4012,initial_sl,False,3514.4012,,False,100.0,1.0,100.0,100.0,0.02930797997678808,-2.9999999999999947,0.3245,0.0,-3.3244999999999947,240
p8,ETHUSDT,1,2024-07-19 04:00:00+00:00,3428.73,2024-07-24 20:00:00+00:00,3325.8681,initial_sl,False,3325.8681,,False,100.0,1.0,100.0,100.0,0.029165317770719772,-2.9999999999999964,0.3155,0.0,-3.3154999999999966,240
p9,ETHUSDT,-1,2024-07-27 04:00:00+00:00,3243.41,2024-07-29 00:00:00+00:00,3340.7122999999997,initial_sl,False,3340.7122999999997,,False,100.0,1.0,100.0,100.0,0.03083174806762019,-2.9999999999999947,0.3245,0.0,-3.3244999999999947,240
p10,ETHUSDT,1,2024-09-23 20:00:00+00:00,2671.68,2024-09-24 12:00:00+00:00,2591.5296,initial_sl,False,2591.5296,,False,100.0,1.0,100.0,100.0,0.03742963229129237,-2.9999999999999996,0.3155,0.0,-3.3154999999999997,240
p11,ETHUSDT,-1,2024-10-03 16:00:00+00:00,2339.61,2024-10-04 12:00:00+00:00,2409.7983,initial_sl,False,2409.7983,,False,100.0,1.0,100.0,100.0,0.04274216642944764,-2.9999999999999916,0.3245,0.0,-3.3244999999999916,240
p12,ETHUSDT,1,2024-10-16 00:00:00+00:00,2606.32,2024-10-23 16:00:00+00:00,2528.1304,initial_sl,False,2528.1304,,False,100.0,1.0,100.0,100.0,0.03836827404156051,-3.0000000000000058,0.3155,0.0,-3.315500000000006,240
p13,ETHUSDT,-1,2024-10-27 20:00:00+00:00,2493.86,2024-10-28 20:00:00+00:00,2568.6758,initial_sl,False,2568.6758,,False,100.0,1.0,100.0,100.0,0.04009848187147634,-2.999999999999994,0.3245,0.0,-3.324499999999994,240
p14,ETHUSDT,1,2024-10-29 12:00:00+00:00,2631.3,2024-10-31 12:00:00+00:00,2552.3610000000003,initial_sl,False,2552.3610000000003,,False,100.0,1.0,100.0,100.0,0.03800402842701326,-2.9999999999999942,0.3155,0.0,-3.3154999999999943,240
p15,ETHUSDT,-1,2024-11-03 04:00:00+00:00,2448.45,2024-11-06 00:00:00+00:00,2521.9035,initial_sl,False,2521.9035,,False,100.0,1.0,100.0,100.0,0.04084216545161225,-3.000000000000003,0.3245,0.0,-3.324500000000003,240
p16,ETHUSDT,1,2024-11-07 08:00:00+00:00,2822.31,2024-12-23 04:00:00+00:00,3303.53,signal_reverse,False,2737.6407,,False,100.0,1.0,100.0,100.0,0.03543196884821299,17.050572049137063,0.3455758580737056,0.0,16.70499619106336,240
p17,ETHUSDT,-1,2024-12-23 08:00:00+00:00,3303.53,2024-12-23 20:00:00+00:00,3402.6359,initial_sl,False,3402.6359,,False,100.0,1.0,100.0,100.0,0.030270649880582284,-3.0000000000000004,0.3245,0.0,-3.3245000000000005,240
p18,ETHUSDT,1,2025-01-06 00:00:00+00:00,3634.63,2025-01-07 12:00:00+00:00,3525.5911,initial_sl,False,3525.5911,,False,100.0,1.0,100.0,100.0,0.02751311687847181,-3.0,0.3155,0.0,-3.3155,240
p19,ETHUSDT,-1,2025-01-08 20:00:00+00:00,3279.29,2025-01-15 16:00:00+00:00,3377.6687,initial_sl,False,3377.6687,,False,100.0,1.0,100.0,100.0,0.03049440580125576,-3.000000000000006,0.3245,0.0,-3.3245000000000062,240
p3,BTCUSDT,-1,2024-04-16 12:00:00+00:00,63071.3,2024-04-19 04:00:00+00:00,64963.439000000006,initial_sl,False,64963.439000000006,,False,100.0,1.0,100.0,100.0,0.0015855071958244082,-3.0000000000000044,0.3245,0.0,-3.3245000000000045,240
p4,BTCUSDT,1,2024-05-17 16:00:00+00:00,67160.0,2024-06-14 16:00:00+00:00,65145.2,initial_sl,False,65145.2,,False,100.0,1.0,100.0,100.0,0.0014889815366289458,-3.0000000000000044,0.3155,0.0,-3.3155000000000046,240
p5,BTCUSDT,-1,2024-06-16 04:00:00+00:00,66105.6,2024-07-18 04:00:00+00:00,64643.8,signal_reverse,False,68088.76800000001,,False,100.0,1.0,100.0,100.0,0.0015127311453190047,2.2113103882273255,0.31668303441765905,0.0,1.8946273538096665,240
p6,BTCUSDT,1,2024-07-18 08:00:00+00:00,64643.8,2024-08-01 12:00:00+00:00,62704.486000000004,initial_sl,False,62704.486000000004,,False,100.0,1.0,100.0,100.0,0.0015469387628821326,-2.999999999999998,0.3155,0.0,-3.315499999999998,240
p7,BTCUSDT,-1,2024-08-04 16:00:00+00:00,59060.1,2024-08-08 20:00:00+00:00,60831.903,initial_sl,False,60831.903,,False,100.0,1.0,100.0,100.0,0.001693190495783109,-2.9999999999999996,0.3245,0.0,-3.3244999999999996,240
p8,BTCUSDT,1,2024-08-25 04:00:00+00:00,64075.2,2024-08-27 12:00:00+00:00,62152.943999999996,initial_sl,False,62152.943999999996,,False,100.0,1.0,100.0,100.0,0.0015606662171947963,-3.000000000000002,0.3155,0.0,-3.3155000000000023,240
p9,BTCUSDT,-1,2024-08-29 12:00:00+00:00,60033.0,2024-09-18 20:00:00+00:00,61743.7,signal_reverse,False,61833.99,,False,100.0,1.0,100.0,100.0,0.0016657505038895275,-2.84959938700381,0.3242743990805057,0.0,-3.1738737860843154,240
p10,BTCUSDT,1,2024-09-19 00:00:00+00:00,61743.7,2024-10-03 12:00:00+00:00,59891.388999999996,initial_sl,False,59891.388999999996,,False,100.0,1.0,100.0,100.0,0.001619598436763589,-3.0000000000000027,0.3155,0.0,-3.315500000000003,240
p11,BTCUSDT,-1,2024-12-30 04:00:00+00:00,93667.3,2025-01-02 08:00:00+00:00,96477.319,initial_sl,False,96477.319,,False,100.0,1.0,100.0,100.0,0.0010676084396582372,-3.0,0.3245,0.0,-3.3245,240
p12,BTCUSDT,1,2025-01-04 12:00:00+00:00,97848.4,2025-01-08 08:00:00+00:00,94912.94799999999,initial_sl,False,94912.94799999999,,False,100.0,1.0,100.0,100.0,0.0010219891178598732,-3.0000000000000053,0.3155,0.0,-3.3155000000000054,240
p13,BTCUSDT,-1,2025-01-10 08:00:00+00:00,94457.1,2025-01-14 08:00:00+00:00,97290.81300000001,initial_sl,False,97290.81300000001,,False,100.0,1.0,100.0,100.0,0.0010586816660685114,-3.0000000000000036,0.3245,0.0,-3.3245000000000036,240
p14,BTCUSDT,1,2025-01-16 08:00:00+00:00,99783.6,2025-02-02 16:00:00+00:00,96790.092,initial_sl,False,96790.092,,False,100.0,1.0,100.0,100.0,0.0010021686930517639,-3.0000000000000013,0.3155,0.0,-3.3155000000000014,240
p15,BTCUSDT,-1,2025-02-05 20:00:00+00:00,97331.8,2025-02-28 20:00:00+00:00,84307.6,end_of_data,False,100251.754,,False,100.0,1.0,100.0,100.0,0.0010274134455542793,13.381238197588042,0.299928142703618,0.0,13.081310054884424,240
p5,XRPUSDT,-1,2024-04-03 16:00:00+00:00,0.5804,2024-04-04 12:00:00+00:00,0.597812,initial_sl,False,0.597812,,False,100.0,1.0,100.0,100.0,172.2949689869056,-2.9999999999999973,0.3245,0.0,-3.3244999999999973,240
p6,XRPUSDT,1,2024-05-25 20:00:00+00:00,0.5397,2024-05-28 04:00:00+00:00,0.523509,initial_sl,False,0.523509,,False,100.0,1.0,100.0,100.0,185.28812303131372,-2.999999999999992,0.3155,0.0,-3.315499999999992,240
p7,XRPUSDT,-1,2024-05-30 20:00:00+00:00,0.5222,2024-07-13 12:00:00+00:00,0.537866,initial_sl,False,0.537866,,False,100.0,1.0,100.0,100.0,191.4975105323631,-2.999999999999992,0.3245,0.0,-3.324499999999992,240
p8,XRPUSDT,1,2024-07-14 20:00:00+00:00,0.5315,2024-08-04 16:00:00+00:00,0.515555,initial_sl,False,0.515555,,False,100.0,1.0,100.0,100.0,188.14675446848543,-2.999999999999998,0.3155,0.0,-3.315499999999998,240
p9,XRPUSDT,-1,2024-08-06 16:00:00+00:00,0.5106,2024-08-07 16:00:00+00:00,0.5259180000000001,initial_sl,False,0.5259180000000001,,False,100.0,1.0,100.0,100.0,195.84802193497845,-3.00000000000001,0.3245,0.0,-3.3245000000000102,240
p10,XRPUSDT,1,2024-08-08 12:00:00+00:00,0.615,2024-08-09 04:00:00+00:00,0.59655,initial_sl,False,0.59655,,False,100.0,1.0,100.0,100.0,162.60162601626016,-2.9999999999999942,0.3155,0.0,-3.3154999999999943,240
p11,XRPUSDT,-1,2024-09-01 20:00:00+00:00,0.5592,2024-09-12 12:00:00+00:00,0.575976,initial_sl,False,0.575976,,False,100.0,1.0,100.0,100.0,178.82689556509297,-3.0000000000000018,0.3245,0.0,-3.324500000000002,240
p12,XRPUSDT,1,2024-09-16 00:00:00+00:00,0.5705,2024-10-02 20:00:00+00:00,0.553385,initial_sl,False,0.553385,,False,100.0,1.0,100.0,100.0,175.28483786152498,-2.9999999999999987,0.3155,0.0,-3.315499999999999,240
p13,XRPUSDT,-1,2024-10-04 12:00:00+00:00,0.5248,2024-10-07 00:00:00+00:00,0.540544,initial_sl,False,0.540544,,False,100.0,1.0,100.0,100.0,190.54878048780486,-2.999999999999996,0.3245,0.0,-3.324499999999996,240
p14,XRPUSDT,1,2024-11-10 00:00:00+00:00,0.5595,2025-02-05 16:00:00+00:00,2.4359,signal_reverse,False,0.542715,,False,100.0,1.0,100.0,100.0,178.73100983020555,335.37086684539776,0.8230563002680967,0.0,334.54781054512966,240
p15,XRPUSDT,-1,2025-02-05 20:00:00+00:00,2.4359,2025-02-07 12:00:00+00:00,2.5089770000000002,initial_sl,False,2.5089770000000002,,False,100.0,1.0,100.0,100.0,41.05258836569645,-3.0000000000000018,0.3245,0.0,-3.324500000000002,240
p3,DOGEUSDT,-1,2024-04-16 12:00:00+00:00,0.15579,2024-04-20 16:00:00+00:00,0.16046370000000001,initial_sl,False,0.16046370000000001,,False,100.0,1.0,100.0,100.0,641.8897233455292,-3.0000000000000018,0.3245,0.0,-3.324500000000002,240
p4,DOGEUSDT,1,2024-05-21 12:00:00+00:00,0.16475,2024-05-23 12:00:00+00:00,0.15980750000000002,initial_sl,False,0.15980750000000002,,False,100.0,1.0,100.0,100.0,606.9802731411229,-2.999999999999993,0.3155,0.0,-3.315499999999993,240
p5,DOGEUSDT,-1,2024-06-08 16:00:00+00:00,0.14632,2024-07-21 12:00:00+00:00,0.13146,signal_reverse,False,0.1507096,,False,100.0,1.0,100.0,100.0,683.433570256971,10.155822854018599,0.3047662657189721,0.0,9.851056588299626,240
p6,DOGEUSDT,1,2024-07-21 16:00:00+00:00,0.13146,2024-07-21 16:00:00+00:00,0.1275162,initial_sl,False,0.1275162,,False,100.0,1.0,100.0,100.0,760.6876616461282,-2.9999999999999982,0.3155,0.0,-3.3154999999999983,240
p7,DOGEUSDT,-1,2024-08-02 12:00:00+00:00,0.11715,2024-09-21 00:00:00+00:00,0.1048,signal_reverse,False,0.12066450000000001,,False,100.0,1.0,100.0,100.0,853.6064874093042,10.542040119504907,0.30418693982074263,0.0,10.237853179684166,240
p8,DOGEUSDT,1,2024-09-21 04:00:00+00:00,0.1048,2024-10-03 08:00:00+00:00,0.10165600000000001,initial_sl,False,0.10165600000000001,,False,100.0,1.0,100.0,100.0,954.1984732824427,-2.9999999999999942,0.3155,0.0,-3.3154999999999943,240
p9,DOGEUSDT,-1,2024-12-20 16:00:00+00:00,0.30445,2024-12-20 16:00:00+00:00,0.3135835,initial_sl,False,0.3135835,,False,100.0,1.0,100.0,100.0,328.4611594678929,-3.0000000000000053,0.3245,0.0,-3.3245000000000053,240
p10,DOGEUSDT,1,2025-01-05 20:00:00+00:00,0.3821,2025-01-07 12:00:00+00:00,0.370637,initial_sl,False,0.370637,,False,100.0,1.0,100.0,100.0,261.7115938236064,-3.0000000000000004,0.3155,0.0,-3.3155000000000006,240
p11,DOGEUSDT,-1,2025-01-10 00:00:00+00:00,0.32076,2025-01-10 04:00:00+00:00,0.3303828,initial_sl,False,0.3303828,,False,100.0,1.0,100.0,100.0,311.7595710188303,-2.999999999999996,0.3245,0.0,-3.324499999999996,240
p12,DOGEUSDT,1,2025-01-16 12:00:00+00:00,0.37757,2025-01-19 08:00:00+00:00,0.36624290000000004,initial_sl,False,0.36624290000000004,,False,100.0,1.0,100.0,100.0,264.85155070582937,-2.9999999999999942,0.3155,0.0,-3.3154999999999943,240
p13,DOGEUSDT,-1,2025-01-27 04:00:00+00:00,0.32973,2025-01-31 12:00:00+00:00,0.33962190000000003,initial_sl,False,0.33962190000000003,,False,100.0,1.0,100.0,100.0,303.27843993570497,-3.0000000000000027,0.3245,0.0,-3.3245000000000027,240
p7,SOLUSDT,-1,2024-03-22 22:00:00+00:00,170.361,2024-03-23 01:00:00+00:00,175.47182999999998,initial_sl,False,175.47182999999998,,False,100.0,1.0,100.0,100.0,0.5869888061234673,-2.999999999999996,0.3245,0.0,-3.324499999999996,60
p8,SOLUSDT,1,2024-03-25 03:00:00+00:00,184.368,2024-04-02 11:00:00+00:00,178.83696,initial_sl,False,178.83696,,False,100.0,1.0,100.0,100.0,0.5423934739217218,-2.9999999999999947,0.3155,0.0,-3.315499999999995,60
p9,SOLUSDT,-1,2024-04-02 16:00:00+00:00,177.532,2024-04-02 17:00:00+00:00,182.85796000000002,initial_sl,False,182.85796000000002,,False,100.0,1.0,100.0,100.0,0.5632787328481625,-3.000000000000005,0.3245,0.0,-3.324500000000005,60
p10,SOLUSDT,1,2024-04-21 12:00:00+00:00,151.4,2024-04-21 16:00:00+00:00,146.858,initial_sl,False,146.858,,False,100.0,1.0,100.0,100.0,0.6605019815059445,-3.000000000000001,0.3155,0.0,-3.315500000000001,60
p11,SOLUSDT,-1,2024-04-25 17:00:00+00:00,148.56,2024-05-03 22:00:00+00:00,143.26,signal_reverse,False,153.0168,,False,100.0,1.0,100.0,100.0,0.6731287022078621,3.567582121701677,0.31464862681744754,0.0,3.2529334948842292,60
p12,SOLUSDT,1,2024-05-03 23:00:00+00:00,143.26,2024-05-12 11:00:00+00:00,144.97,signal_reverse,False,138.9622,,False,100.0,1.0,100.0,100.0,0.6980315510261065,1.1936339522546475,0.321790450928382,0.0,0.8718435013262655,60
p13,SOLUSDT,-1,2024-05-12 12:00:00+00:00,144.97,2024-05-13 16:00:00+00:00,149.3191,initial_sl,False,149.3191,,False,100.0,1.0,100.0,100.0,0.689797889218459,-2.999999999999995,0.3245,0.0,-3.324499999999995,60
p14,SOLUSDT,1,2024-05-14 06:00:00+00:00,148.57,2024-05-14 06:00:00+00:00,144.1129,initial_sl,False,144.1129,,False,100.0,1.0,100.0,100.0,0.6730833950326446,-2.9999999999999982,0.3155,0.0,-3.3154999999999983,60
p15,SOLUSDT,-1,2024-05-14 14:00:00+00:00,144.31,2024-05-15 12:00:00+00:00,148.6393,initial_sl,False,148.6393,,False,100.0,1.0,100.0,100.0,0.692952671332548,-2.9999999999999925,0.3245,0.0,-3.3244999999999925,60
p16,SOLUSDT,1,2024-05-15 17:00:00+00:00,153.0,2024-05-25 11:00:00+00:00,168.55,signal_reverse,False,148.41,,False,100.0,1.0,100.0,100.0,0.6535947712418301,10.163398692810466,0.3352450980392157,0.0,9.82815359477125,60
p17,SOLUSDT,-1,2024-05-25 12:00:00+00:00,168.55,2024-05-29 06:00:00+00:00,173.6065,initial_sl,False,173.6065,,False,100.0,1.0,100.0,100.0,0.5932957579353307,-2.9999999999999996,0.3245,0.0,-3.3244999999999996,60
p18,SOLUSDT,1,2024-05-29 07:00:00+00:00,173.27,2024-05-29 09:00:00+00:00,168.0719,initial_sl,False,168.0719,,False,100.0,1.0,100.0,100.0,0.5771339527904427,-3.000000000000006,0.3155,0.0,-3.3155000000000063,60
p19,SOLUSDT,-1,2024-05-30 09:00:00+00:00,165.49,2024-05-30 17:00:00+00:00,170.4547,initial_sl,False,170.4547,,False,100.0,1.0,100.0,100.0,0.6042661187987189,-2.999999999999996,0.3245,0.0,-3.324499999999996,60
p20,SOLUSDT,1,2024-06-05 01:00:00+00:00,172.16,2024-06-07 17:00:00+00:00,166.9952,initial_sl,False,166.9952,,False,100.0,1.0,100.0,100.0,0.5808550185873607,-2.999999999999992,0.3155,0.0,-3.315499999999992,60
p21,SOLUSDT,-1,2024-06-08 02:00:00+00:00,163.07,2024-06-27 10:00:00+00:00,138.36,signal_reverse,False,167.9621,,False,100.0,1.0,100.0,100.0,0.6132335806708775,15.153001778377371,0.297270497332434,0.0,14.855731281044937,60
p22,SOLUSDT,1,2024-06-27 11:00:00+00:00,138.36,2024-07-04 01:00:00+00:00,134.2092,initial_sl,False,134.2092,,False,100.0,1.0,100.0,100.0,0.7227522405319455,-3.000000000000002,0.3155,0.0,-3.3155000000000023,60
p23,SOLUSDT,-1,2024-07-04 08:00:00+00:00,134.32,2024-07-06 09:00:00+00:00,138.34959999999998,initial_sl,False,138.34959999999998,,False,100.0,1.0,100.0,100.0,0.7444907683144729,-2.999999999999991,0.3245,0.0,-3.324499999999991,60
p24,SOLUSDT,1,2024-07-09 13:00:00+00:00,140.91,2024-07-11 19:00:00+00:00,136.6827,initial_sl,False,136.6827,,False,100.0,1.0,100.0,100.0,0.7096728408203818,-2.99999999999999,0.3155,0.0,-3.31549999999999,60
p25,SOLUSDT,-1,2024-07-12 05:00:00+00:00,135.97,2024-07-12 18:00:00+00:00,140.0491,initial_sl,False,140.0491,,False,100.0,1.0,100.0,100.0,0.735456350665588,-3.000000000000008,0.3245,0.0,-3.324500000000008,60
p26,SOLUSDT,1,2024-07-14 00:00:00+00:00,141.8,2024-08-01 03:00:00+00:00,168.5,signal_reverse,False,137.54600000000002,,False,100.0,1.0,100.0,100.0,0.7052186177715091,18.829337094499284,0.34824400564174895,0.0,18.481093088857534,60
p27,SOLUSDT,-1,2024-08-01 04:00:00+00:00,168.5,2024-08-09 00:00:00+00:00,161.14,signal_reverse,False,173.555,,False,100.0,1.0,100.0,100.0,0.5934718100890207,4.367952522255201,0.3134480712166172,0.0,4.054504451038584,60
p28,SOLUSDT,1,2024-08-09 01:00:00+00:00,161.14,2024-08-09 04:00:00+00:00,156.30579999999998,initial_sl,False,156.30579999999998,,False,100.0,1.0,100.0,100.0,0.6205783790492739,-3.000000000000006,0.3155,0.0,-3.3155000000000063,60
p29,SOLUSDT,-1,2024-08-11 20:00:00+00:00,145.73,2024-08-12 11:00:00+00:00,150.1019,initial_sl,False,150.1019,,False,100.0,1.0,100.0,100.0,0.6862005077883758,-3.0000000000000075,0.3245,0.0,-3.3245000000000076,60
p30,SOLUSDT,1,2024-08-23 19:00:00+00:00,148.25,2024-08-28 07:00:00+00:00,143.8025,initial_sl,False,143.8025,,False,100.0,1.0,100.0,100.0,0.6745362563237775,-2.9999999999999942,0.3155,0.0,-3.3154999999999943,60
p31,SOLUSDT,-1,2024-08-28 16:00:00+00:00,143.99,2024-09-10 12:00:00+00:00,134.39,signal_reverse,False,148.30970000000002,,False,100.0,1.0,100.0,100.0,0.6944926731022987,6.667129661782083,0.3099993055073269,0.0,6.357130356274757,60
p32,SOLUSDT,1,2024-09-10 13:00:00+00:00,134.39,2024-09-11 10:00:00+00:00,130.35829999999999,initial_sl,False,130.35829999999999,,False,100.0,1.0,100.0,100.0,0.7441029838529654,-3.000000000000001,0.3155,0.0,-3.315500000000001,60
p33,SOLUSDT,-1,2024-09-16 09:00:00+00:00,131.65,2024-09-19 00:00:00+00:00,135.5995,initial_sl,False,135.5995,,False,100.0,1.0,100.0,100.0,0.7595898214963919,-3.0,0.3245,0.0,-3.3245,60
p34,SOLUSDT,1,2024-09-19 10:00:00+00:00,138.6,2024-10-02 01:00:00+00:00,146.1,signal_reverse,False,134.442,,False,100.0,1.0,100.0,100.0,0.7215007215007215,5.411255411255412,0.32811688311688314,0.0,5.083138528138528,60
p35,SOLUSDT,-1,2024-10-02 02:00:00+00:00,146.1,2024-10-07 02:00:00+00:00,150.483,initial_sl,False,150.483,,False,100.0,1.0,100.0,100.0,0.6844626967830254,-3.000000000000007,0.3245,0.0,-3.324500000000007,60
p36,SOLUSDT,1,2024-10-07 16:00:00+00:00,148.65,2024-10-07 22:00:00+00:00,144.19050000000001,initial_sl,False,144.19050000000001,,False,100.0,1.0,100.0,100.0,0.6727211570803902,-2.9999999999999942,0.3155,0.0,-3.3154999999999943,60
p37,SOLUSDT,-1,2024-10-08 03:00:00+00:00,145.25,2024-10-12 12:00:00+00:00,146.93,signal_reverse,False,149.6075,,False,100.0,1.0,100.0,100.0,0.6884681583476764,-1.156626506024101,0.32173493975903616,0.0,-1.478361445783137,60
p38,SOLUSDT,1,2024-10-12 13:00:00+00:00,146.93,2024-11-01 06:00:00+00:00,165.46,signal_reverse,False,142.5221,,False,100.0,1.0,100.0,100.0,0.6805962022731913,12.611447628122235,0.33891717144218336,0.0,12.272530456680052,60
p39,SOLUSDT,-1,2024-11-01 07:00:00+00:00,165.46,2024-11-01 13:00:00+00:00,170.4238,initial_sl,False,170.4238,,False,100.0,1.0,100.0,100.0,0.6043756799226399,-2.9999999999999947,0.3245,0.0,-3.3244999999999947,60
p40,SOLUSDT,1,2024-11-06 07:00:00+00:00,185.25,2024-11-26 12:00:00+00:00,227.82,signal_reverse,False,179.6925,,False,100.0,1.0,100.0,100.0,0.5398110661268556,22.97975708502024,0.3544696356275304,0.0,22.625287449392708,60
p41,SOLUSDT,-1,2024-11-26 13:00:00+00:00,227.82,2024-11-27 07:00:00+00:00,234.6546,initial_sl,False,234.6546,,False,100.0,1.0,100.0,100.0,0.4389430251953297,-2.999999999999998,0.3245,0.0,-3.324499999999998,60
p42,SOLUSDT,1,2024-11-30 00:00:00+00:00,243.52,2024-12-01 02:00:00+00:00,236.2144,initial_sl,False,236.2144,,False,100.0,1.0,100.0,100.0,0.41064388961892245,-2.999999999999999,0.3155,0.0,-3.3154999999999992,60
p43,SOLUSDT,-1,2024-12-01 03:00:00+00:00,234.69,2024-12-05 11:00:00+00:00,241.73069999999998,initial_sl,False,241.73069999999998,,False,100.0,1.0,100.0,100.0,0.42609399633559164,-2.9999999999999947,0.3245,0.0,-3.3244999999999947,60
p44,SOLUSDT,1,2024-12-06 02:00:00+00:00,244.23,2024-12-06 09:00:00+00:00,236.9031,initial_sl,False,236.9031,,False,100.0,1.0,100.0,100.0,0.40945010850427876,-2.999999999999998,0.3155,0.0,-3.315499999999998,60
p45,SOLUSDT,-1,2024-12-09 07:00:00+00:00,230.62,2025-01-02 03:00:00+00:00,198.42,signal_reverse,False,237.5386,,False,100.0,1.0,100.0,100.0,0.43361373688318444,13.962362327638546,0.29905645650854223,0.0,13.663305871130005,60
p46,SOLUSDT,1,2025-01-02 04:00:00+00:00,198.42,2025-01-08 09:00:00+00:00,195.83,signal_reverse,False,192.4674,,False,100.0,1.0,100.0,100.0,0.5039814534825119,-1.3053119645196931,0.3180420320532205,0.0,-1.6233539965729136,60
p47,SOLUSDT,-1,2025-01-08 10:00:00+00:00,195.83,2025-01-15 18:00:00+00:00,201.7049,initial_sl,False,201.7049,,False,100.0,1.0,100.0,100.0,0.5106469897359954,-2.999999999999998,0.3245,0.0,-3.324499999999998,60
p48,SOLUSDT,1,2025-01-16 00:00:00+00:00,205.77,2025-01-16 08:00:00+00:00,199.5969,initial_sl,False,199.5969,,False,100.0,1.0,100.0,100.0,0.4859794916654517,-3.000000000000002,0.3155,0.0,-3.3155000000000023,60
p49,SOLUSDT,-1,2025-01-27 11:00:00+00:00,221.96,2025-01-27 12:00:00+00:00,228.61880000000002,initial_sl,False,228.61880000000002,,False,100.0,1.0,100.0,100.0,0.4505316273202379,-3.000000000000006,0.3245,0.0,-3.3245000000000062,60
p4,ETHUSDT,-1,2024-03-15 11:00:00+00:00,3662.33,2024-03-15 18:00:00+00:00,3772.1999,initial_sl,False,3772.1999,,False,100.0,1.0,100.0,100.0,0.027305021666534694,-3.000000000000004,0.3245,0.0,-3.324500000000004,60
p5,ETHUSDT,1,2024-03-25 23:00:00+00:00,3615.28,2024-03-27 14:00:00+00:00,3506.8216,initial_sl,False,3506.8216,,False,100.0,1.0,100.0,100.0,0.027660374853400012,-2.9999999999999996,0.3155,0.0,-3.3154999999999997,60
p6,ETHUSDT,-1,2024-04-02 03:00:00+00:00,3367.85,2024-04-08 07:00:00+00:00,3468.8855,initial_sl,False,3468.8855,,False,100.0,1.0,100.0,100.0,0.02969253381237288,-2.999999999999999,0.3245,0.0,-3.324499999999999,60
p7,ETHUSDT,1,2024-04-08 09:00:00+00:00,3598.63,2024-04-09 14:00:00+00:00,3490.6711,initial_sl,False,3490.6711,,False,100.0,1.0,100.0,100.0,0.027788352789811677,-3.000000000000002,0.3155,0.0,-3.3155000000000023,60
p8,ETHUSDT,-1,2024-04-12 21:00:00+00:00,3226.61,2024-04-22 07:00:00+00:00,3202.01,signal_reverse,False,3323.4083,,False,100.0,1.0,100.0,100.0,0.030992279823096065,0.7624100836481603,0.31885638487452783,0.0,0.4435536987736325,60
p9,ETHUSDT,1,2024-04-22 08:00:00+00:00,3202.01,2024-04-24 19:00:00+00:00,3105.9497,initial_sl,False,3105.9497,,False,100.0,1.0,100.0,100.0,0.03123038341541719,-3.000000000000003,0.3155,0.0,-3.3155000000000032,60
p10,ETHUSDT,-1,2024-04-26 01:00:00+00:00,3145.4,2024-04-27 17:00:00+00:00,3239.762,initial_sl,False,3239.762,,False,100.0,1.0,100.0,100.0,0.031792458828765816,-3.000000000000002,0.3245,0.0,-3.3245000000000022,60
p11,ETHUSDT,1,2024-04-27 23:00:00+00:00,3244.35,2024-04-29 11:00:00+00:00,3147.0195,initial_sl,False,3147.0195,,False,100.0,1.0,100.0,100.0,0.030822815047698307,-3.000000000000001,0.3155,0.0,-3.315500000000001,60
p12,ETHUSDT,-1,2024-04-30 11:00:00+00:00,3043.94,2024-05-04 10:00:00+00:00,3135.2582,initial_sl,False,3135.2582,,False,100.0,1.0,100.0,100.0,0.03285215871534918,-3.000000000000005,0.3245,0.0,-3.324500000000005,60
p13,ETHUSDT,1,2024-05-05 00:00:00+00:00,3115.54,2024-05-07 03:00:00+00:00,3022.0738,initial_sl,False,3022.0738,,False,100.0,1.0,100.0,100.0,0.03209716453648485,-2.999999999999995,0.3155,0.0,-3.3154999999999952,60
p14,ETHUSDT,-1,2024-05-07 18:00:00+00:00,3058.36,2024-05-16 12:00:00+00:00,2978.41,signal_reverse,False,3150.1108,,False,100.0,1.0,100.0,100.0,0.03269726258517637,2.61414614368486,0.31607878078447277,0.0,2.298067362900387,60
p15,ETHUSDT,1,2024-05-16 13:00:00+00:00,2978.41,2024-05-16 14:00:00+00:00,2940.2,signal_reverse,False,2889.0577,,False,100.0,1.0,100.0,100.0,0.03357496113698249,-1.282899265044102,0.31807565110243385,0.0,-1.6009749161465359,60
p16,ETHUSDT,-1,2024-05-16 15:00:00+00:00,2940.2,2024-05-17 07:00:00+00:00,3028.406,initial_sl,False,3028.406,,False,100.0,1.0,100.0,100.0,0.034011291748860625,-3.000000000000005,0.3245,0.0,-3.324500000000005,60
p17,ETHUSDT,1,2024-05-17 11:00:00+00:00,3036.37,2024-06-07 23:00:00+00:00,3680.4,signal_reverse,False,2945.2789,,False,100.0,1.0,100.0,100.0,0.03293406271304222,21.210524409080588,0.35181578661362095,0.0,20.858708622466967,60
p18,ETHUSDT,-1,2024-06-08 00:00:00+00:00,3680.4,2024-07-01 07:00:00+00:00,3488.74,signal_reverse,False,3790.812,,False,100.0,1.0,100.0,100.0,0.027170959678295838,5.207586131942189,0.31218862080208676,0.0,4.895397511140102,60
p19,ETHUSDT,1,2024-07-01 08:00:00+00:00,3488.74,2024-07-03 01:00:00+00:00,3384.0778,initial_sl,False,3384.0778,,False,100.0,1.0,100.0,100.0,0.02866364360772084,-2.9999999999999933,0.3155,0.0,-3.3154999999999935,60
p20,ETHUSDT,-1,2024-07-03 05:00:00+00:00,3359.71,2024-07-13 09:00:00+00:00,3165.11,signal_reverse,False,3460.5013,,False,100.0,1.0,100.0,100.0,0.02976447371945793,5.792166585806511,0.31131175012129025,0.0,5.4808548356852205,60
p21,ETHUSDT,1,2024-07-13 10:00:00+00:00,3165.11,2024-07-25 01:00:00+00:00,3213.49,signal_reverse,False,3070.1567,,False,100.0,1.0,100.0,100.0,0.03159447854892879,1.5285408721971638,0.3222928113082958,0.0,1.2062480608888682,60
p22,ETHUSDT,-1,2024-07-25 02:00:00+00:00,3213.49,2024-07-27 13:00:00+00:00,3309.8947,initial_sl,False,3309.8947,,False,100.0,1.0,100.0,100.0,0.031118814746583935,-3.0000000000000018,0.3245,0.0,-3.324500000000002,60
p23,ETHUSDT,1,2024-08-14 00:00:00+00:00,2701.25,2024-08-15 06:00:00+00:00,2620.2125,initial_sl,False,2620.2125,,False,100.0,1.0,100.0,100.0,0.03701989819527996,-2.9999999999999964,0.3155,0.0,-3.3154999999999966,60
p24,ETHUSDT,-1,2024-08-15 10:00:00+00:00,2622.01,2024-08-23 07:00:00+00:00,2668.4,signal_reverse,False,2700.6703,,False,100.0,1.0,100.0,100.0,0.03813867986773505,-1.7692533590642243,0.3226538800385964,0.0,-2.0919072391028206,60
p25,ETHUSDT,1,2024-08-23 08:00:00+00:00,2668.4,2024-08-27 14:00:00+00:00,2588.348,initial_sl,False,2588.348,,False,100.0,1.0,100.0,100.0,0.03747564083345825,-3.000000000000005,0.3155,0.0,-3.315500000000005,60
p26,ETHUSDT,-1,2024-08-27 18:00:00+00:00,2584.99,2024-09-13 19:00:00+00:00,2420.09,signal_reverse,False,2662.5397,,False,100.0,1.0,100.0,100.0,0.03868486918711485,6.379134928955224,0.3104312976065672,0.0,6.068703631348657,60
p27,ETHUSDT,1,2024-09-13 20:00:00+00:00,2420.09,2024-09-15 21:00:00+00:00,2347.4873000000002,initial_sl,False,2347.4873000000002,,False,100.0,1.0,100.0,100.0,0.04132077732646306,-2.999999999999996,0.3155,0.0,-3.315499999999996,60
p28,ETHUSDT,-1,2024-09-16 05:00:00+00:00,2280.19,2024-09-17 14:00:00+00:00,2348.5957,initial_sl,False,2348.5957,,False,100.0,1.0,100.0,100.0,0.0438559944566023,-2.999999999999991,0.3245,0.0,-3.324499999999991,60
p29,ETHUSDT,1,2024-09-19 10:00:00+00:00,2429.87,2024-10-01 17:00:00+00:00,2505.2,signal_reverse,False,2356.9739,,False,100.0,1.0,100.0,100.0,0.041154465053686,3.1001658524941633,0.32465024877874127,0.0,2.775515603715422,60
p30,ETHUSDT,-1,2024-10-01 18:00:00+00:00,2505.2,2024-10-12 19:00:00+00:00,2471.55,signal_reverse,False,2580.3559999999998,,False,100.0,1.0,100.0,100.0,0.039916972696790676,1.3432061312469916,0.31798519080312954,0.0,1.0252209404438621,60
p31,ETHUSDT,1,2024-10-12 20:00:00+00:00,2471.55,2024-10-23 16:00:00+00:00,2491.25,signal_reverse,False,2397.4035000000003,,False,100.0,1.0,100.0,100.0,0.04046043980498068,0.797070664158112,0.3211956059962372,0.0,0.4758750581618748,60
p32,ETHUSDT,-1,2024-10-23 17:00:00+00:00,2491.25,2024-10-25 14:00:00+00:00,2565.9875,initial_sl,False,2565.9875,,False,100.0,1.0,100.0,100.0,0.04014049172102358,-3.000000000000007,0.3245,0.0,-3.324500000000007,60
p33,ETHUSDT,1,2024-10-29 10:00:00+00:00,2624.41,2024-10-31 14:00:00+00:00,2545.6776999999997,initial_sl,False,2545.6776999999997,,False,100.0,1.0,100.0,100.0,0.03810380237843935,-3.000000000000005,0.3155,0.0,-3.315500000000005,60
p34,ETHUSDT,-1,2024-11-01 09:00:00+00:00,2501.27,2024-11-01 13:00:00+00:00,2576.3081,initial_sl,False,2576.3081,,False,100.0,1.0,100.0,100.0,0.0399796903173188,-3.0000000000000084,0.3245,0.0,-3.3245000000000084,60
p35,ETHUSDT,1,2024-11-06 15:00:00+00:00,2614.83,2024-11-21 02:00:00+00:00,3057.54,signal_reverse,False,2536.3851,,False,100.0,1.0,100.0,100.0,0.03824340396890046,16.930737371071924,0.3453961060566079,0.0,16.585341265015316,60
p36,ETHUSDT,-1,2024-11-21 03:00:00+00:00,3057.54,2024-11-21 06:00:00+00:00,3129.28,signal_reverse,False,3149.2662,,False,100.0,1.0,100.0,100.0,0.03270603164635622,-2.346330710309603,0.32351949606546443,0.0,-2.6698502063750675,60
p37,ETHUSDT,1,2024-11-21 07:00:00+00:00,3129.28,2024-12-10 14:00:00+00:00,3671.8,signal_reverse,False,3035.4016,,False,100.0,1.0,100.0,100.0,0.031956232743634315,17.33689538807649,0.3460053430821147,0.0,16.990890044994373,60
p38,ETHUSDT,-1,2024-12-10 15:00:00+00:00,3671.8,2024-12-11 15:00:00+00:00,3781.954,initial_sl,False,3781.954,,False,100.0,1.0,100.0,100.0,0.027234598834359167,-2.9999999999999996,0.3245,0.0,-3.3244999999999996,60
p39,ETHUSDT,1,2024-12-12 10:00:00+00:00,3923.82,2024-12-18 06:00:00+00:00,3806.1054000000004,initial_sl,False,3806.1054000000004,,False,100.0,1.0,100.0,100.0,0.02548536884974336,-2.9999999999999942,0.3155,0.0,-3.3154999999999943,60
p40,ETHUSDT,-1,2024-12-18 22:00:00+00:00,3691.11,2025-01-02 16:00:00+00:00,3468.67,signal_reverse,False,3801.8433,,False,100.0,1.0,100.0,100.0,0.027092121340193058,6.0263714709125455,0.3109604427936312,0.0,5.715411028118915,60
p41,ETHUSDT,1,2025-01-02 17:00:00+00:00,3468.67,2025-01-07 19:00:00+00:00,3364.6099,initial_sl,False,3364.6099,,False,100.0,1.0,100.0,100.0,0.02882949372526069,-3.000000000000004,0.3155,0.0,-3.315500000000004,60
p42,ETHUSDT,-1,2025-01-08 07:00:00+00:00,3307.07,2025-01-15 19:00:00+00:00,3406.2821000000004,initial_sl,False,3406.2821000000004,,False,100.0,1.0,100.0,100.0,0.030238247149289247,-3.0000000000000053,0.3245,0.0,-3.3245000000000053,60
p43,ETHUSDT,1,2025-01-16 07:00:00+00:00,3379.13,2025-01-16 14:00:00+00:00,3277.7561,initial_sl,False,3277.7561,,False,100.0,1.0,100.0,100.0,0.029593416056795684,-3.0000000000000013,0.3155,0.0,-3.3155000000000014,60
p44,ETHUSDT,-1,2025-01-19 11:00:00+00:00,3174.01,2025-01-19 13:00:00+00:00,3269.2303,initial_sl,False,3269.2303,,False,100.0,1.0,100.0,100.0,0.031505886874962585,-2.9999999999999982,0.3245,0.0,-3.3244999999999982,60
p45,ETHUSDT,1,2025-01-19 19:00:00+00:00,3433.13,2025-01-19 21:00:00+00:00,3330.1361,initial_sl,False,3330.1361,,False,100.0,1.0,100.0,100.0,0.029127938644910038,-2.9999999999999982,0.3155,0.0,-3.3154999999999983,60
p46,ETHUSDT,-1,2025-01-20 00:00:00+00:00,3213.88,2025-01-20 05:00:00+00:00,3310.2964,initial_sl,False,3310.2964,,False,100.0,1.0,100.0,100.0,0.031115038520417686,-3.0000000000000018,0.3245,0.0,-3.324500000000002,60
p47,ETHUSDT,1,2025-01-20 12:00:00+00:00,3376.19,2025-01-20 12:00:00+00:00,3274.9043,initial_sl,False,3274.9043,,False,100.0,1.0,100.0,100.0,0.029619186124003685,-2.9999999999999973,0.3155,0.0,-3.3154999999999974,60
p48,ETHUSDT,-1,2025-01-21 01:00:00+00:00,3226.39,2025-01-21 12:00:00+00:00,3323.1817,initial_sl,False,3323.1817,,False,100.0,1.0,100.0,100.0,0.030994393114285628,-3.000000000000007,0.3245,0.0,-3.324500000000007,60
p49,ETHUSDT,1,2025-01-24 12:00:00+00:00,3399.2,2025-01-25 00:00:00+00:00,3297.2239999999997,initial_sl,False,3297.2239999999997,,False,100.0,1.0,100.0,100.0,0.02941868674982349,-3.0000000000000036,0.3155,0.0,-3.3155000000000037,60
p50,ETHUSDT,-1,2025-01-27 02:00:00+00:00,3193.68,2025-01-31 11:00:00+00:00,3289.4903999999997,initial_sl,False,3289.4903999999997,,False,100.0,1.0,100.0,100.0,0.031311840885749356,-2.999999999999995,0.3245,0.0,-3.324499999999995,60
p51,ETHUSDT,1,2025-01-31 14:00:00+00:00,3353.97,2025-02-01 08:00:00+00:00,3253.3509,initial_sl,False,3253.3509,,False,100.0,1.0,100.0,100.0,0.029815412779482228,-2.999999999999997,0.3155,0.0,-3.315499999999997,60
p52,ETHUSDT,-1,2025-02-02 02:00:00+00:00,3150.89,2025-02-17 14:00:00+00:00,2825.27,signal_reverse,False,3245.4166999999998,,False,100.0,1.0,100.0,100.0,0.03173706476582807,10.334223029048932,0.3044986654564267,0.0,10.029724363592505,60
p53,ETHUSDT,1,2025-02-17 15:00:00+00:00,2825.27,2025-02-17 16:00:00+00:00,2740.5119,initial_sl,False,2740.5119,,False,100.0,1.0,100.0,100.0,0.035394847218141984,-3.0000000000000004,0.3155,0.0,-3.3155000000000006,60
p54,ETHUSDT,-1,2025-02-18 15:00:00+00:00,2687.12,2025-02-20 02:00:00+00:00,2740.75,signal_reverse,False,2767.7336,,False,100.0,1.0,100.0,100.0,0.037214564291881275,-1.9958170829735968,0.3229937256244604,0.0,-2.318810808598057,60
p55,ETHUSDT,1,2025-02-20 03:00:00+00:00,2740.75,2025-02-21 17:00:00+00:00,2658.5275,initial_sl,False,2658.5275,,False,100.0,1.0,100.0,100.0,0.03648636322174587,-2.9999999999999947,0.3155,0.0,-3.315499999999995,60
p56,ETHUSDT,-1,2025-02-24 21:00:00+00:00,2641.01,2025-02-28 23:00:00+00:00,2236.39,end_of_data,False,2720.2403000000004,,False,100.0,1.0,100.0,100.0,0.03786430191479775,15.320653840765477,0.2970190192388518,0.0,15.023634821526626,60
p2,BTCUSDT,-1,2024-03-16 14:00:00+00:00,67738.9,2024-03-25 13:00:00+00:00,68037.0,signal_reverse,False,69771.067,,False,100.0,1.0,100.0,100.0,0.0014762566265469326,-0.4400721003736492,0.3206601081505605,0.0,-0.7607322085242096,60
p3,BTCUSDT,1,2024-03-25 14:00:00+00:00,68037.0,2024-04-02 02:00:00+00:00,65995.89,initial_sl,False,65995.89,,False,100.0,1.0,100.0,100.0,0.001469788497435219,-3.0000000000000004,0.3155,0.0,-3.3155000000000006,60
p4,BTCUSDT,-1,2024-04-02 08:00:00+00:00,66520.0,2024-04-04 17:00:00+00:00,68515.6,initial_sl,False,68515.6,,False,100.0,1.0,100.0,100.0,0.001503307276007216,-3.000000000000009,0.3245,0.0,-3.324500000000009,60
p5,BTCUSDT,1,2024-04-07 02:00:00+00:00,69508.1,2024-04-12 17:00:00+00:00,67422.857,initial_sl,False,67422.857,,False,100.0,1.0,100.0,100.0,0.0014386812472215467,-3.0000000000000027,0.3155,0.0,-3.315500000000003,60
p6,BTCUSDT,-1,2024-04-13 01:00:00+00:00,66936.1,2024-04-22 04:00:00+00:00,65716.8,signal_reverse,False,68944.183,,False,100.0,1.0,100.0,100.0,0.001493962151962842,1.8215880518882976,0.31726761792216757,0.0,1.50432043396613,60
p7,BTCUSDT,1,2024-04-22 05:00:00+00:00,65716.8,2024-04-24 19:00:00+00:00,63745.296,initial_sl,False,63745.296,,False,100.0,1.0,100.0,100.0,0.0015216809095999805,-3.0000000000000013,0.3155,0.0,-3.3155000000000014,60
p8,BTCUSDT,-1,2024-04-25 09:00:00+00:00,63907.4,2024-05-04 14:00:00+00:00,63778.8,signal_reverse,False,65824.622,,False,100.0,1.0,100.0,100.0,0.0015647640179384547,0.201228652706883,0.3196981570209397,0.0,-0.11846950431405667,60
p9,BTCUSDT,1,2024-05-04 15:00:00+00:00,63778.8,2024-05-08 13:00:00+00:00,61865.436,initial_sl,False,61865.436,,False,100.0,1.0,100.0,100.0,0.0015679191204600901,-3.000000000000002,0.3155,0.0,-3.3155000000000023,60
p10,BTCUSDT,-1,2024-05-09 01:00:00+00:00,61376.5,2024-05-09 22:00:00+00:00,63217.795,initial_sl,False,63217.795,,False,100.0,1.0,100.0,100.0,0.00162928808257232,-2.9999999999999973,0.3245,0.0,-3.3244999999999973,60
p11,BTCUSDT,1,2024-05-10 14:00:00+00:00,62966.6,2024-05-10 14:00:00+00:00,61077.602,initial_sl,False,61077.602,,False,100.0,1.0,100.0,100.0,0.0015881435554722663,-2.9999999999999996,0.3155,0.0,-3.3154999999999997,60
p12,BTCUSDT,-1,2024-05-10 15:00:00+00:00,61039.3,2024-05-13 08:00:00+00:00,62870.47900000001,initial_sl,False,62870.47900000001,,False,100.0,1.0,100.0,100.0,0.0016382887746091452,-3.0000000000000058,0.3245,0.0,-3.324500000000006,60
p13,BTCUSDT,1,2024-05-13 22:00:00+00:00,62863.8,2024-05-14 17:00:00+00:00,61285.3,signal_reverse,False,60977.886000000006,,False,100.0,1.0,100.0,100.0,0.0015907406170164705,-2.510984063960499,0.3162335239040593,0.0,-2.827217587864558,60
p14,BTCUSDT,-1,2024-05-14 18:00:00+00:00,61285.3,2024-05-15 11:00:00+00:00,62444.8,signal_reverse,False,63123.859000000004,,False,100.0,1.0,100.0,100.0,0.0016317126619270852,-1.8919708315044552,0.3228379562472567,0.0,-2.214808787751712,60
p15,BTCUSDT,1,2024-05-15 12:00:00+00:00,62444.8,2024-05-29 17:00:00+00:00,67645.9,signal_reverse,False,60571.456000000006,,False,100.0,1.0,100.0,100.0,0.0016014143691708517,8.329116275494503,0.33249367441324174,0.0,7.996622601081261,60
p16,BTCUSDT,-1,2024-05-29 18:00:00+00:00,67645.9,2024-05-31 02:00:00+00:00,68541.3,signal_reverse,False,69675.27699999999,,False,100.0,1.0,100.0,100.0,0.001478286193250441,-1.3236574574364577,0.3219854861861547,0.0,-1.6456429436226123,60
p17,BTCUSDT,1,2024-05-31 03:00:00+00:00,68541.3,2024-05-31 09:00:00+00:00,67950.8,signal_reverse,False,66485.061,,False,100.0,1.0,100.0,100.0,0.0014589743701972388,-0.8615243656014695,0.3187077134515979,0.0,-1.1802320790530674,60
p18,BTCUSDT,-1,2024-05-31 10:00:00+00:00,67950.8,2024-05-31 10:00:00+00:00,68358.9,signal_reverse,False,69989.32400000001,,False,100.0,1.0,100.0,100.0,0.0014716530195376654,-0.6005815972733084,0.32090087239591003,0.0,-0.9214824696692184,60
p19,BTCUSDT,1,2024-05-31 11:00:00+00:00,68358.9,2024-05-31 14:00:00+00:00,67527.1,signal_reverse,False,66308.133,,False,100.0,1.0,100.0,100.0,0.001462867307695121,-1.2168130265407846,0.3181747804601888,0.0,-1.5349878070009735,60
p20,BTCUSDT,-1,2024-05-31 15:00:00+00:00,67527.1,2024-06-03 09:00:00+00:00,69028.2,signal_reverse,False,69552.913,,False,100.0,1.0,100.0,100.0,0.0014808869328017935,-2.2229593748287595,0.32333443906224313,0.0,-2.5462938138910025,60
p21,BTCUSDT,1,2024-06-03 10:00:00+00:00,69028.2,2024-06-10 06:00:00+00:00,69436.1,signal_reverse,False,66957.35399999999,,False,100.0,1.0,100.0,100.0,0.0014486832917561228,0.5909179147073351,0.320886376872061,0.0,0.2700315378352741,60
p22,BTCUSDT,-1,2024-06-10 07:00:00+00:00,69436.1,2024-06-10 18:00:00+00:00,69860.4,signal_reverse,False,71519.183,,False,100.0,1.0,100.0,100.0,0.0014401730511938314,-0.6110654256215259,0.3209165981384323,0.0,-0.9319820237599582,60
p23,BTCUSDT,1,2024-06-10 19:00:00+00:00,69860.4,2024-06-10 19:00:00+00:00,69498.1,signal_reverse,False,67764.58799999999,,False,100.0,1.0,100.0,100.0,0.0014314261011960999,-0.5186056764633303,0.319222091485305,0.0,-0.8378277679486353,60
p24,BTCUSDT,-1,2024-06-10 20:00:00+00:00,69498.1,2024-07-01 14:00:00+00:00,62794.5,signal_reverse,False,71583.043,,False,100.0,1.0,100.0,100.0,0.0014388882573768203,9.645731322151262,0.3055314030167732,0.0,9.340199919134488,60
p25,BTCUSDT,1,2024-07-01 15:00:00+00:00,62794.5,2024-07-03 03:00:00+00:00,60910.665,initial_sl,False,60910.665,,False,100.0,1.0,100.0,100.0,0.0015924961581030186,-2.9999999999999987,0.3155,0.0,-3.315499999999999,60
p26,BTCUSDT,-1,2024-07-03 05:00:00+00:00,60856.0,2024-07-13 18:00:00+00:00,58613.4,signal_reverse,False,62681.68,,False,100.0,1.0,100.0,100.0,0.001643223346917313,3.685092677796764,0.3144723609833049,0.0,3.370620316813459,60
p27,BTCUSDT,1,2024-07-13 19:00:00+00:00,58613.4,2024-07-25 19:00:00+00:00,64654.7,signal_reverse,False,56854.998,,False,100.0,1.0,100.0,100.0,0.001706094510811521,10.307028768165633,0.3354605431522485,0.0,9.971568225013385,60
p28,BTCUSDT,-1,2024-07-25 20:00:00+00:00,64654.7,2024-07-25 21:00:00+00:00,65810.6,signal_reverse,False,66594.341,,False,100.0,1.0,100.0,100.0,0.0015466779677270177,-1.7878050628956732,0.3226817075943435,0.0,-2.1104867704900165,60
p29,BTCUSDT,1,2024-07-25 22:00:00+00:00,65810.6,2024-07-31 05:00:00+00:00,66148.5,signal_reverse,False,63836.28200000001,,False,100.0,1.0,100.0,100.0,0.0015195120542891266,0.513443123144287,0.3207701646847164,0.0,0.19267295845957055,60
p30,BTCUSDT,-1,2024-07-31 06:00:00+00:00,66148.5,2024-08-09 23:00:00+00:00,60814.9,signal_reverse,False,68132.955,,False,100.0,1.0,100.0,100.0,0.0015117500774771914,8.063070213232345,0.30790539468015155,0.0,7.755164818552194,60
p31,BTCUSDT,1,2024-08-10 00:00:00+00:00,60814.9,2024-08-11 20:00:00+00:00,58990.453,initial_sl,False,58990.453,,False,100.0,1.0,100.0,100.0,0.0016443338721267322,-3.0000000000000004,0.3155,0.0,-3.3155000000000006,60
p32,BTCUSDT,-1,2024-08-12 08:00:00+00:00,58657.6,2024-08-12 14:00:00+00:00,60417.328,initial_sl,False,60417.328,,False,100.0,1.0,100.0,100.0,0.0017048089250156842,-3.000000000000005,0.3245,0.0,-3.324500000000005,60
p33,BTCUSDT,1,2024-08-13 23:00:00+00:00,60556.0,2024-08-14 16:00:00+00:00,58739.32,initial_sl,False,58739.32,,False,100.0,1.0,100.0,100.0,0.0016513640266860427,-3.0000000000000004,0.3155,0.0,-3.3155000000000006,60
p34,BTCUSDT,-1,2024-08-15 02:00:00+00:00,58165.3,2024-08-18 02:00:00+00:00,59910.259000000005,initial_sl,False,59910.259000000005,,False,100.0,1.0,100.0,100.0,0.0017192381024425216,-3.0000000000000044,0.3245,0.0,-3.3245000000000045,60
p35,BTCUSDT,1,2024-08-18 13:00:00+00:00,59949.8,2024-08-19 00:00:00+00:00,58151.306000000004,initial_sl,False,58151.306000000004,,False,100.0,1.0,100.0,100.0,0.0016680622787732403,-2.999999999999998,0.3155,0.0,-3.315499999999998,60
p36,BTCUSDT,-1,2024-08-19 02:00:00+00:00,58525.0,2024-08-20 00:00:00+00:00,60280.75,initial_sl,False,60280.75,,False,100.0,1.0,100.0,100.0,0.0017086715079026058,-3.0,0.3245,0.0,-3.3245,60
p37,BTCUSDT,1,2024-08-20 06:00:00+00:00,61087.9,2024-08-20 15:00:00+00:00,59255.263,initial_sl,False,59255.263,,False,100.0,1.0,100.0,100.0,0.0016369853931793366,-3.000000000000004,0.3155,0.0,-3.315500000000004,60
p38,BTCUSDT,-1,2024-08-28 06:00:00+00:00,59257.1,2024-08-29 15:00:00+00:00,61034.813,initial_sl,False,61034.813,,False,100.0,1.0,100.0,100.0,0.0016875614905218109,-3.0000000000000058,0.3245,0.0,-3.324500000000006,60
p39,BTCUSDT,1,2024-09-10 23:00:00+00:00,57585.7,2024-09-11 13:00:00+00:00,55858.129,initial_sl,False,55858.129,,False,100.0,1.0,100.0,100.0,0.0017365422318388073,-2.999999999999994,0.3155,0.0,-3.315499999999994,60
p40,BTCUSDT,-1,2024-10-01 14:00:00+00:00,62834.8,2024-10-07 06:00:00+00:00,63672.5,signal_reverse,False,64719.844000000005,,False,100.0,1.0,100.0,100.0,0.0015914747878564108,-1.3331784297873106,0.32199976764468097,0.0,-1.6551781974319915,60
p41,BTCUSDT,1,2024-10-07 07:00:00+00:00,63672.5,2024-10-09 01:00:00+00:00,62381.1,signal_reverse,False,61762.325,,False,100.0,1.0,100.0,100.0,0.0015705367309277946,-2.0281911343201564,0.31695771329851985,0.0,-2.345148847618676,60
p42,BTCUSDT,-1,2024-10-09 02:00:00+00:00,62381.1,2024-10-12 12:00:00+00:00,63023.6,signal_reverse,False,64252.532999999996,,False,100.0,1.0,100.0,100.0,0.0016030496416382526,-1.0299593947525774,0.3215449390921289,0.0,-1.3515043338447064,60
p43,BTCUSDT,1,2024-10-12 13:00:00+00:00,63023.6,2024-10-23 23:00:00+00:00,66659.1,signal_reverse,False,61132.892,,False,100.0,1.0,100.0,100.0,0.0015867072017466473,5.768474031949948,0.328652711047925,0.0,5.4398213209020225,60
p44,BTCUSDT,-1,2024-10-24 00:00:00+00:00,66659.1,2024-10-24 00:00:00+00:00,67446.8,signal_reverse,False,68658.873,,False,100.0,1.0,100.0,100.0,0.0015001702693255682,-1.1816841211477458,0.3217725261817216,0.0,-1.5034566473294673,60
p45,BTCUSDT,1,2024-10-24 01:00:00+00:00,67446.8,2024-11-03 04:00:00+00:00,68580.1,signal_reverse,False,65423.396,,False,100.0,1.0,100.0,100.0,0.0014826500293564704,1.6802872782696923,0.32252043091740457,0.0,1.3577668473522877,60
p46,BTCUSDT,-1,2024-11-03 05:00:00+00:00,68580.1,2024-11-06 00:00:00+00:00,70637.50300000001,initial_sl,False,70637.50300000001,,False,100.0,1.0,100.0,100.0,0.0014581489382488504,-3.000000000000008,0.3245,0.0,-3.324500000000008,60
p47,BTCUSDT,1,2024-11-06 04:00:00+00:00,74394.9,2024-11-26 20:00:00+00:00,91124.2,signal_reverse,False,72163.053,,False,100.0,1.0,100.0,100.0,0.0013441781627504038,22.487159738100335,0.3537307396071505,0.0,22.133428998493184,60
p48,BTCUSDT,-1,2024-11-26 21:00:00+00:00,91124.2,2024-11-27 10:00:00+00:00,93857.92599999999,initial_sl,False,93857.92599999999,,False,100.0,1.0,100.0,100.0,0.0010974033242541498,-2.9999999999999947,0.3245,0.0,-3.3244999999999947,60
p49,BTCUSDT,1,2024-11-28 01:00:00+00:00,96625.0,2024-12-03 13:00:00+00:00,93726.25,initial_sl,False,93726.25,,False,100.0,1.0,100.0,100.0,0.001034928848641656,-3.0,0.3155,0.0,-3.3155,60
p50,BTCUSDT,-1,2024-12-03 17:00:00+00:00,95169.5,2024-12-03 17:00:00+00:00,95914.7,signal_reverse,False,98024.585,,False,100.0,1.0,100.0,100.0,0.0010507568075906672,-0.7830239730165621,0.32117453595952483,0.0,-1.1041985089760868,60
p51,BTCUSDT,1,2024-12-03 18:00:00+00:00,95914.7,2024-12-03 18:00:00+00:00,95545.3,signal_reverse,False,93037.25899999999,,False,100.0,1.0,100.0,100.0,0.0010425930540365555,-0.3851338741610975,0.31942229918875836,0.0,-0.7045561733498559,60
p52,BTCUSDT,-1,2024-12-03 19:00:00+00:00,95545.3,2024-12-04 01:00:00+00:00,96303.8,signal_reverse,False,98411.659,,False,100.0,1.0,100.0,100.0,0.0010466239574317103,-0.7938642717119523,0.321190796407568,0.0,-1.1150550681195202,60
p53,BTCUSDT,1,2024-12-04 02:00:00+00:00,96303.8,2024-12-05 22:00:00+00:00,93414.686,initial_sl,False,93414.686,,False,100.0,1.0,100.0,100.0,0.0010383806246482485,-3.0000000000000013,0.3155,0.0,-3.3155000000000014,60
p54,BTCUSDT,-1,2024-12-10 12:00:00+00:00,97759.5,2024-12-11 15:00:00+00:00,100692.285,initial_sl,False,100692.285,,False,100.0,1.0,100.0,100.0,0.0010229184887402248,-3.0000000000000036,0.3245,0.0,-3.3245000000000036,60
p55,BTCUSDT,1,2024-12-11 20:00:00+00:00,101130.6,2024-12-19 17:00:00+00:00,98096.682,initial_sl,False,98096.682,,False,100.0,1.0,100.0,100.0,0.0009888203965960846,-3.000000000000005,0.3155,0.0,-3.315500000000005,60
p56,BTCUSDT,-1,2024-12-19 20:00:00+00:00,97154.9,2025-01-02 17:00:00+00:00,96729.2,signal_reverse,False,100069.54699999999,,False,100.0,1.0,100.0,100.0,0.001029284163742642,0.43816626850523965,0.31934275059724215,0.0,0.1188235179079975,60
p57,BTCUSDT,1,2025-01-02 18:00:00+00:00,96729.2,2025-01-08 16:00:00+00:00,94754.7,signal_reverse,False,93827.324,,False,100.0,1.0,100.0,100.0,0.0010338139879167822,-2.0412657191416863,0.31693810142128753,0.0,-2.3582038205629736,60
p58,BTCUSDT,-1,2025-01-08 17:00:00+00:00,94754.7,2025-01-15 00:00:00+00:00,96851.8,signal_reverse,False,97597.341,,False,100.0,1.0,100.0,100.0,0.0010553566208325287,-2.213188369547902,0.3233197825543219,0.0,-2.536508152102224,60
p59,BTCUSDT,1,2025-01-15 01:00:00+00:00,96851.8,2025-01-27 08:00:00+00:00,98979.9,signal_reverse,False,93946.246,,False,100.0,1.0,100.0,100.0,0.0010325053328900443,2.1972745989232942,0.3232959118983849,0.0,1.8739786870249093,60
p60,BTCUSDT,-1,2025-01-27 09:00:00+00:00,98979.9,2025-01-27 14:00:00+00:00,101949.29699999999,initial_sl,False,101949.29699999999,,False,100.0,1.0,100.0,100.0,0.0010103061328613184,-2.9999999999999973,0.3245,0.0,-3.3244999999999973,60
p61,BTCUSDT,1,2025-01-30 06:00:00+00:00,105357.4,2025-01-31 19:00:00+00:00,102196.678,initial_sl,False,102196.678,,False,100.0,1.0,100.0,100.0,0.0009491502258028387,-2.9999999999999947,0.3155,0.0,-3.315499999999995,60
p62,BTCUSDT,-1,2025-02-01 11:00:00+00:00,101588.5,2025-02-15 15:00:00+00:00,97599.3,signal_reverse,False,104636.155,,False,100.0,1.0,100.0,100.0,0.0009843633875881621,3.9268224257666935,0.31410976636134996,0.0,3.6127126594053434,60
p63,BTCUSDT,1,2025-02-15 16:00:00+00:00,97599.3,2025-02-16 18:00:00+00:00,96818.2,signal_reverse,False,94671.321,,False,100.0,1.0,100.0,100.0,0.001024597512482159,-0.8003131169998204,0.31879953032450026,0.0,-1.1191126473243207,60
p64,BTCUSDT,-1,2025-02-16 19:00:00+00:00,96818.2,2025-02-20 18:00:00+00:00,98241.3,signal_reverse,False,99722.746,,False,100.0,1.0,100.0,100.0,0.0010328636558002524,-1.4698682685693452,0.322204802402854,0.0,-1.792073070972199,60
p65,BTCUSDT,1,2025-02-20 19:00:00+00:00,98241.3,2025-02-21 19:00:00+00:00,95294.061,initial_sl,False,95294.061,,False,100.0,1.0,100.0,100.0,0.0010179018396539949,-3.0000000000000018,0.3155,0.0,-3.315500000000002,60
p66,BTCUSDT,-1,2025-02-23 00:00:00+00:00,96554.4,2025-02-28 23:00:00+00:00,84307.6,end_of_data,False,99451.03199999999,,False,100.0,1.0,100.0,100.0,0.0010356855824281443,12.683834190880985,0.30097424871367856,0.0,12.382859942167306,60
p6,XRPUSDT,-1,2024-03-11 05:00:00+00:00,0.6082,2024-03-11 08:00:00+00:00,0.626446,initial_sl,False,0.626446,,False,100.0,1.0,100.0,100.0,164.4195988161789,-2.999999999999998,0.3245,0.0,-3.324499999999998,60
p7,XRPUSDT,1,2024-03-11 10:00:00+00:00,0.6309,2024-03-15 03:00:00+00:00,0.611973,initial_sl,False,0.611973,,False,100.0,1.0,100.0,100.0,158.50372483753367,-3.000000000000004,0.3155,0.0,-3.315500000000004,60
p8,XRPUSDT,-1,2024-03-15 22:00:00+00:00,0.63,2024-03-18 23:00:00+00:00,0.6489,initial_sl,False,0.6489,,False,100.0,1.0,100.0,100.0,158.73015873015873,-3.0000000000000044,0.3245,0.0,-3.3245000000000045,60
p9,XRPUSDT,1,2024-03-24 09:00:00+00:00,0.6311,2024-03-27 09:00:00+00:00,0.612167,initial_sl,False,0.612167,,False,100.0,1.0,100.0,100.0,158.4534938995405,-2.9999999999999964,0.3155,0.0,-3.3154999999999966,60
p10,XRPUSDT,-1,2024-03-27 22:00:00+00:00,0.6134,2024-03-28 16:00:00+00:00,0.631802,initial_sl,False,0.631802,,False,100.0,1.0,100.0,100.0,163.02575806977504,-3.000000000000005,0.3245,0.0,-3.324500000000005,60
p11,XRPUSDT,1,2024-03-30 15:00:00+00:00,0.6344,2024-03-31 03:00:00+00:00,0.6231,signal_reverse,False,0.6153679999999999,,False,100.0,1.0,100.0,100.0,157.62925598991174,-1.781210592685999,0.317328184110971,0.0,-2.09853877679697,60
p12,XRPUSDT,-1,2024-03-31 04:00:00+00:00,0.6231,2024-03-31 09:00:00+00:00,0.6273,signal_reverse,False,0.641793,,False,100.0,1.0,100.0,100.0,160.48788316482106,-0.6740491092922455,0.3210110736639384,0.0,-0.9950601829561838,60
p13,XRPUSDT,1,2024-03-31 10:00:00+00:00,0.6273,2024-04-01 05:00:00+00:00,0.6084809999999999,initial_sl,False,0.6084809999999999,,False,100.0,1.0,100.0,100.0,159.41335883947076,-3.000000000000005,0.3155,0.0,-3.315500000000005,60
p14,XRPUSDT,-1,2024-04-01 07:00:00+00:00,0.6136,2024-04-08 16:00:00+00:00,0.618,signal_reverse,False,0.632008,,False,100.0,1.0,100.0,100.0,162.97262059973923,-0.717079530638846,0.32107561929595824,0.0,-1.0381551499348043,60
p15,XRPUSDT,1,2024-04-08 17:00:00+00:00,0.618,2024-04-10 12:00:00+00:00,0.59946,initial_sl,False,0.59946,,False,100.0,1.0,100.0,100.0,161.81229773462783,-3.0,0.3155,0.0,-3.3155,60
p16,XRPUSDT,-1,2024-04-12 19:00:00+00:00,0.5282,2024-04-12 20:00:00+00:00,0.544046,initial_sl,False,0.544046,,False,100.0,1.0,100.0,100.0,189.3222264293828,-3.000000000000005,0.3245,0.0,-3.324500000000005,60
p17,XRPUSDT,1,2024-04-21 14:00:00+00:00,0.5244,2024-04-26 08:00:00+00:00,0.525,signal_reverse,False,0.508668,,False,100.0,1.0,100.0,100.0,190.69412662090008,0.11441647597254861,0.3201716247139588,0.0,-0.2057551487414102,60
p18,XRPUSDT,-1,2024-04-26 09:00:00+00:00,0.525,2024-05-03 13:00:00+00:00,0.5246,signal_reverse,False,0.5407500000000001,,False,100.0,1.0,100.0,100.0,190.47619047619048,0.07619047619048895,0.31988571428571433,0.0,-0.24369523809522536,60
p19,XRPUSDT,1,2024-05-03 14:00:00+00:00,0.5246,2024-05-09 04:00:00+00:00,0.5206,signal_reverse,False,0.5088619999999999,,False,100.0,1.0,100.0,100.0,190.62142584826537,-0.7624857033930622,0.31885627144491047,0.0,-1.0813419748379727,60
p20,XRPUSDT,-1,2024-05-09 05:00:00+00:00,0.5206,2024-05-16 10:00:00+00:00,0.5177,signal_reverse,False,0.536218,,False,100.0,1.0,100.0,100.0,192.08605455243952,0.5570495582020559,0.3191644256626969,0.0,0.237885132539359,60
p21,XRPUSDT,1,2024-05-16 11:00:00+00:00,0.5177,2024-05-20 12:00:00+00:00,0.5115,signal_reverse,False,0.5021690000000001,,False,100.0,1.0,100.0,100.0,193.16206297083252,-1.1976047904191798,0.3182035928143712,0.0,-1.515808383233551,60
p22,XRPUSDT,-1,2024-05-20 13:00:00+00:00,0.5115,2024-05-20 16:00:00+00:00,0.5191,signal_reverse,False,0.526845,,False,100.0,1.0,100.0,100.0,195.50342130987295,-1.4858260019550444,0.3222287390029326,0.0,-1.808054740957977,60
p23,XRPUSDT,1,2024-05-20 17:00:00+00:00,0.5191,2024-05-23 20:00:00+00:00,0.5035270000000001,initial_sl,False,0.5035270000000001,,False,100.0,1.0,100.0,100.0,192.64110961279135,-2.99999999999999,0.3155,0.0,-3.31549999999999,60
p24,XRPUSDT,-1,2024-05-29 18:00:00+00:00,0.5275,2024-06-05 01:00:00+00:00,0.5265,signal_reverse,False,0.543325,,False,100.0,1.0,100.0,100.0,189.5734597156398,0.18957345971564,0.31971563981042656,0.0,-0.13014218009478656,60
p25,XRPUSDT,1,2024-06-05 02:00:00+00:00,0.5265,2024-06-07 18:00:00+00:00,0.510705,initial_sl,False,0.510705,,False,100.0,1.0,100.0,100.0,189.9335232668566,-3.000000000000001,0.3155,0.0,-3.315500000000001,60
p26,XRPUSDT,-1,2024-06-07 19:00:00+00:00,0.4905,2024-06-10 15:00:00+00:00,0.505215,initial_sl,False,0.505215,,False,100.0,1.0,100.0,100.0,203.8735983690112,-2.9999999999999956,0.3245,0.0,-3.3244999999999956,60
p27,XRPUSDT,1,2024-06-17 15:00:00+00:00,0.5139,2024-06-17 16:00:00+00:00,0.498483,initial_sl,False,0.498483,,False,100.0,1.0,100.0,100.0,194.59038723487058,-3.000000000000002,0.3155,0.0,-3.3155000000000023,60
p28,XRPUSDT,-1,2024-06-21 05:00:00+00:00,0.4904,2024-07-02 08:00:00+00:00,0.4817,signal_reverse,False,0.505112,,False,100.0,1.0,100.0,100.0,203.9151712887439,1.774061990212069,0.3173389070146819,0.0,1.456723083197387,60
p29,XRPUSDT,1,2024-07-02 09:00:00+00:00,0.4817,2024-07-03 16:00:00+00:00,0.467249,initial_sl,False,0.467249,,False,100.0,1.0,100.0,100.0,207.5980900975711,-2.9999999999999982,0.3155,0.0,-3.3154999999999983,60
p30,XRPUSDT,-1,2024-07-03 21:00:00+00:00,0.4625,2024-07-12 02:00:00+00:00,0.4515,signal_reverse,False,0.47637500000000005,,False,100.0,1.0,100.0,100.0,216.2162162162162,2.3783783783783803,0.3164324324324324,0.0,2.061945945945948,60
p31,XRPUSDT,1,2024-07-12 03:00:00+00:00,0.4515,2024-08-02 03:00:00+00:00,0.5872,signal_reverse,False,0.43795500000000004,,False,100.0,1.0,100.0,100.0,221.48394241417498,30.055370985603552,0.3650830564784054,0.0,29.690287929125148,60
p32,XRPUSDT,-1,2024-08-02 04:00:00+00:00,0.5872,2024-08-07 20:00:00+00:00,0.604816,initial_sl,False,0.604816,,False,100.0,1.0,100.0,100.0,170.29972752043597,-2.9999999999999942,0.3245,0.0,-3.3244999999999942,60
p33,XRPUSDT,1,2024-08-08 10:00:00+00:00,0.6136,2024-08-09 09:00:00+00:00,0.595192,initial_sl,False,0.595192,,False,100.0,1.0,100.0,100.0,162.97262059973923,-2.9999999999999964,0.3155,0.0,-3.3154999999999966,60
p34,XRPUSDT,-1,2024-08-15 11:00:00+00:00,0.5668,2024-08-18 12:00:00+00:00,0.583804,initial_sl,False,0.583804,,False,100.0,1.0,100.0,100.0,176.42907551164433,-3.0000000000000036,0.3245,0.0,-3.3245000000000036,60
p35,XRPUSDT,1,2024-08-19 10:00:00+00:00,0.58,2024-08-27 07:00:00+00:00,0.5906,signal_reverse,False,0.5626,,False,100.0,1.0,100.0,100.0,172.41379310344828,1.8275862068965611,0.32274137931034486,0.0,1.5048448275862163,60
p36,XRPUSDT,-1,2024-08-27 08:00:00+00:00,0.5906,2024-09-12 16:00:00+00:00,0.5571,signal_reverse,False,0.608318,,False,100.0,1.0,100.0,100.0,169.31933626820182,5.672197764984757,0.3114917033525229,0.0,5.360706061632234,60
p37,XRPUSDT,1,2024-09-12 17:00:00+00:00,0.5571,2024-10-02 16:00:00+00:00,0.5835,signal_reverse,False,0.5403870000000001,,False,100.0,1.0,100.0,100.0,179.5009872554299,4.738826063543345,0.32710823909531506,0.0,4.41171782444803,60
p38,XRPUSDT,-1,2024-10-02 17:00:00+00:00,0.5835,2024-10-14 23:00:00+00:00,0.5482,signal_reverse,False,0.601005,,False,100.0,1.0,100.0,100.0,171.37960582690658,6.049700085689802,0.3109254498714653,0.0,5.738774635818337,60
p39,XRPUSDT,1,2024-10-15 00:00:00+00:00,0.5482,2024-10-15 15:00:00+00:00,0.5317540000000001,initial_sl,False,0.5317540000000001,,False,100.0,1.0,100.0,100.0,182.41517694272162,-2.9999999999999925,0.3155,0.0,-3.3154999999999926,60
p40,XRPUSDT,-1,2024-10-20 13:00:00+00:00,0.5385,2024-10-20 22:00:00+00:00,0.548,signal_reverse,False,0.554655,,False,100.0,1.0,100.0,100.0,185.70102135561746,-1.7641597028783778,0.32264623955431754,0.0,-2.0868059424326955,60
p41,XRPUSDT,1,2024-10-20 23:00:00+00:00,0.548,2024-10-22 09:00:00+00:00,0.53156,initial_sl,False,0.53156,,False,100.0,1.0,100.0,100.0,182.4817518248175,-3.0000000000000018,0.3155,0.0,-3.315500000000002,60
p42,XRPUSDT,-1,2024-10-22 13:00:00+00:00,0.5327,2024-11-06 06:00:00+00:00,0.5355,signal_reverse,False,0.548681,,False,100.0,1.0,100.0,100.0,187.7229209686503,-0.5256241787122254,0.32078843626806836,0.0,-0.8464126149802937,60
p43,XRPUSDT,1,2024-11-06 07:00:00+00:00,0.5355,2024-12-10 16:00:00+00:00,2.0836,signal_reverse,False,0.519435,,False,100.0,1.0,100.0,100.0,186.74136321195147,289.09430438842213,0.7536414565826332,0.0,288.3406629318395,60
p44,XRPUSDT,-1,2024-12-10 17:00:00+00:00,2.0836,2024-12-10 19:00:00+00:00,2.146108,initial_sl,False,2.146108,,False,100.0,1.0,100.0,100.0,47.99385678633135,-2.99999999999999,0.3245,0.0,-3.32449999999999,60
p45,XRPUSDT,1,2024-12-11 15:00:00+00:00,2.4214,2024-12-12 19:00:00+00:00,2.348758,initial_sl,False,2.348758,,False,100.0,1.0,100.0,100.0,41.29842240026431,-3.0000000000000036,0.3155,0.0,-3.3155000000000037,60
p46,XRPUSDT,-1,2024-12-19 17:00:00+00:00,2.3448,2025-01-02 00:00:00+00:00,2.415144,initial_sl,False,2.415144,,False,100.0,1.0,100.0,100.0,42.64756055953599,-2.9999999999999982,0.3245,0.0,-3.3244999999999982,60
p47,XRPUSDT,1,2025-01-02 01:00:00+00:00,2.3884,2025-01-07 15:00:00+00:00,2.316748,initial_sl,False,2.316748,,False,100.0,1.0,100.0,100.0,41.86903366270307,-2.999999999999993,0.3155,0.0,-3.315499999999993,60
p48,XRPUSDT,-1,2025-01-08 20:00:00+00:00,2.3145,2025-01-08 22:00:00+00:00,2.3839349999999997,initial_sl,False,2.3839349999999997,,False,100.0,1.0,100.0,100.0,43.205875999135884,-2.9999999999999964,0.3245,0.0,-3.3244999999999965,60
p49,XRPUSDT,1,2025-01-08 23:00:00+00:00,2.3874,2025-01-09 07:00:00+00:00,2.315778,initial_sl,False,2.315778,,False,100.0,1.0,100.0,100.0,41.88657116528441,-3.000000000000003,0.3155,0.0,-3.3155000000000032,60
p50,XRPUSDT,-1,2025-01-09 12:00:00+00:00,2.3026,2025-01-11 10:00:00+00:00,2.371678,initial_sl,False,2.371678,,False,100.0,1.0,100.0,100.0,43.429167028576394,-3.0000000000000084,0.3245,0.0,-3.3245000000000084,60
p51,XRPUSDT,1,2025-01-11 13:00:00+00:00,2.4051,2025-01-13 12:00:00+00:00,2.332947,initial_sl,False,2.332947,,False,100.0,1.0,100.0,100.0,41.57831275206852,-3.0000000000000053,0.3155,0.0,-3.3155000000000054,60
p52,XRPUSDT,-1,2025-01-27 06:00:00+00:00,2.9345,2025-01-27 16:00:00+00:00,3.022535,initial_sl,False,3.022535,,False,100.0,1.0,100.0,100.0,34.07735559720566,-3.000000000000003,0.3245,0.0,-3.324500000000003,60
p53,XRPUSDT,1,2025-01-29 07:00:00+00:00,3.1162,2025-01-29 13:00:00+00:00,3.022714,initial_sl,False,3.022714,,False,100.0,1.0,100.0,100.0,32.09036647198511,-2.9999999999999982,0.3155,0.0,-3.3154999999999983,60
p54,XRPUSDT,-1,2025-01-29 19:00:00+00:00,3.0638,2025-01-29 20:00:00+00:00,3.0954,signal_reverse,False,3.155714,,False,100.0,1.0,100.0,100.0,32.63920621450486,-1.031398916378356,0.3215470983745676,0.0,-1.3529460147529235,60
p55,XRPUSDT,1,2025-01-29 21:00:00+00:00,3.0954,2025-01-31 20:00:00+00:00,3.0025380000000004,initial_sl,False,3.0025380000000004,,False,100.0,1.0,100.0,100.0,32.306002455256184,-2.9999999999999925,0.3155,0.0,-3.3154999999999926,60
p56,XRPUSDT,-1,2025-02-01 02:00:00+00:00,3.0518,2025-02-14 08:00:00+00:00,2.6939,signal_reverse,False,3.143354,,False,100.0,1.0,100.0,100.0,32.767547021429976,11.727505078969784,0.3024087423815453,0.0,11.42509633658824,60
p57,XRPUSDT,1,2025-02-14 09:00:00+00:00,2.6939,2025-02-17 16:00:00+00:00,2.613083,initial_sl,False,2.613083,,False,100.0,1.0,100.0,100.0,37.120902780355614,-3.000000000000005,0.3155,0.0,-3.315500000000005,60
p58,XRPUSDT,-1,2025-02-19 00:00:00+00:00,2.5614,2025-02-19 16:00:00+00:00,2.638242,initial_sl,False,2.638242,,False,100.0,1.0,100.0,100.0,39.0411493714375,-3.000000000000003,0.3245,0.0,-3.324500000000003,60
p59,XRPUSDT,1,2025-02-20 00:00:00+00:00,2.7355,2025-02-21 01:00:00+00:00,2.653435,initial_sl,False,2.653435,,False,100.0,1.0,100.0,100.0,36.55638822884299,-3.000000000000002,0.3155,0.0,-3.3155000000000023,60
p60,XRPUSDT,-1,2025-02-22 04:00:00+00:00,2.5732,2025-02-28 23:00:00+00:00,2.145,end_of_data,False,2.6503959999999998,,False,100.0,1.0,100.0,100.0,38.8621172081455,16.6407585885279,0.29503886211720814,0.0,16.34571972641069,60
p8,DOGEUSDT,-1,2024-03-16 06:00:00+00:00,0.16028,2024-03-22 08:00:00+00:00,0.1650884,initial_sl,False,0.1650884,,False,100.0,1.0,100.0,100.0,623.9081607187421,-2.999999999999994,0.3245,0.0,-3.324499999999994,60
p9,DOGEUSDT,1,2024-03-22 10:00:00+00:00,0.16077,2024-03-22 11:00:00+00:00,0.1559469,initial_sl,False,0.1559469,,False,100.0,1.0,100.0,100.0,622.0065932698886,-2.999999999999998,0.3155,0.0,-3.315499999999998,60
p10,DOGEUSDT,-1,2024-04-02 22:00:00+00:00,0.18379,2024-04-07 00:00:00+00:00,0.18930370000000002,initial_sl,False,0.18930370000000002,,False,100.0,1.0,100.0,100.0,544.0992437020512,-3.0000000000000053,0.3245,0.0,-3.3245000000000053,60
p11,DOGEUSDT,1,2024-04-07 13:00:00+00:00,0.19694,2024-04-09 13:00:00+00:00,0.1910318,initial_sl,False,0.1910318,,False,100.0,1.0,100.0,100.0,507.7688636132832,-3.000000000000001,0.3155,0.0,-3.315500000000001,60
p12,DOGEUSDT,-1,2024-04-12 21:00:00+00:00,0.17276,2024-04-24 03:00:00+00:00,0.16265,signal_reverse,False,0.17794279999999998,,False,100.0,1.0,100.0,100.0,578.8376939106274,5.852049085436448,0.3112219263718453,0.0,5.5408271590646025,60
p13,DOGEUSDT,1,2024-04-24 04:00:00+00:00,0.16265,2024-04-24 14:00:00+00:00,0.15777049999999998,initial_sl,False,0.15777049999999998,,False,100.0,1.0,100.0,100.0,614.8170919151553,-3.0000000000000058,0.3155,0.0,-3.315500000000006,60
p14,DOGEUSDT,-1,2024-04-24 17:00:00+00:00,0.1533,2024-05-04 10:00:00+00:00,0.15704,signal_reverse,False,0.15789899999999998,,False,100.0,1.0,100.0,100.0,652.3157208088716,-2.4396607958251932,0.3236594911937378,0.0,-2.763320287018931,60
p15,DOGEUSDT,1,2024-05-04 11:00:00+00:00,0.15704,2024-05-07 18:00:00+00:00,0.15232880000000001,initial_sl,False,0.15232880000000001,,False,100.0,1.0,100.0,100.0,636.7804381049414,-2.999999999999999,0.3155,0.0,-3.3154999999999992,60
p16,DOGEUSDT,-1,2024-05-09 04:00:00+00:00,0.14769,2024-05-09 22:00:00+00:00,0.1521207,initial_sl,False,0.1521207,,False,100.0,1.0,100.0,100.0,677.0939129257229,-3.0000000000000067,0.3245,0.0,-3.3245000000000067,60
p17,DOGEUSDT,1,2024-05-10 11:00:00+00:00,0.15169,2024-05-10 14:00:00+00:00,0.1471393,initial_sl,False,0.1471393,,False,100.0,1.0,100.0,100.0,659.239237919441,-2.9999999999999942,0.3155,0.0,-3.3154999999999943,60
p18,DOGEUSDT,-1,2024-05-10 15:00:00+00:00,0.14469,2024-05-13 14:00:00+00:00,0.14903070000000002,initial_sl,False,0.14903070000000002,,False,100.0,1.0,100.0,100.0,691.1327666044647,-3.0000000000000018,0.3245,0.0,-3.324500000000002,60
p19,DOGEUSDT,1,2024-05-14 12:00:00+00:00,0.15213,2024-05-14 14:00:00+00:00,0.14756609999999998,initial_sl,False,0.14756609999999998,,False,100.0,1.0,100.0,100.0,657.3325445342799,-3.0000000000000067,0.3155,0.0,-3.3155000000000068,60
p20,DOGEUSDT,-1,2024-05-14 23:00:00+00:00,0.14538,2024-05-15 08:00:00+00:00,0.1497414,initial_sl,False,0.1497414,,False,100.0,1.0,100.0,100.0,687.8525244187646,-2.999999999999991,0.3245,0.0,-3.324499999999991,60
p21,DOGEUSDT,1,2024-05-15 10:00:00+00:00,0.15027,2024-05-30 11:00:00+00:00,0.15906,signal_reverse,False,0.1457619,,False,100.0,1.0,100.0,100.0,665.4688227856526,5.8494709522859,0.3287742064284289,0.0,5.520696745857471,60
p22,DOGEUSDT,-1,2024-05-30 12:00:00+00:00,0.15906,2024-05-30 15:00:00+00:00,0.1638318,initial_sl,False,0.1638318,,False,100.0,1.0,100.0,100.0,628.693574751666,-2.999999999999995,0.3245,0.0,-3.324499999999995,60
p23,DOGEUSDT,1,2024-06-05 15:00:00+00:00,0.16264,2024-06-07 15:00:00+00:00,0.1601,signal_reverse,False,0.1577608,,False,100.0,1.0,100.0,100.0,614.8548942449581,-1.5617314313822026,0.3176574028529267,0.0,-1.8793888342351293,60
p24,DOGEUSDT,-1,2024-06-07 16:00:00+00:00,0.1601,2024-07-14 02:00:00+00:00,0.11232,signal_reverse,False,0.164903,,False,100.0,1.0,100.0,100.0,624.6096189881324,29.84384759525296,0.2752342286071206,0.0,29.568613366645838,60
p25,DOGEUSDT,1,2024-07-14 03:00:00+00:00,0.11232,2024-07-25 18:00:00+00:00,0.12191,signal_reverse,False,0.1089504,,False,100.0,1.0,100.0,100.0,890.3133903133903,8.538105413105415,0.3328071581196581,0.0,8.205298254985756,60
p26,DOGEUSDT,-1,2024-07-25 19:00:00+00:00,0.12191,2024-07-26 00:00:00+00:00,0.1255673,initial_sl,False,0.1255673,,False,100.0,1.0,100.0,100.0,820.2772537117545,-2.9999999999999902,0.3245,0.0,-3.3244999999999902,60
p27,DOGEUSDT,1,2024-07-26 14:00:00+00:00,0.13048,2024-07-30 15:00:00+00:00,0.1265656,initial_sl,False,0.1265656,,False,100.0,1.0,100.0,100.0,766.4009809932556,-3.0000000000000093,0.3155,0.0,-3.3155000000000094,60
p28,DOGEUSDT,-1,2024-07-30 17:00:00+00:00,0.12661,2024-08-11 10:00:00+00:00,0.10889,signal_reverse,False,0.1304083,,False,100.0,1.0,100.0,100.0,789.8270278808941,13.995734934049443,0.2990063975989259,0.0,13.696728536450516,60
p29,DOGEUSDT,1,2024-08-11 11:00:00+00:00,0.10889,2024-08-11 13:00:00+00:00,0.1056233,initial_sl,False,0.1056233,,False,100.0,1.0,100.0,100.0,918.357975939021,-2.9999999999999973,0.3155,0.0,-3.3154999999999974,60
p30,DOGEUSDT,-1,2024-08-11 21:00:00+00:00,0.10138,2024-08-12 10:00:00+00:00,0.1044214,initial_sl,False,0.1044214,,False,100.0,1.0,100.0,100.0,986.3878477017163,-2.9999999999999996,0.3245,0.0,-3.3244999999999996,60
p31,DOGEUSDT,1,2024-08-13 22:00:00+00:00,0.10639,2024-08-14 13:00:00+00:00,0.10319829999999999,initial_sl,False,0.10319829999999999,,False,100.0,1.0,100.0,100.0,939.9379640943698,-3.0000000000000053,0.3155,0.0,-3.3155000000000054,60
p32,DOGEUSDT,-1,2024-08-14 16:00:00+00:00,0.10315,2024-08-20 20:00:00+00:00,0.10374,signal_reverse,False,0.1062445,,False,100.0,1.0,100.0,100.0,969.4619486185167,-0.5719825496849184,0.3208579738245274,0.0,-0.8928405235094458,60
p33,DOGEUSDT,1,2024-08-20 21:00:00+00:00,0.10374,2024-08-27 13:00:00+00:00,0.10396,signal_reverse,False,0.1006278,,False,100.0,1.0,100.0,100.0,963.948332369385,0.21206863312126273,0.32031810294968194,0.0,-0.10824946982841921,60
p34,DOGEUSDT,-1,2024-08-27 14:00:00+00:00,0.10396,2024-09-09 19:00:00+00:00,0.10377,signal_reverse,False,0.1070788,,False,100.0,1.0,100.0,100.0,961.9084263178146,0.18276260100038066,0.31972585609849946,0.0,-0.1369632550981188,60
p35,DOGEUSDT,1,2024-09-09 20:00:00+00:00,0.10377,2024-09-11 04:00:00+00:00,0.10065690000000001,initial_sl,False,0.10065690000000001,,False,100.0,1.0,100.0,100.0,963.6696540425942,-2.999999999999994,0.3155,0.0,-3.315499999999994,60
p36,DOGEUSDT,-1,2024-09-17 00:00:00+00:00,0.09959,2024-09-18 18:00:00+00:00,0.1025777,initial_sl,False,0.1025777,,False,100.0,1.0,100.0,100.0,1004.1168792047395,-2.999999999999996,0.3245,0.0,-3.324499999999996,60
p37,DOGEUSDT,1,2024-09-19 07:00:00+00:00,0.10392,2024-10-01 20:00:00+00:00,0.10648,signal_reverse,False,0.1008024,,False,100.0,1.0,100.0,100.0,962.278675904542,2.4634334103156337,0.32369515011547345,0.0,2.1397382602001604,60
p38,DOGEUSDT,-1,2024-10-01 21:00:00+00:00,0.10648,2024-10-04 12:00:00+00:00,0.1096744,initial_sl,False,0.1096744,,False,100.0,1.0,100.0,100.0,939.1435011269722,-3.0,0.3245,0.0,-3.3245,60
p39,DOGEUSDT,1,2024-10-07 17:00:00+00:00,0.11257,2024-10-07 18:00:00+00:00,0.10919290000000001,initial_sl,False,0.10919290000000001,,False,100.0,1.0,100.0,100.0,888.3361463977969,-2.9999999999999947,0.3155,0.0,-3.315499999999995,60
p40,DOGEUSDT,-1,2024-10-07 23:00:00+00:00,0.11004,2024-10-12 11:00:00+00:00,0.11131,signal_reverse,False,0.1133412,,False,100.0,1.0,100.0,100.0,908.7604507451836,-1.1541257724463898,0.3217311886586696,0.0,-1.4758569611050594,60
p41,DOGEUSDT,1,2024-10-12 12:00:00+00:00,0.11131,2024-11-03 15:00:00+00:00,0.14574,signal_reverse,False,0.1079707,,False,100.0,1.0,100.0,100.0,898.3918785374179,30.9316323780433,0.36639744856706497,0.0,30.565234929476237,60
p42,DOGEUSDT,-1,2024-11-03 16:00:00+00:00,0.14574,2024-11-03 20:00:00+00:00,0.1501122,initial_sl,False,0.1501122,,False,100.0,1.0,100.0,100.0,686.1534239055852,-2.9999999999999947,0.3245,0.0,-3.3244999999999947,60
p43,DOGEUSDT,1,2024-11-05 02:00:00+00:00,0.1624,2024-11-27 03:00:00+00:00,0.38752,signal_reverse,False,0.157528,,False,100.0,1.0,100.0,100.0,615.7635467980296,138.6206896551724,0.5279310344827586,0.0,138.09275862068966,60
p44,DOGEUSDT,-1,2024-11-27 04:00:00+00:00,0.38752,2024-11-27 07:00:00+00:00,0.3991456,initial_sl,False,0.3991456,,False,100.0,1.0,100.0,100.0,258.05119735755574,-3.0000000000000036,0.3245,0.0,-3.3245000000000036,60
p45,DOGEUSDT,1,2024-11-27 22:00:00+00:00,0.40191,2024-12-03 14:00:00+00:00,0.3898527,initial_sl,False,0.3898527,,False,100.0,1.0,100.0,100.0,248.8119230673534,-2.9999999999999987,0.3155,0.0,-3.315499999999999,60
p46,DOGEUSDT,-1,2024-12-10 07:00:00+00:00,0.41093,2024-12-12 05:00:00+00:00,0.4232579,initial_sl,False,0.4232579,,False,100.0,1.0,100.0,100.0,243.35044898157835,-3.0000000000000004,0.3245,0.0,-3.3245000000000005,60
p47,DOGEUSDT,1,2025-01-02 09:00:00+00:00,0.33675,2025-01-08 17:00:00+00:00,0.3266475,initial_sl,False,0.3266475,,False,100.0,1.0,100.0,100.0,296.9561989606533,-3.000000000000004,0.3155,0.0,-3.315500000000004,60
p48,DOGEUSDT,-1,2025-01-08 19:00:00+00:00,0.33592,2025-01-09 01:00:00+00:00,0.3459976,initial_sl,False,0.3459976,,False,100.0,1.0,100.0,100.0,297.6899261728983,-3.0000000000000058,0.3245,0.0,-3.324500000000006,60
p49,DOGEUSDT,1,2025-01-14 22:00:00+00:00,0.35684,2025-01-20 00:00:00+00:00,0.34613479999999996,initial_sl,False,0.34613479999999996,,False,100.0,1.0,100.0,100.0,280.237641520009,-3.0000000000000075,0.3155,0.0,-3.3155000000000077,60
p50,DOGEUSDT,-1,2025-01-21 02:00:00+00:00,0.34458,2025-01-21 11:00:00+00:00,0.3549174,initial_sl,False,0.3549174,,False,100.0,1.0,100.0,100.0,290.20836960937953,-2.999999999999999,0.3245,0.0,-3.324499999999999,60
p51,DOGEUSDT,1,2025-02-14 15:00:00+00:00,0.27346,2025-02-16 14:00:00+00:00,0.2652562,initial_sl,False,0.2652562,,False,100.0,1.0,100.0,100.0,365.68419512908656,-2.9999999999999942,0.3155,0.0,-3.3154999999999943,60
p52,DOGEUSDT,-1,2025-02-17 19:00:00+00:00,0.25483,2025-02-28 23:00:00+00:00,0.20171,end_of_data,False,0.2624749,,False,100.0,1.0,100.0,100.0,392.4184750618059,20.84526939528313,0.2887320959070753,0.0,20.556537299376053,60
