symbol,interval,strategy,n_trades_baseline,n_trades_sized,train1_net_pnl_baseline,train1_net_pnl_sized,full_run_max_drawdown_pct_baseline,full_run_max_drawdown_pct_sized,promotion_pass_baseline,promotion_pass_sized,promotion_pass_genuine,degenerate_uniform_sizing,stake_cv,mean_applied_mult,mean_mult_within_expected_band,mean_mult_winners,mean_mult_losers,n_month_flips,seconds
SOLUSDT,240,DONCHIAN_55,20,20,-49.642671,-42.871023,12.4862,12.1025,False,False,False,False,0.297308,0.976316,True,1.3746018421753403,0.95535352219283,0,0.25
SOLUSDT,240,BB_20_25_breakout,38,38,15.274984,20.892021,9.2466,9.5398,False,False,False,False,0.250987,0.985402,True,1.02912407090524,0.9697869639504116,0,0.35
SOLUSDT,240,DONCHIAN_PULLBACK_55,14,14,-13.746762,-1.094785,9.9565,8.3,False,False,False,False,0.246896,0.907339,True,1.2839499921144921,0.8783693591439266,0,0.38
SOLUSDT,60,DONCHIAN_55,77,77,38.138406,31.507713,12.5807,12.1583,False,False,False,False,0.245926,0.944927,True,0.8995417856478242,0.9654782804325774,1,0.38
SOLUSDT,60,BB_20_25_breakout,136,136,-83.01315,-78.523551,27.695,26.5661,False,False,False,False,0.317837,0.934191,True,0.9345483278485853,0.9340938857126428,0,0.4
SOLUSDT,60,DONCHIAN_PULLBACK_55,54,54,-38.373847,-32.551595,16.7367,15.0067,False,False,False,False,0.305416,0.964403,True,0.9579359358658518,0.9658723633593244,1,0.38
ETHUSDT,240,DONCHIAN_55,20,20,30.100531,19.118064,7.2196,6.8506,False,False,False,False,0.275757,0.887082,False,0.8810958026841638,0.8896477353410359,0,0.16
ETHUSDT,240,BB_20_25_breakout,37,37,60.729212,34.596891,5.4277,5.3406,False,False,False,False,0.241658,0.958195,True,0.8818438490492216,1.0046700703600855,0,0.16
ETHUSDT,240,DONCHIAN_PULLBACK_55,12,12,-11.361243,-15.928245,7.1306,6.5889,False,False,False,False,0.265856,0.993814,True,0.8311717551204044,1.0085995298721382,0,0.16
ETHUSDT,60,DONCHIAN_55,78,78,-14.108667,-36.587124,11.2137,10.0797,False,False,False,False,0.290179,0.858939,False,0.7926412324712078,0.8866630748421905,0,0.38
ETHUSDT,60,BB_20_25_breakout,111,111,70.89605,36.172848,10.1937,10.5951,False,False,False,False,0.300363,0.911663,True,0.8715014453556682,0.9361098561193623,1,0.41
ETHUSDT,60,DONCHIAN_PULLBACK_55,64,64,-75.703214,-97.476409,18.9801,21.4878,False,False,False,False,0.354845,1.033689,True,1.0032673588065162,1.0407099635225634,0,0.39
BTCUSDT,240,DONCHIAN_55,18,18,11.051945,14.556156,7.6017,7.0654,False,False,False,False,0.262345,0.974265,True,1.0657011990590692,0.9481400435739235,0,0.15
BTCUSDT,240,BB_20_25_breakout,39,39,23.122836,9.523228,6.037,5.9886,False,False,False,False,0.258745,0.964858,True,0.922436103778725,0.9815240751325002,0,0.17
BTCUSDT,240,DONCHIAN_PULLBACK_55,11,11,56.429229,60.535331,6.8411,7.1071,False,False,False,False,0.193596,0.991352,True,0.9664078772709037,1.005606565218909,0,0.18
BTCUSDT,60,DONCHIAN_55,76,76,10.888091,-0.611081,6.7252,6.6405,False,False,False,False,0.270601,0.846725,False,0.8170350271219665,0.862164095416666,2,0.39
BTCUSDT,60,BB_20_25_breakout,134,134,-52.420319,-73.064886,15.1734,17.2942,False,False,False,False,0.380867,0.955991,True,0.9035831193584791,0.9782917178614117,0,0.41
BTCUSDT,60,DONCHIAN_PULLBACK_55,52,52,-9.852288,2.573861,9.0451,7.038,False,False,False,False,0.352821,0.934999,True,1.0012233364278706,0.9055666572315082,0,0.53
XRPUSDT,240,DONCHIAN_55,24,24,225.093446,142.149325,20.2287,16.6559,False,False,False,False,0.268079,0.901859,True,0.7587996304447889,0.9222960142122206,0,0.19
XRPUSDT,240,BB_20_25_breakout,47,47,223.309155,123.599102,18.1838,17.4782,False,False,False,False,0.357307,0.930839,True,0.843274683479284,0.9436529763226233,0,0.21
XRPUSDT,240,DONCHIAN_PULLBACK_55,21,21,-11.237264,-22.436188,12.1327,12.7189,False,False,False,False,0.370351,1.062394,True,0.8864667904911073,1.0917153220238067,1,0.22
XRPUSDT,60,DONCHIAN_55,76,76,156.512601,163.486648,12.5312,12.0781,False,False,False,False,0.3111,0.868658,False,0.9285904415834175,0.8513888037500115,1,0.45
XRPUSDT,60,BB_20_25_breakout,140,140,143.074097,151.271415,20.8088,18.09,False,False,False,False,0.356858,0.95881,True,0.9777133045656851,0.9534339637478794,0,0.49
XRPUSDT,60,DONCHIAN_PULLBACK_55,58,58,126.440507,170.902795,11.2317,10.9795,False,False,False,False,0.324028,0.946812,True,0.9131224379669065,0.956544932946751,0,0.68
DOGEUSDT,240,DONCHIAN_55,18,18,-22.07782,-27.903608,9.0758,9.7018,False,False,False,False,0.134729,0.985027,True,0.91506570368498,0.9990194467000052,0,0.26
DOGEUSDT,240,BB_20_25_breakout,35,35,109.096583,118.07414,17.3456,17.4638,False,False,False,False,0.259962,0.911741,True,1.0238381123717202,0.8837168260257122,1,0.24
DOGEUSDT,240,DONCHIAN_PULLBACK_55,14,14,235.661082,231.717277,21.582,22.2898,False,False,False,False,0.254818,0.914211,True,0.893293908427719,0.9176966157955918,0,0.2
DOGEUSDT,60,DONCHIAN_55,69,69,197.914664,134.724652,10.1347,9.3978,False,False,False,False,0.284507,0.936989,True,0.8717589458701847,0.9696039426946814,0,0.48
DOGEUSDT,60,BB_20_25_breakout,152,152,-22.2282,-69.143539,19.7827,21.4402,False,False,False,False,0.320539,0.948694,True,0.8658811307455532,0.9716585535966722,1,0.62
DOGEUSDT,60,DONCHIAN_PULLBACK_55,50,50,123.667274,124.246763,12.8564,13.0528,False,False,False,False,0.267009,0.984342,True,1.0646923911151494,0.9642542152538454,0,0.78
