symbol,interval,strategy,min_agree,n_calls,n_calls_gated_out,n_trades_unfiltered,n_trades_filtered,train1_net_pnl_unfiltered,train1_net_pnl_filtered,win_rate_unfiltered,win_rate_filtered,n_neg_months_unfiltered,n_neg_months_filtered,full_run_max_drawdown_pct_filtered,promotion_pass_unfiltered,promotion_pass_filtered,promotion_pass_genuine_filtered,n_months_flipped_to_zero_trade
SOLUSDT,240,DONCHIAN_55,1,20,0,20,20,-49.642671,-49.642671,5.0,5.0,9,9,12.4862,False,False,False,0
SOLUSDT,240,DONCHIAN_55,2,20,5,20,15,-49.642671,-33.056171,5.0,6.67,9,8,9.2392,False,False,False,0
SOLUSDT,240,DONCHIAN_55,3,20,11,20,9,-49.642671,-13.127171,5.0,11.11,9,4,7.1344,False,False,False,3
SOLUSDT,240,DONCHIAN_55,4,20,15,20,5,-49.642671,-3.509862,5.0,20.0,9,4,4.5852,False,False,False,4
ETHUSDT,240,DONCHIAN_55,1,20,4,20,16,30.100531,12.693459,30.0,25.0,4,6,5.3835,False,False,False,0
ETHUSDT,240,DONCHIAN_55,2,20,6,20,14,30.100531,19.333459,30.0,28.57,4,6,5.3184,False,False,False,0
ETHUSDT,240,DONCHIAN_55,3,20,11,20,9,30.100531,-0.680345,30.0,22.22,4,6,4.9217,False,False,False,0
ETHUSDT,240,DONCHIAN_55,4,20,16,20,4,30.100531,15.906155,30.0,50.0,4,4,4.1846,False,False,False,1
BTCUSDT,240,DONCHIAN_55,1,18,1,18,17,11.051945,14.376445,22.22,23.53,6,6,7.0139,False,False,False,0
BTCUSDT,240,DONCHIAN_55,2,18,7,18,11,11.051945,9.871092,22.22,9.09,6,7,7.1,False,False,False,0
BTCUSDT,240,DONCHIAN_55,3,18,10,18,8,11.051945,19.835592,22.22,12.5,6,6,5.8547,False,False,False,0
BTCUSDT,240,DONCHIAN_55,4,18,15,18,3,11.051945,-9.9645,22.22,0.0,6,3,2.0263,False,False,False,3
XRPUSDT,240,DONCHIAN_55,1,24,4,24,20,225.093446,223.607548,12.5,10.0,8,9,19.964,False,False,False,0
XRPUSDT,240,DONCHIAN_55,2,24,7,24,17,225.093446,233.563048,12.5,11.76,8,9,19.4438,False,False,False,0
XRPUSDT,240,DONCHIAN_55,3,24,10,24,14,225.093446,243.527548,12.5,14.29,8,8,19.2291,False,False,False,1
XRPUSDT,240,DONCHIAN_55,4,24,17,24,7,225.093446,-5.123976,12.5,14.29,8,5,6.3103,False,False,False,3
DOGEUSDT,240,DONCHIAN_55,1,18,5,18,13,-22.07782,-11.088046,16.67,15.38,7,7,8.139,False,False,False,0
DOGEUSDT,240,DONCHIAN_55,2,18,7,18,11,-22.07782,-4.448046,16.67,18.18,7,7,6.8829,False,False,False,0
DOGEUSDT,240,DONCHIAN_55,3,18,10,18,8,-22.07782,-23.088371,16.67,12.5,7,6,6.4843,False,False,False,1
DOGEUSDT,240,DONCHIAN_55,4,18,16,18,2,-22.07782,-3.150371,16.67,50.0,7,2,4.4419,False,False,False,5
SOLUSDT,240,BB_20_25_breakout,1,67,28,38,28,15.274984,-36.266645,26.32,17.86,6,9,9.2485,False,False,False,0
SOLUSDT,240,BB_20_25_breakout,2,67,42,38,18,15.274984,-16.797003,26.32,22.22,6,9,7.6629,False,False,False,0
SOLUSDT,240,BB_20_25_breakout,3,67,53,38,11,15.274984,10.021597,26.32,27.27,6,6,6.6479,False,False,False,1
SOLUSDT,240,BB_20_25_breakout,4,67,60,38,6,15.274984,20.809506,26.32,33.33,6,5,5.3719,False,False,False,2
ETHUSDT,240,BB_20_25_breakout,1,66,25,37,31,60.729212,31.021668,37.84,32.26,4,6,8.8639,False,False,False,0
ETHUSDT,240,BB_20_25_breakout,2,66,41,37,21,60.729212,24.945538,37.84,33.33,4,6,7.7251,False,False,False,0
ETHUSDT,240,BB_20_25_breakout,3,66,50,37,14,60.729212,26.545682,37.84,28.57,4,7,5.8468,False,False,False,0
ETHUSDT,240,BB_20_25_breakout,4,66,60,37,6,60.729212,49.142258,37.84,50.0,4,5,3.1642,False,False,False,1
BTCUSDT,240,BB_20_25_breakout,1,68,26,39,28,23.122836,31.699651,28.21,32.14,6,5,6.1789,False,False,False,0
BTCUSDT,240,BB_20_25_breakout,2,68,46,39,19,23.122836,23.327228,28.21,31.58,6,4,4.3176,False,False,False,1
BTCUSDT,240,BB_20_25_breakout,3,68,57,39,11,23.122836,32.031048,28.21,45.45,6,4,3.3881,False,False,False,1
BTCUSDT,240,BB_20_25_breakout,4,68,63,39,5,23.122836,44.919748,28.21,80.0,6,2,2.5365,False,False,False,3
XRPUSDT,240,BB_20_25_breakout,1,74,42,47,25,223.309155,260.111234,12.77,12.0,6,8,15.1112,False,False,False,1
XRPUSDT,240,BB_20_25_breakout,2,74,52,47,19,223.309155,273.043323,12.77,15.79,6,7,14.7853,False,False,False,1
XRPUSDT,240,BB_20_25_breakout,3,74,61,47,12,223.309155,278.883092,12.77,8.33,6,7,14.3722,False,False,False,2
XRPUSDT,240,BB_20_25_breakout,4,74,70,47,3,223.309155,307.075053,12.77,33.33,6,2,13.0151,False,False,False,4
DOGEUSDT,240,BB_20_25_breakout,1,64,29,35,27,109.096583,98.648722,20.0,22.22,7,6,15.1358,False,False,False,0
DOGEUSDT,240,BB_20_25_breakout,2,64,41,35,18,109.096583,115.88429,20.0,27.78,7,7,12.4379,False,False,False,0
DOGEUSDT,240,BB_20_25_breakout,3,64,49,35,11,109.096583,-2.119218,20.0,18.18,7,6,7.4831,False,False,False,2
DOGEUSDT,240,BB_20_25_breakout,4,64,58,35,5,109.096583,17.818782,20.0,40.0,7,3,3.7437,False,False,False,5
SOLUSDT,60,DONCHIAN_55,1,77,20,77,57,38.138406,53.903207,31.17,33.33,7,5,9.2176,False,False,False,0
SOLUSDT,60,DONCHIAN_55,2,77,27,77,50,38.138406,71.180222,31.17,36.0,7,5,7.9695,False,False,False,0
SOLUSDT,60,DONCHIAN_55,3,77,39,77,38,38.138406,21.853494,31.17,34.21,7,5,6.8273,False,False,False,0
SOLUSDT,60,DONCHIAN_55,4,77,57,77,20,38.138406,45.385524,31.17,35.0,7,4,4.9281,False,False,False,1
ETHUSDT,60,DONCHIAN_55,1,78,10,78,68,-14.108667,12.727554,29.49,32.35,7,6,8.8163,False,False,False,0
ETHUSDT,60,DONCHIAN_55,2,78,21,78,57,-14.108667,16.681266,29.49,33.33,7,8,7.3748,False,False,False,0
ETHUSDT,60,DONCHIAN_55,3,78,36,78,42,-14.108667,22.351969,29.49,35.71,7,8,5.6716,False,False,False,0
ETHUSDT,60,DONCHIAN_55,4,78,60,78,18,-14.108667,15.213011,29.49,33.33,7,7,4.6675,False,False,False,1
BTCUSDT,60,DONCHIAN_55,1,76,6,76,70,10.888091,11.805527,34.21,34.29,8,7,6.372,False,False,False,0
BTCUSDT,60,DONCHIAN_55,2,76,33,76,43,10.888091,27.350311,34.21,32.56,8,6,5.981,False,False,False,0
BTCUSDT,60,DONCHIAN_55,3,76,50,76,26,10.888091,3.026796,34.21,34.62,8,8,4.3097,False,False,False,0
BTCUSDT,60,DONCHIAN_55,4,76,62,76,14,10.888091,14.860248,34.21,42.86,8,6,3.3054,False,False,False,1
XRPUSDT,60,DONCHIAN_55,1,76,15,76,61,156.512601,159.856254,22.37,22.95,7,7,9.6378,False,False,False,0
XRPUSDT,60,DONCHIAN_55,2,76,26,76,50,156.512601,180.422336,22.37,26.0,7,7,9.1686,False,False,False,0
XRPUSDT,60,DONCHIAN_55,3,76,38,76,38,156.512601,178.644654,22.37,23.68,7,7,9.0132,False,False,False,0
XRPUSDT,60,DONCHIAN_55,4,76,49,76,27,156.512601,-29.991847,22.37,18.52,7,8,10.1877,False,False,False,0
DOGEUSDT,60,DONCHIAN_55,1,69,9,69,60,197.914664,83.435317,33.33,33.33,2,3,6.9238,False,False,False,0
DOGEUSDT,60,DONCHIAN_55,2,69,19,69,50,197.914664,43.257886,33.33,32.0,2,5,7.616,False,False,False,0
DOGEUSDT,60,DONCHIAN_55,3,69,38,69,31,197.914664,19.326476,33.33,29.03,2,6,6.753,False,False,False,0
DOGEUSDT,60,DONCHIAN_55,4,69,57,69,12,197.914664,8.657215,33.33,25.0,2,5,5.5056,False,False,False,0
SOLUSDT,60,BB_20_25_breakout,1,241,102,136,94,-83.01315,-6.441457,21.32,22.34,8,6,14.033,False,False,False,0
SOLUSDT,60,BB_20_25_breakout,2,241,138,136,72,-83.01315,28.96374,21.32,26.39,8,7,12.9756,False,False,False,0
SOLUSDT,60,BB_20_25_breakout,3,241,179,136,46,-83.01315,3.014805,21.32,30.43,8,5,7.9347,False,False,False,0
SOLUSDT,60,BB_20_25_breakout,4,241,213,136,24,-83.01315,-13.858602,21.32,25.0,8,8,7.0886,False,False,False,0
ETHUSDT,60,BB_20_25_breakout,1,292,97,111,97,70.89605,45.207636,37.84,36.08,3,5,9.7145,False,False,False,0
ETHUSDT,60,BB_20_25_breakout,2,292,163,111,75,70.89605,58.217975,37.84,40.0,3,3,7.601,False,False,False,0
ETHUSDT,60,BB_20_25_breakout,3,292,219,111,59,70.89605,-1.103694,37.84,30.51,3,7,7.5807,False,False,False,0
ETHUSDT,60,BB_20_25_breakout,4,292,264,111,25,70.89605,24.662618,37.84,28.0,3,7,5.4845,False,False,False,0
BTCUSDT,60,BB_20_25_breakout,1,288,103,134,109,-52.420319,-51.491184,29.85,30.28,7,8,15.9205,False,False,False,0
BTCUSDT,60,BB_20_25_breakout,2,288,168,134,74,-52.420319,4.259617,29.85,40.54,7,7,8.909,False,False,False,0
BTCUSDT,60,BB_20_25_breakout,3,288,219,134,52,-52.420319,-14.573044,29.85,34.62,7,9,7.1852,False,False,False,0
BTCUSDT,60,BB_20_25_breakout,4,288,263,134,22,-52.420319,-26.896949,29.85,27.27,7,9,7.9973,False,False,False,1
XRPUSDT,60,BB_20_25_breakout,1,292,144,140,88,143.074097,132.968478,22.14,21.59,5,7,12.588,False,False,False,0
XRPUSDT,60,BB_20_25_breakout,2,292,182,140,68,143.074097,148.243846,22.14,20.59,5,6,12.1369,False,False,False,0
XRPUSDT,60,BB_20_25_breakout,3,292,222,140,50,143.074097,145.650731,22.14,20.0,5,7,10.4901,False,False,False,0
XRPUSDT,60,BB_20_25_breakout,4,292,264,140,25,143.074097,151.902852,22.14,16.0,5,6,9.8341,False,False,False,1
DOGEUSDT,60,BB_20_25_breakout,1,270,109,152,108,-22.2282,12.996289,21.71,23.15,6,6,14.0511,False,False,False,0
DOGEUSDT,60,BB_20_25_breakout,2,270,147,152,86,-22.2282,-35.000079,21.71,24.42,6,6,14.9174,False,False,False,0
DOGEUSDT,60,BB_20_25_breakout,3,270,197,152,63,-22.2282,-80.56239,21.71,19.05,6,9,19.1371,False,False,False,0
DOGEUSDT,60,BB_20_25_breakout,4,270,244,152,25,-22.2282,-52.141681,21.71,16.0,6,9,11.5102,False,False,False,0
