position_id,symbol,direction,entry_time,entry_price,exit_time,exit_price,exit_reason,is_gap_fill,initial_sl,trailing_sl,trailing_active,stake,leverage,notional,margin,quantity,gross_pnl,total_costs,funding_pnl,net_pnl,train1_entry,atr_pct,atr_percentile,calm,forward_signed_return_pct,forward_agreement,bars_held,quick_reverse,mfe_pct,mae_pct,excursion_lower_bound
p1,XRPUSDT,1,2024-01-29 18:00:00+00:00,0.5335,2024-01-30 19:00:00+00:00,0.5174949999999999,initial_sl,False,0.5174949999999999,,False,100.0,1.0,100.0,100.0,187.44142455482663,-3.000000000000009,0.3155,0.0,-3.315500000000009,False,0.8113535948587492,,,0.2624179943767624,True,25.0,False,1.199625117150904,3.000000000000009,True
p2,XRPUSDT,-1,2024-01-31 10:00:00+00:00,0.506,2024-02-03 10:00:00+00:00,0.52118,initial_sl,False,0.52118,,False,100.0,1.0,100.0,100.0,197.62845849802372,-2.9999999999999942,0.3245,0.0,-3.3244999999999942,False,0.8935629587803534,0.87,False,-0.49407114624504533,False,72.0,False,4.525691699604749,2.9999999999999942,True
p3,XRPUSDT,1,2024-02-12 19:00:00+00:00,0.5354,2024-02-13 13:00:00+00:00,0.519338,initial_sl,False,0.519338,,False,100.0,1.0,100.0,100.0,186.77624206200971,-3.000000000000004,0.3155,0.0,-3.315500000000004,False,0.8164790010139272,1.0,False,-0.392230108330216,False,18.0,False,0.2614867388868263,3.000000000000004,True
p4,XRPUSDT,1,2024-02-14 10:00:00+00:00,0.5321,2024-02-22 06:00:00+00:00,0.545,signal_reverse,False,0.5161370000000001,,False,100.0,1.0,100.0,100.0,187.93459875963165,2.4243563239992527,0.32363653448599894,0.0,2.1007197895132537,False,0.6698526055789721,0.54,False,0.15034767900770074,True,188.0,False,8.945686900958462,1.6914113888366862,False
p5,XRPUSDT,1,2024-03-07 08:00:00+00:00,0.6259,2024-03-08 15:00:00+00:00,0.607123,initial_sl,False,0.607123,,False,100.0,1.0,100.0,100.0,159.76993129892955,-3.000000000000007,0.3155,0.0,-3.315500000000007,True,1.5531919749845973,0.22,True,-0.5591947595462665,False,31.0,False,2.204825051925233,3.000000000000007,True
p6,XRPUSDT,1,2024-03-09 03:00:00+00:00,0.6283,2024-03-10 13:00:00+00:00,0.609451,initial_sl,False,0.609451,,False,100.0,1.0,100.0,100.0,159.15963711602737,-3.0000000000000004,0.3155,0.0,-3.3155000000000006,True,1.358541188240377,0.24,True,-0.5570587299060903,False,34.0,False,0.7321343307337337,3.000000000000001,True
p7,XRPUSDT,1,2024-03-14 10:00:00+00:00,0.7,2024-03-14 11:00:00+00:00,0.6789999999999999,initial_sl,False,0.6789999999999999,,False,100.0,1.0,100.0,100.0,142.85714285714286,-3.0000000000000027,0.3155,0.0,-3.315500000000003,True,1.1561224489795905,0.33,True,-4.314285714285715,False,1.0,False,0.142857142857143,3.0000000000000027,True
p8,XRPUSDT,-1,2024-03-15 22:00:00+00:00,0.63,2024-03-18 23:00:00+00:00,0.6489,initial_sl,False,0.6489,,False,100.0,1.0,100.0,100.0,158.73015873015873,-3.0000000000000044,0.3245,0.0,-3.3245000000000045,True,2.16326530612245,0.48,True,-1.8412698412698214,False,73.0,False,6.9047619047619015,3.0000000000000044,True
p9,XRPUSDT,-1,2024-03-19 05:00:00+00:00,0.6056,2024-03-21 10:00:00+00:00,0.623768,initial_sl,False,0.623768,,False,100.0,1.0,100.0,100.0,165.12549537648613,-2.999999999999994,0.3245,0.0,-3.324499999999994,True,2.4202679750896374,0.85,False,3.335535006605017,True,53.0,False,6.208718626155891,2.999999999999994,True
p10,XRPUSDT,-1,2024-03-22 17:00:00+00:00,0.6081,2024-03-23 13:00:00+00:00,0.626343,initial_sl,False,0.626343,,False,100.0,1.0,100.0,100.0,164.446637066272,-3.0000000000000013,0.3245,0.0,-3.3245000000000013,True,1.435384217821318,0.26,True,-0.11511264594639137,False,20.0,False,0.8057885216247354,3.0000000000000018,True
p11,XRPUSDT,-1,2024-03-27 22:00:00+00:00,0.6134,2024-03-28 16:00:00+00:00,0.631802,initial_sl,False,0.631802,,False,100.0,1.0,100.0,100.0,163.02575806977504,-3.000000000000005,0.3245,0.0,-3.324500000000005,True,1.1621407610974002,0.84,False,0.5542875774372291,True,18.0,False,1.5813498532768067,3.000000000000005,True
p12,XRPUSDT,-1,2024-04-01 07:00:00+00:00,0.6136,2024-04-08 16:00:00+00:00,0.618,signal_reverse,False,0.632008,,False,100.0,1.0,100.0,100.0,162.97262059973923,-0.717079530638846,0.32107561929595824,0.0,-1.0381551499348043,True,0.9254516669770908,0.73,False,0.09778357235985524,True,177.0,False,8.31160365058671,2.0860495436766495,False
p13,XRPUSDT,1,2024-04-08 17:00:00+00:00,0.618,2024-04-10 12:00:00+00:00,0.59946,initial_sl,False,0.59946,,False,100.0,1.0,100.0,100.0,161.81229773462783,-3.0,0.3155,0.0,-3.3155,True,1.057558945908461,0.71,False,0.19417475728154,True,43.0,False,4.190938511326866,3.0,True
p14,XRPUSDT,1,2024-04-10 19:00:00+00:00,0.6188,2024-04-12 13:00:00+00:00,0.600236,initial_sl,False,0.600236,,False,100.0,1.0,100.0,100.0,161.60310277957336,-3.000000000000004,0.3155,0.0,-3.315500000000004,True,1.2328008126327454,0.81,False,0.2262443438914019,True,42.0,False,0.48480930833872055,3.000000000000004,True
p15,XRPUSDT,-1,2024-04-12 19:00:00+00:00,0.5282,2024-04-12 20:00:00+00:00,0.544046,initial_sl,False,0.544046,,False,100.0,1.0,100.0,100.0,189.3222264293828,-3.000000000000005,0.3245,0.0,-3.324500000000005,True,2.6342835506031252,1.0,False,-3.502461188943573,False,1.0,False,0.8898144642181063,3.000000000000005,True
p16,XRPUSDT,-1,2024-04-17 10:00:00+00:00,0.4957,2024-04-19 22:00:00+00:00,0.510571,initial_sl,False,0.510571,,False,100.0,1.0,100.0,100.0,201.7349203147065,-3.000000000000005,0.3245,0.0,-3.324500000000005,True,0.9596818352113893,0.05,True,3.6110550736332403,True,60.0,False,5.971353641315304,3.000000000000005,True
p17,XRPUSDT,-1,2024-06-07 19:00:00+00:00,0.4905,2024-06-10 15:00:00+00:00,0.505215,initial_sl,False,0.505215,,False,100.0,1.0,100.0,100.0,203.8735983690112,-2.9999999999999956,0.3245,0.0,-3.3244999999999956,True,1.5931265472549827,1.0,False,-1.6921508664627938,False,68.0,False,0.8358817533129445,2.9999999999999956,True
p18,XRPUSDT,-1,2024-06-10 21:00:00+00:00,0.4964,2024-06-17 14:00:00+00:00,0.511292,initial_sl,False,0.511292,,False,100.0,1.0,100.0,100.0,201.45044319097502,-2.999999999999992,0.3245,0.0,-3.324499999999992,True,0.7180269368021165,0.86,False,1.4302981466559173,True,161.0,False,7.675261885576153,2.999999999999992,True
p19,XRPUSDT,1,2024-06-17 15:00:00+00:00,0.5139,2024-06-17 16:00:00+00:00,0.498483,initial_sl,False,0.498483,,False,100.0,1.0,100.0,100.0,194.59038723487058,-3.000000000000002,0.3155,0.0,-3.3155000000000023,True,1.5178050204319884,1.0,False,-0.9145748200038994,False,1.0,False,1.1870013621327096,3.0000000000000027,True
p20,XRPUSDT,-1,2024-07-03 21:00:00+00:00,0.4625,2024-07-12 02:00:00+00:00,0.4515,signal_reverse,False,0.47637500000000005,,False,100.0,1.0,100.0,100.0,216.2162162162162,2.3783783783783803,0.3164324324324324,0.0,2.061945945945948,True,0.9976833976833983,1.0,False,0.8216216216216266,True,197.0,False,17.77297297297297,1.5135135135135027,False
p21,XRPUSDT,1,2024-07-12 03:00:00+00:00,0.4515,2024-08-02 03:00:00+00:00,0.5872,signal_reverse,False,0.43795500000000004,,False,100.0,1.0,100.0,100.0,221.48394241417498,30.055370985603552,0.3650830564784054,0.0,29.690287929125148,True,1.0378104730264197,0.62,False,3.2336655592469565,True,504.0,False,45.8250276854928,0.8194905869324555,False
p22,XRPUSDT,-1,2024-08-02 04:00:00+00:00,0.5872,2024-08-07 20:00:00+00:00,0.604816,initial_sl,False,0.604816,,False,100.0,1.0,100.0,100.0,170.29972752043597,-2.9999999999999942,0.3245,0.0,-3.3244999999999942,True,1.728542234332425,0.86,False,1.924386920980936,True,136.0,False,26.53269754768393,2.999999999999994,True
p23,XRPUSDT,1,2024-08-08 10:00:00+00:00,0.6136,2024-08-09 09:00:00+00:00,0.595192,initial_sl,False,0.595192,,False,100.0,1.0,100.0,100.0,162.97262059973923,-2.9999999999999964,0.3155,0.0,-3.3154999999999966,True,4.894999068727883,0.95,False,-0.14667535853977176,False,23.0,False,4.677314211212508,2.9999999999999964,True
p24,XRPUSDT,1,2024-08-10 07:00:00+00:00,0.5881,2024-08-11 12:00:00+00:00,0.570457,initial_sl,False,0.570457,,False,100.0,1.0,100.0,100.0,170.0391089950689,-2.9999999999999942,0.3155,0.0,-3.3154999999999943,True,1.1368329001384607,0.0,True,2.108484951538858,True,29.0,False,2.4315592586295005,2.9999999999999942,True
p25,XRPUSDT,1,2024-08-19 10:00:00+00:00,0.58,2024-08-27 07:00:00+00:00,0.5906,signal_reverse,False,0.5626,,False,100.0,1.0,100.0,100.0,172.41379310344828,1.8275862068965611,0.32274137931034486,0.0,1.5048448275862163,True,0.8756157635467974,0.7,False,-0.17241379310344307,False,189.0,False,8.758620689655185,0.9655172413792997,False
p26,XRPUSDT,-1,2024-08-31 17:00:00+00:00,0.5645,2024-09-12 12:00:00+00:00,0.581435,initial_sl,False,0.581435,,False,100.0,1.0,100.0,100.0,177.14791851195747,-3.0000000000000058,0.3245,0.0,-3.324500000000006,True,0.4669112995065129,0.08,True,-0.42515500442870113,False,283.0,False,11.071744906997342,3.0000000000000058,True
p27,XRPUSDT,1,2024-09-12 17:00:00+00:00,0.5571,2024-10-02 16:00:00+00:00,0.5835,signal_reverse,False,0.5403870000000001,,False,100.0,1.0,100.0,100.0,179.5009872554299,4.738826063543345,0.32710823909531506,0.0,4.41171782444803,True,1.525758391671154,1.0,False,1.0949560222581312,True,479.0,False,19.583557709567394,0.3231017770597781,False
p28,XRPUSDT,-1,2024-10-02 17:00:00+00:00,0.5835,2024-10-14 23:00:00+00:00,0.5482,signal_reverse,False,0.601005,,False,100.0,1.0,100.0,100.0,171.37960582690658,6.049700085689802,0.3109254498714653,0.0,5.738774635818337,True,1.4273472885298057,0.59,False,6.649528706083984,True,294.0,False,13.436161096829482,0.27420736932303935,False
p29,XRPUSDT,-1,2024-10-22 13:00:00+00:00,0.5327,2024-11-06 06:00:00+00:00,0.5355,signal_reverse,False,0.548681,,False,100.0,1.0,100.0,100.0,187.7229209686503,-0.5256241787122254,0.32078843626806836,0.0,-0.8464126149802937,True,0.7790501220198992,0.86,False,-0.01877229209688025,False,353.0,False,8.916838746010875,1.8960015017833676,False
p30,XRPUSDT,1,2024-11-06 07:00:00+00:00,0.5355,2024-12-10 16:00:00+00:00,2.0836,signal_reverse,False,0.519435,,False,100.0,1.0,100.0,100.0,186.74136321195147,289.09430438842213,0.7536414565826332,0.0,288.3406629318395,True,1.197812458316657,1.0,False,-0.5228758169934733,False,825.0,False,444.1269841269842,1.6806722689075646,False
p31,XRPUSDT,-1,2024-12-10 17:00:00+00:00,2.0836,2024-12-10 19:00:00+00:00,2.146108,initial_sl,False,2.146108,,False,100.0,1.0,100.0,100.0,47.99385678633135,-2.99999999999999,0.3245,0.0,-3.32449999999999,True,3.7184954611524055,0.86,False,-11.998464196582837,False,2.0,False,8.811672105970445,2.9999999999999893,True
p32,XRPUSDT,1,2024-12-11 15:00:00+00:00,2.4214,2024-12-12 19:00:00+00:00,2.348758,initial_sl,False,2.348758,,False,100.0,1.0,100.0,100.0,41.29842240026431,-3.0000000000000036,0.3155,0.0,-3.3155000000000037,True,2.2935373868718223,0.52,False,-0.3634261171223452,False,28.0,False,2.6720079292970906,3.0000000000000036,True
p33,XRPUSDT,1,2024-12-13 16:00:00+00:00,2.4008,2024-12-16 11:00:00+00:00,2.328776,initial_sl,False,2.328776,,False,100.0,1.0,100.0,100.0,41.65278240586471,-2.9999999999999947,0.3155,0.0,-3.315499999999995,True,1.7506069405436258,0.16,True,1.3578807064311915,True,67.0,False,5.485671442852398,2.9999999999999947,True
p34,XRPUSDT,1,2024-12-16 18:00:00+00:00,2.516,2024-12-17 00:00:00+00:00,2.4405200000000002,initial_sl,False,2.4405200000000002,,False,100.0,1.0,100.0,100.0,39.7456279809221,-2.999999999999991,0.3155,0.0,-3.3154999999999912,True,1.6846468317056562,0.7,False,-1.2281399046104924,False,6.0,False,0.5484896661367175,2.9999999999999907,True
p35,XRPUSDT,-1,2024-12-19 17:00:00+00:00,2.3448,2025-01-02 00:00:00+00:00,2.415144,initial_sl,False,2.415144,,False,100.0,1.0,100.0,100.0,42.64756055953599,-2.9999999999999982,0.3245,0.0,-3.3244999999999982,True,1.9215772286396624,0.49,True,2.614295462299565,True,319.0,False,16.43636983964518,2.9999999999999982,True
p36,XRPUSDT,1,2025-01-02 01:00:00+00:00,2.3884,2025-01-07 15:00:00+00:00,2.316748,initial_sl,False,2.316748,,False,100.0,1.0,100.0,100.0,41.86903366270307,-2.999999999999993,0.3155,0.0,-3.315499999999993,True,2.2531521401057484,1.0,False,-1.4361078546307193,False,134.0,False,5.09127449338469,2.999999999999993,True
p37,XRPUSDT,1,2025-01-11 13:00:00+00:00,2.4051,2025-01-13 12:00:00+00:00,2.332947,initial_sl,False,2.332947,,False,100.0,1.0,100.0,100.0,41.57831275206852,-3.0000000000000053,0.3155,0.0,-3.3155000000000054,True,0.9925337229815229,0.12,True,3.488420439898543,True,47.0,False,8.228348093634368,3.0000000000000053,True
p38,XRPUSDT,1,2025-01-13 22:00:00+00:00,2.5307,2025-01-27 05:00:00+00:00,2.9345,signal_reverse,False,2.454779,,False,100.0,1.0,100.0,100.0,39.514758762397754,15.956059588256212,0.3439340893823843,0.0,15.612125498873827,True,2.376248243004474,0.98,False,0.06322361401984722,True,319.0,False,34.48057849606829,0.8219069822578705,False
p39,XRPUSDT,-1,2025-01-27 06:00:00+00:00,2.9345,2025-01-27 16:00:00+00:00,3.022535,initial_sl,False,3.022535,,False,100.0,1.0,100.0,100.0,34.07735559720566,-3.000000000000003,0.3245,0.0,-3.324500000000003,True,1.3066231774699988,0.72,False,5.033225421707277,True,10.0,False,9.695007667405008,3.000000000000003,True
p40,XRPUSDT,-1,2025-02-04 07:00:00+00:00,2.5759,2025-02-04 12:00:00+00:00,2.653177,initial_sl,False,2.653177,,False,100.0,1.0,100.0,100.0,38.821382817655966,-3.0000000000000018,0.3245,0.0,-3.324500000000002,True,3.2593323831337697,0.66,False,-2.465157808921159,False,5.0,False,4.087891610699163,3.0000000000000018,True
p41,XRPUSDT,-1,2025-02-07 22:00:00+00:00,2.3711,2025-02-09 01:00:00+00:00,2.4422330000000003,initial_sl,False,2.4422330000000003,,False,100.0,1.0,100.0,100.0,42.17451815613006,-3.0000000000000044,0.3245,0.0,-3.3245000000000045,True,2.689830518686325,0.62,False,-0.45548479608619186,False,27.0,False,1.0627978575344916,3.0000000000000044,True
p42,XRPUSDT,-1,2025-02-09 20:00:00+00:00,2.3973,2025-02-10 13:00:00+00:00,2.469219,initial_sl,False,2.469219,,False,100.0,1.0,100.0,100.0,41.713594460434656,-2.9999999999999933,0.3245,0.0,-3.3244999999999933,True,1.165597010923004,0.12,True,2.252534100863468,True,17.0,False,3.6332540775038566,2.9999999999999933,True
p43,XRPUSDT,-1,2025-02-11 21:00:00+00:00,2.4119,2025-02-12 22:00:00+00:00,2.4842570000000004,initial_sl,False,2.4842570000000004,,False,100.0,1.0,100.0,100.0,41.46108876819105,-3.000000000000009,0.3245,0.0,-3.324500000000009,True,1.4194499890424221,0.59,False,0.621916331522876,True,25.0,False,3.387370952361213,3.0000000000000093,True
p44,XRPUSDT,1,2025-02-14 09:00:00+00:00,2.6939,2025-02-17 16:00:00+00:00,2.613083,initial_sl,False,2.613083,,False,100.0,1.0,100.0,100.0,37.120902780355614,-3.000000000000005,0.3155,0.0,-3.315500000000005,True,1.8523330487397436,0.93,False,1.2621106945320815,True,79.0,False,5.26745610453245,3.000000000000005,True
p45,XRPUSDT,-1,2025-02-19 00:00:00+00:00,2.5614,2025-02-19 16:00:00+00:00,2.638242,initial_sl,False,2.638242,,False,100.0,1.0,100.0,100.0,39.0411493714375,-3.000000000000003,0.3245,0.0,-3.324500000000003,True,1.5839552030697512,0.78,False,1.2493167798860005,True,16.0,False,2.006715077691892,3.000000000000003,True
p46,XRPUSDT,1,2025-02-20 00:00:00+00:00,2.7355,2025-02-21 01:00:00+00:00,2.653435,initial_sl,False,2.653435,,False,100.0,1.0,100.0,100.0,36.55638822884299,-3.000000000000002,0.3155,0.0,-3.3155000000000023,True,1.6238869885369602,0.9,False,-0.6507037104734104,False,25.0,False,0.4167428258088129,3.0000000000000018,True
p47,XRPUSDT,-1,2025-02-22 04:00:00+00:00,2.5732,2025-02-28 23:00:00+00:00,2.145,end_of_data,False,2.6503959999999998,,False,100.0,1.0,100.0,100.0,38.8621172081455,16.6407585885279,0.29503886211720814,0.0,16.34571972641069,True,1.8156936332748541,0.9,False,-0.47023161821857506,False,163.0,False,24.191667962070568,1.4923053007927956,False
