symbol,interval,strategy,activate_pct,trail_pct,no_trail,cell,is_baseline_cell,max_sl_pct,cooldown_candles,mask_mode,n_calls,net_pnl,gross_pnl,total_costs,win_rate,n_trades,n_wins,n_losses,sum_wins,sum_losses,avg_winner,avg_loser,breakeven_win_rate_pct,mean_bars_held,exit_initial_sl,exit_trailing_sl,exit_signal_reverse,exit_end_of_data,max_drawdown_pct,final_equity,survived,seconds
SOLUSDT,240,LORENTZIAN_default,0.06,0.04,False,a0.06_t0.04,True,0.03,0,one_shot,70,-62.355545,-39.963574,22.391972,35.71,70,25,45,77.848346,-140.203891,3.113934,-3.115642,50.0137,6.01,40,27,3,0,14.831,437.644455,True,0.07
SOLUSDT,240,LORENTZIAN_default,0.06,0.08,False,a0.06_t0.08,False,0.03,0,one_shot,70,-32.078791,-9.661293,22.417498,30.0,70,21,49,116.436492,-148.515284,5.544595,-3.030924,35.3439,10.36,40,23,7,0,12.9815,467.921209,True,0.07
SOLUSDT,240,LORENTZIAN_default,0.1,0.04,False,a0.1_t0.04,False,0.03,0,one_shot,70,-24.927249,-2.563626,22.363623,32.86,70,23,47,123.87679,-148.804039,5.385947,-3.166043,37.0211,8.56,43,23,4,0,11.2012,475.072751,True,0.07
SOLUSDT,240,LORENTZIAN_default,0.1,0.08,False,a0.1_t0.08,False,0.03,0,one_shot,70,-6.032753,16.353197,22.38595,32.86,70,23,47,142.771286,-148.804039,6.207447,-3.166043,33.7766,11.49,43,20,7,0,11.0331,493.967247,True,0.07
SOLUSDT,240,LORENTZIAN_default,0.15,0.04,False,a0.15_t0.04,False,0.03,0,one_shot,70,41.025283,63.389171,22.363889,31.43,70,22,48,196.170087,-155.144804,8.916822,-3.232183,26.6045,13.34,45,14,11,0,6.8897,541.025283,True,0.07
SOLUSDT,240,LORENTZIAN_default,0.15,0.08,False,a0.15_t0.08,False,0.03,0,one_shot,70,69.33606,91.729997,22.393937,31.43,70,22,48,224.480865,-155.144804,10.203676,-3.232183,24.0564,14.83,45,14,11,0,7.6613,569.33606,True,0.08
SOLUSDT,240,LORENTZIAN_default,0.2,0.04,False,a0.2_t0.04,False,0.03,0,one_shot,70,36.859183,59.253279,22.394096,30.0,70,21,49,192.414407,-155.555224,9.162591,-3.174596,25.7319,15.67,45,8,17,0,7.436,536.859183,True,0.07
SOLUSDT,240,LORENTZIAN_default,0.2,0.08,False,a0.2_t0.08,False,0.03,0,one_shot,70,62.754716,85.156014,22.401298,30.0,70,21,49,218.30994,-155.555224,10.395711,-3.174596,23.3937,16.41,45,8,17,0,8.1538,562.754716,True,0.08
SOLUSDT,240,LORENTZIAN_default,10.0,,True,no_trail,False,0.03,0,one_shot,70,72.703777,95.144478,22.440701,30.0,70,21,49,228.259,-155.555224,10.869476,-3.174596,22.6045,18.24,45,0,24,1,8.4899,572.703777,True,0.13
SOLUSDT,60,LORENTZIAN_default,0.06,0.04,False,a0.06_t0.04,True,0.03,0,one_shot,290,-158.110349,-65.32925,92.781099,33.45,290,97,193,334.922945,-493.033294,3.452814,-2.554577,42.5239,20.93,112,70,108,0,36.2906,341.889651,True,0.22
SOLUSDT,60,LORENTZIAN_default,0.06,0.08,False,a0.06_t0.08,False,0.03,0,one_shot,290,-51.575506,41.220334,92.79584,31.72,290,92,198,450.215507,-501.791013,4.893647,-2.534298,34.1184,25.6,112,28,149,1,22.8667,448.424494,True,0.24
SOLUSDT,60,LORENTZIAN_default,0.1,0.04,False,a0.1_t0.04,False,0.03,0,one_shot,290,-142.891922,-50.107253,92.784669,30.0,290,87,203,369.765823,-512.657746,4.250182,-2.525408,37.2721,23.43,115,34,140,1,34.7515,357.108078,True,0.24
SOLUSDT,60,LORENTZIAN_default,0.1,0.08,False,a0.1_t0.08,False,0.03,0,one_shot,290,-65.714898,27.094003,92.808902,30.0,290,87,203,446.942847,-512.657746,5.137274,-2.525408,32.9572,25.67,115,15,159,1,23.979,434.285102,True,0.27
SOLUSDT,60,LORENTZIAN_default,0.15,0.04,False,a0.15_t0.04,False,0.03,0,one_shot,290,-106.135094,-13.354723,92.780371,30.34,290,88,202,406.202651,-512.337746,4.615939,-2.536325,35.4619,24.98,115,17,157,1,28.4316,393.864906,True,0.21
SOLUSDT,60,LORENTZIAN_default,0.15,0.08,False,a0.15_t0.08,False,0.03,0,one_shot,290,-61.565207,31.242277,92.807484,30.34,290,88,202,450.772539,-512.337746,5.122415,-2.536325,33.1167,26.13,115,8,166,1,23.1513,438.434793,True,0.18
SOLUSDT,60,LORENTZIAN_default,0.2,0.04,False,a0.2_t0.04,False,0.03,0,one_shot,290,-77.487018,15.305057,92.792075,30.34,290,88,202,434.850728,-512.337746,4.941486,-2.536325,33.918,26.18,115,6,168,1,23.1071,422.512982,True,0.22
SOLUSDT,60,LORENTZIAN_default,0.2,0.08,False,a0.2_t0.08,False,0.03,0,one_shot,290,-58.966818,33.836775,92.803593,30.34,290,88,202,453.370928,-512.337746,5.151942,-2.536325,32.9896,26.31,115,5,169,1,21.751,441.033182,True,0.28
SOLUSDT,60,LORENTZIAN_default,10.0,,True,no_trail,False,0.03,0,one_shot,290,-58.827227,33.982033,92.80926,30.34,290,88,202,453.510518,-512.337746,5.153529,-2.536325,32.9828,26.85,115,0,174,1,22.2814,441.172773,True,0.22
ETHUSDT,240,LORENTZIAN_default,0.06,0.04,False,a0.06_t0.04,True,0.03,0,one_shot,76,-79.861926,-55.590621,24.271305,35.53,76,27,49,75.309665,-155.171591,2.789247,-3.166767,53.1692,11.16,44,26,6,0,16.2701,420.138074,True,0.08
ETHUSDT,240,LORENTZIAN_default,0.06,0.08,False,a0.06_t0.08,False,0.03,0,one_shot,76,-38.216751,-13.989109,24.227642,27.63,76,21,55,122.31526,-160.53201,5.824536,-2.918764,33.3829,16.96,44,19,13,0,11.7494,461.783249,True,0.07
ETHUSDT,240,LORENTZIAN_default,0.1,0.04,False,a0.1_t0.04,False,0.03,0,one_shot,76,-59.101271,-34.88177,24.219501,28.95,76,22,54,102.342681,-161.443952,4.65194,-2.989703,39.1238,15.12,45,14,17,0,13.4939,440.898729,True,0.07
ETHUSDT,240,LORENTZIAN_default,0.1,0.08,False,a0.1_t0.08,False,0.03,0,one_shot,76,-31.610463,-7.381297,24.229166,28.95,76,22,54,129.833489,-161.443952,5.901522,-2.989703,33.6253,16.99,45,11,20,0,11.4746,468.389537,True,0.08
ETHUSDT,240,LORENTZIAN_default,0.15,0.04,False,a0.15_t0.04,False,0.03,0,one_shot,76,-17.159256,7.042339,24.201594,27.63,76,21,55,145.010587,-162.169843,6.905266,-2.948543,29.9229,17.86,45,9,22,0,10.5385,482.840744,True,0.07
ETHUSDT,240,LORENTZIAN_default,0.15,0.08,False,a0.15_t0.08,False,0.03,0,one_shot,76,-16.137213,8.068778,24.205991,27.63,76,21,55,146.03263,-162.169843,6.953935,-2.948543,29.7758,18.53,45,9,22,0,11.1143,483.862787,True,0.07
ETHUSDT,240,LORENTZIAN_default,0.2,0.04,False,a0.2_t0.04,False,0.03,0,one_shot,76,-23.499286,0.711804,24.21109,27.63,76,21,55,138.670556,-162.169843,6.60336,-2.948543,30.8686,19.11,45,5,26,0,10.4935,476.500714,True,0.07
ETHUSDT,240,LORENTZIAN_default,0.2,0.08,False,a0.2_t0.08,False,0.03,0,one_shot,76,-24.83404,-0.615023,24.219016,27.63,76,21,55,137.335803,-162.169843,6.5398,-2.948543,31.0754,19.3,45,5,26,0,11.1143,475.16596,True,0.08
ETHUSDT,240,LORENTZIAN_default,10.0,,True,no_trail,False,0.03,0,one_shot,76,-16.273126,7.931755,24.204881,27.63,76,21,55,145.896717,-162.169843,6.947463,-2.948543,29.7953,20.5,45,0,30,1,12.2103,483.726874,True,0.08
ETHUSDT,60,LORENTZIAN_default,0.06,0.04,False,a0.06_t0.04,True,0.03,0,one_shot,304,-153.509168,-56.189309,97.319859,31.91,304,97,207,279.26486,-432.774028,2.879019,-2.090696,42.0687,24.32,59,37,207,1,33.2496,346.490832,True,0.22
ETHUSDT,60,LORENTZIAN_default,0.06,0.08,False,a0.06_t0.08,False,0.03,0,one_shot,304,-108.50429,-11.227238,97.277052,31.25,304,95,209,326.761934,-435.266224,3.439599,-2.082614,37.7134,26.7,59,15,229,1,26.5835,391.49571,True,0.23
ETHUSDT,60,LORENTZIAN_default,0.1,0.04,False,a0.1_t0.04,False,0.03,0,one_shot,304,-149.039743,-51.746191,97.293552,30.92,304,94,210,288.503044,-437.542788,3.069181,-2.083537,40.4357,25.61,59,18,226,1,34.0808,350.960257,True,0.2
ETHUSDT,60,LORENTZIAN_default,0.1,0.08,False,a0.1_t0.08,False,0.03,0,one_shot,304,-111.979514,-14.697,97.282514,30.92,304,94,210,325.563274,-437.542788,3.463439,-2.083537,37.5617,26.74,59,12,232,1,27.2666,388.020486,True,0.21
ETHUSDT,60,LORENTZIAN_default,0.15,0.04,False,a0.15_t0.04,False,0.03,0,one_shot,304,-110.396487,-13.078136,97.318351,30.92,304,94,210,330.150801,-440.547288,3.512243,-2.097844,37.3941,26.86,60,7,236,1,26.9692,389.603513,True,0.25
ETHUSDT,60,LORENTZIAN_default,0.15,0.08,False,a0.15_t0.08,False,0.03,0,one_shot,304,-89.062298,8.254099,97.316397,30.92,304,94,210,351.48499,-440.547288,3.739202,-2.097844,35.9402,27.19,60,5,238,1,22.7756,410.937702,True,0.22
ETHUSDT,60,LORENTZIAN_default,0.2,0.04,False,a0.2_t0.04,False,0.03,0,one_shot,304,-79.791934,17.504948,97.296882,30.92,304,94,210,360.755354,-440.547288,3.837823,-2.097844,35.343,27.13,60,6,237,1,21.1569,420.208066,True,0.21
ETHUSDT,60,LORENTZIAN_default,0.2,0.08,False,a0.2_t0.08,False,0.03,0,one_shot,304,-80.029012,17.273856,97.302867,30.92,304,94,210,360.518276,-440.547288,3.835301,-2.097844,35.358,27.2,60,4,239,1,21.3072,419.970988,True,0.22
ETHUSDT,60,LORENTZIAN_default,10.0,,True,no_trail,False,0.03,0,one_shot,304,-83.447038,13.860948,97.307987,30.92,304,94,210,357.10025,-440.547288,3.798939,-2.097844,35.5761,27.46,60,0,243,1,21.7346,416.552962,True,0.21
BTCUSDT,240,LORENTZIAN_default,0.06,0.04,False,a0.06_t0.04,True,0.03,0,one_shot,58,-18.730555,-0.138323,18.592232,37.93,58,22,36,75.859549,-94.590104,3.448161,-2.627503,43.2463,13.64,24,21,13,0,8.3675,481.269445,True,0.08
BTCUSDT,240,LORENTZIAN_default,0.06,0.08,False,a0.06_t0.08,False,0.03,0,one_shot,58,-7.023004,11.526341,18.549345,36.21,58,21,37,91.056493,-98.079497,4.336023,-2.650797,37.94,19.67,24,11,23,0,6.9558,492.976996,True,0.07
BTCUSDT,240,LORENTZIAN_default,0.1,0.04,False,a0.1_t0.04,False,0.03,0,one_shot,58,19.45899,38.053825,18.594835,37.93,58,22,36,117.457633,-97.998642,5.338983,-2.722185,33.7691,20.16,25,9,24,0,4.4806,519.45899,True,0.08
BTCUSDT,240,LORENTZIAN_default,0.1,0.08,False,a0.1_t0.08,False,0.03,0,one_shot,58,32.222969,50.826297,18.603328,37.93,58,22,36,130.221612,-97.998642,5.919164,-2.722185,31.5018,23.34,25,6,27,0,5.5533,532.222969,True,0.07
BTCUSDT,240,LORENTZIAN_default,0.15,0.04,False,a0.15_t0.04,False,0.03,0,one_shot,58,32.741508,51.336522,18.595015,37.93,58,22,36,130.74015,-97.998642,5.942734,-2.722185,31.4162,23.21,25,5,28,0,6.0494,532.741508,True,0.09
BTCUSDT,240,LORENTZIAN_default,0.15,0.08,False,a0.15_t0.08,False,0.03,0,one_shot,58,41.753943,60.366101,18.612158,37.93,58,22,36,139.752585,-97.998642,6.35239,-2.722185,29.9979,24.9,25,4,29,0,6.7973,541.753943,True,0.08
BTCUSDT,240,LORENTZIAN_default,0.2,0.04,False,a0.2_t0.04,False,0.03,0,one_shot,58,23.216614,41.802201,18.585588,37.93,58,22,36,121.215256,-97.998642,5.509784,-2.722185,33.0684,23.6,25,2,30,1,7.5764,523.216614,True,0.09
BTCUSDT,240,LORENTZIAN_default,0.2,0.08,False,a0.2_t0.08,False,0.03,0,one_shot,58,37.298995,55.905738,18.606743,37.93,58,22,36,135.297637,-97.998642,6.149893,-2.722185,30.6826,24.91,25,1,31,1,7.5764,537.298995,True,0.08
BTCUSDT,240,LORENTZIAN_default,10.0,,True,no_trail,False,0.03,0,one_shot,58,35.419856,54.029413,18.609557,37.93,58,22,36,133.418498,-97.998642,6.064477,-2.722185,30.9809,25.28,25,0,32,1,7.5764,535.419856,True,0.08
BTCUSDT,60,LORENTZIAN_default,0.06,0.04,False,a0.06_t0.04,True,0.03,0,one_shot,279,-75.138925,14.232277,89.371202,31.9,279,89,190,271.436514,-346.575439,3.049848,-1.824081,37.4253,29.88,33,25,220,1,18.7009,424.861075,True,0.21
BTCUSDT,60,LORENTZIAN_default,0.06,0.08,False,a0.06_t0.08,False,0.03,0,one_shot,279,-56.631075,32.704235,89.33531,31.9,279,89,190,289.944364,-346.575439,3.257802,-1.824081,35.8938,31.03,33,6,239,1,14.5505,443.368925,True,0.29
BTCUSDT,60,LORENTZIAN_default,0.1,0.04,False,a0.1_t0.04,False,0.03,0,one_shot,279,-56.916202,32.429482,89.345683,31.54,279,88,191,291.366683,-348.282885,3.310985,-1.823471,35.5144,30.93,33,10,235,1,14.9421,443.083798,True,0.21
BTCUSDT,60,LORENTZIAN_default,0.1,0.08,False,a0.1_t0.08,False,0.03,0,one_shot,279,-60.92512,28.416621,89.341741,31.54,279,88,191,287.357765,-348.282885,3.265429,-1.823471,35.8323,31.13,33,4,241,1,15.3986,439.07488,True,0.21
BTCUSDT,60,LORENTZIAN_default,0.15,0.04,False,a0.15_t0.04,False,0.03,0,one_shot,279,-63.994837,25.366257,89.361094,31.54,279,88,191,284.288048,-348.282885,3.230546,-1.823471,36.0796,31.22,33,3,242,1,16.0049,436.005163,True,0.23
BTCUSDT,60,LORENTZIAN_default,0.15,0.08,False,a0.15_t0.08,False,0.03,0,one_shot,279,-63.716755,25.629167,89.345922,31.54,279,88,191,284.56613,-348.282885,3.233706,-1.823471,36.0571,31.25,33,2,243,1,15.95,436.283245,True,0.27
BTCUSDT,60,LORENTZIAN_default,0.2,0.04,False,a0.2_t0.04,False,0.03,0,one_shot,279,-58.569557,30.783411,89.352969,31.54,279,88,191,289.713328,-348.282885,3.292197,-1.823471,35.6448,31.24,33,3,242,1,14.9334,441.430443,True,0.23
BTCUSDT,60,LORENTZIAN_default,0.2,0.08,False,a0.2_t0.08,False,0.03,0,one_shot,279,-63.716755,25.629167,89.345922,31.54,279,88,191,284.56613,-348.282885,3.233706,-1.823471,36.0571,31.25,33,2,243,1,15.95,436.283245,True,0.27
BTCUSDT,60,LORENTZIAN_default,10.0,,True,no_trail,False,0.03,0,one_shot,279,-65.474793,23.883587,89.35838,31.54,279,88,191,282.808092,-348.282885,3.213728,-1.823471,36.2001,31.4,33,0,245,1,16.2972,434.525207,True,0.21
XRPUSDT,240,LORENTZIAN_default,0.06,0.04,False,a0.06_t0.04,True,0.03,0,one_shot,62,-61.858385,-42.007719,19.850666,30.65,62,19,43,52.12368,-113.982065,2.743352,-2.650746,49.1416,9.73,31,23,8,0,12.5854,438.141615,True,0.07
XRPUSDT,240,LORENTZIAN_default,0.06,0.08,False,a0.06_t0.08,False,0.03,0,one_shot,62,-38.017414,-18.179632,19.837782,27.42,62,17,45,82.411734,-120.429148,4.847749,-2.676203,35.5691,14.06,31,20,11,0,9.1244,461.982586,True,0.11
XRPUSDT,240,LORENTZIAN_default,0.1,0.04,False,a0.1_t0.04,False,0.03,0,one_shot,62,-67.366283,-47.564056,19.802227,27.42,62,17,45,65.13633,-132.502613,3.831549,-2.944503,43.4545,12.29,37,14,11,0,13.6843,432.633717,True,0.08
XRPUSDT,240,LORENTZIAN_default,0.1,0.08,False,a0.1_t0.08,False,0.03,0,one_shot,62,-47.889013,-28.068854,19.820159,27.42,62,17,45,84.6136,-132.502613,4.977271,-2.944503,37.1697,14.42,37,13,12,0,9.7983,452.110987,True,0.14
XRPUSDT,240,LORENTZIAN_default,0.15,0.04,False,a0.15_t0.04,False,0.03,0,one_shot,62,-40.004509,-20.196993,19.807516,27.42,62,17,45,94.965092,-134.969601,5.586182,-2.999324,34.9347,15.44,38,9,15,0,9.2217,459.995491,True,0.07
XRPUSDT,240,LORENTZIAN_default,0.15,0.08,False,a0.15_t0.08,False,0.03,0,one_shot,62,-43.791716,-23.981447,19.810269,27.42,62,17,45,91.177885,-134.969601,5.363405,-2.999324,35.8654,16.26,38,9,15,0,9.2217,456.208284,True,0.08
XRPUSDT,240,LORENTZIAN_default,0.2,0.04,False,a0.2_t0.04,False,0.03,0,one_shot,62,-30.9562,-11.140743,19.815457,29.03,62,18,44,103.693401,-134.649601,5.760744,-3.060218,34.6926,18.56,38,5,19,0,8.1635,469.0438,True,0.08
XRPUSDT,240,LORENTZIAN_default,0.2,0.08,False,a0.2_t0.08,False,0.03,0,one_shot,62,-31.929211,-12.115216,19.813995,29.03,62,18,44,102.72039,-134.649601,5.706688,-3.060218,34.9065,18.65,38,5,19,0,8.1635,468.070789,True,0.08
XRPUSDT,240,LORENTZIAN_default,10.0,,True,no_trail,False,0.03,0,one_shot,62,107.542489,127.621596,20.079108,27.42,62,17,45,245.516589,-137.974101,14.442152,-3.066091,17.5123,22.16,39,0,23,0,10.2376,607.542489,True,0.07
XRPUSDT,60,LORENTZIAN_default,0.06,0.04,False,a0.06_t0.04,True,0.03,0,one_shot,275,-189.500868,-101.433788,88.06708,31.64,275,87,188,221.532354,-411.033222,2.546349,-2.186347,46.1967,23.82,70,48,156,1,42.1747,310.499132,True,0.21
XRPUSDT,60,LORENTZIAN_default,0.06,0.08,False,a0.06_t0.08,False,0.03,0,one_shot,275,-126.784121,-38.68119,88.102931,30.18,275,83,192,290.096779,-416.880899,3.495142,-2.171255,38.3181,26.46,70,27,177,1,33.1115,373.215879,True,0.2
XRPUSDT,60,LORENTZIAN_default,0.1,0.04,False,a0.1_t0.04,False,0.03,0,one_shot,275,-153.474415,-65.381173,88.093242,30.55,275,84,191,269.531757,-423.006172,3.208711,-2.214692,40.8358,25.83,73,26,175,1,34.6743,346.525585,True,0.26
XRPUSDT,60,LORENTZIAN_default,0.1,0.08,False,a0.1_t0.08,False,0.03,0,one_shot,275,-110.605526,-22.5148,88.090726,30.55,275,84,191,312.400646,-423.006172,3.719055,-2.214692,37.3237,27.05,73,18,183,1,28.8604,389.394474,True,0.21
XRPUSDT,60,LORENTZIAN_default,0.15,0.04,False,a0.15_t0.04,False,0.03,0,one_shot,275,-127.483889,-39.417768,88.06612,30.91,275,85,190,298.439122,-425.923011,3.511048,-2.2417,38.9675,26.65,74,16,184,1,31.5657,372.516111,True,0.21
XRPUSDT,60,LORENTZIAN_default,0.15,0.08,False,a0.15_t0.08,False,0.03,0,one_shot,275,-101.141933,-13.048075,88.093858,30.91,275,85,190,324.781078,-425.923011,3.820954,-2.2417,36.9756,27.4,74,13,187,1,27.2134,398.858067,True,0.22
XRPUSDT,60,LORENTZIAN_default,0.2,0.04,False,a0.2_t0.04,False,0.03,0,one_shot,275,-74.00835,14.045839,88.054189,30.91,275,85,190,351.914661,-425.923011,4.140172,-2.2417,35.1261,27.67,74,13,187,1,22.7669,425.99165,True,0.25
XRPUSDT,60,LORENTZIAN_default,0.2,0.08,False,a0.2_t0.08,False,0.03,0,one_shot,275,-66.07636,22.001151,88.07751,30.91,275,85,190,359.846652,-425.923011,4.23349,-2.2417,34.6198,28.07,74,12,188,1,24.6078,433.92364,True,0.21
XRPUSDT,60,LORENTZIAN_default,10.0,,True,no_trail,False,0.03,0,one_shot,275,-31.565832,56.593182,88.159014,30.91,275,85,190,397.352679,-428.918511,4.674737,-2.257466,32.5649,28.96,75,0,199,1,23.9237,468.434168,True,0.21
DOGEUSDT,240,LORENTZIAN_default,0.06,0.04,False,a0.06_t0.04,True,0.03,0,one_shot,64,-50.394995,-29.867916,20.527079,39.06,64,25,39,68.734136,-119.129131,2.749365,-3.054593,52.6295,5.59,35,28,1,0,10.662,449.605005,True,0.07
DOGEUSDT,240,LORENTZIAN_default,0.06,0.08,False,a0.06_t0.08,False,0.03,0,one_shot,64,-1.541649,18.996,20.537649,34.38,64,22,42,123.509644,-125.051293,5.614075,-2.977412,34.6554,9.05,35,26,3,0,7.4866,498.458351,True,0.07
DOGEUSDT,240,LORENTZIAN_default,0.1,0.04,False,a0.1_t0.04,False,0.03,0,one_shot,64,-42.111387,-21.573656,20.537731,28.12,64,18,46,103.131565,-145.242952,5.729531,-3.157455,35.529,7.64,42,19,3,0,10.1105,457.888613,True,0.07
DOGEUSDT,240,LORENTZIAN_default,0.1,0.08,False,a0.1_t0.08,False,0.03,0,one_shot,64,-24.677878,-4.136944,20.540934,28.12,64,18,46,120.565074,-145.242952,6.69806,-3.157455,32.0374,9.56,42,17,5,0,10.8335,475.322122,True,0.09
DOGEUSDT,240,LORENTZIAN_default,0.15,0.04,False,a0.15_t0.04,False,0.03,0,one_shot,64,-11.339604,9.145874,20.485479,26.56,64,17,47,140.323335,-151.662939,8.254314,-3.226871,28.1057,10.73,44,13,7,0,7.6806,488.660396,True,0.1
DOGEUSDT,240,LORENTZIAN_default,0.15,0.08,False,a0.15_t0.08,False,0.03,0,one_shot,64,-1.847581,18.649814,20.497395,26.56,64,17,47,149.815359,-151.662939,8.812668,-3.226871,26.8023,11.84,44,13,7,0,7.5601,498.152419,True,0.08
DOGEUSDT,240,LORENTZIAN_default,0.2,0.04,False,a0.2_t0.04,False,0.03,0,one_shot,64,16.89797,37.42401,20.526041,26.56,64,17,47,168.560909,-151.662939,9.915348,-3.226871,24.5535,11.91,44,10,10,0,7.0427,516.89797,True,0.08
DOGEUSDT,240,LORENTZIAN_default,0.2,0.08,False,a0.2_t0.08,False,0.03,0,one_shot,64,7.316289,27.83737,20.521081,26.56,64,17,47,158.979228,-151.662939,9.351719,-3.226871,25.6537,12.61,44,10,10,0,7.0962,507.316289,True,0.07
DOGEUSDT,240,LORENTZIAN_default,10.0,,True,no_trail,False,0.03,0,one_shot,64,126.811316,147.549115,20.737799,26.56,64,17,47,278.474255,-151.662939,16.380839,-3.226871,16.4572,15.36,44,0,20,0,17.9717,626.811316,True,0.14
DOGEUSDT,60,LORENTZIAN_default,0.06,0.04,False,a0.06_t0.04,True,0.03,0,one_shot,301,-241.659289,-145.297942,96.361347,30.56,301,92,209,300.701102,-542.36039,3.26849,-2.595026,44.2572,17.51,126,76,98,1,50.8923,258.340711,True,0.21
DOGEUSDT,60,LORENTZIAN_default,0.06,0.08,False,a0.06_t0.08,False,0.03,0,one_shot,301,-146.453772,-50.073067,96.380706,27.91,301,84,217,407.677373,-554.131145,4.853302,-2.5536,34.4759,21.58,126,41,133,1,34.4392,353.546228,True,0.24
DOGEUSDT,60,LORENTZIAN_default,0.1,0.04,False,a0.1_t0.04,False,0.03,0,one_shot,301,-206.218875,-109.851169,96.367706,27.57,301,83,218,372.081349,-578.300224,4.482908,-2.652753,37.176,19.72,135,41,124,1,45.4308,293.781125,True,0.22
DOGEUSDT,60,LORENTZIAN_default,0.1,0.08,False,a0.1_t0.08,False,0.03,0,one_shot,301,-166.568973,-70.194053,96.37492,27.57,301,83,218,411.731251,-578.300224,4.960617,-2.652753,34.8433,21.69,135,24,141,1,38.492,333.431027,True,0.26
DOGEUSDT,60,LORENTZIAN_default,0.15,0.04,False,a0.15_t0.04,False,0.03,0,one_shot,301,-177.00939,-80.650229,96.359161,27.24,301,82,219,401.777956,-578.787346,4.899731,-2.642865,35.0392,21.16,135,21,144,1,39.7774,322.99061,True,0.25
DOGEUSDT,60,LORENTZIAN_default,0.15,0.08,False,a0.15_t0.08,False,0.03,0,one_shot,301,-170.469659,-74.100465,96.369194,27.24,301,82,219,408.317686,-578.787346,4.979484,-2.642865,34.6726,21.96,135,18,147,1,39.0295,329.530341,True,0.2
DOGEUSDT,60,LORENTZIAN_default,0.2,0.04,False,a0.2_t0.04,False,0.03,0,one_shot,301,-165.851511,-69.499446,96.352065,27.24,301,82,219,412.935835,-578.787346,5.035803,-2.642865,34.4183,22.34,135,11,154,1,39.0657,334.148489,True,0.21
DOGEUSDT,60,LORENTZIAN_default,0.2,0.08,False,a0.2_t0.08,False,0.03,0,one_shot,301,-164.325941,-67.970235,96.355706,27.24,301,82,219,414.461404,-578.787346,5.054407,-2.642865,34.3351,22.52,135,9,156,1,38.795,335.674059,True,0.27
DOGEUSDT,60,LORENTZIAN_default,10.0,,True,no_trail,False,0.03,0,one_shot,301,-128.715291,-32.315156,96.400135,26.91,301,81,220,453.396555,-582.111846,5.597488,-2.645963,32.0978,23.09,136,0,164,1,35.3346,371.284709,True,0.21
