group,symbol,interval,strategy,cooldown_candles,max_sl_pct,net_pnl,gross_pnl,total_costs,win_rate,n_trades,n_initial_sl_exits,max_drawdown_pct,final_equity,survived,seconds
catalog,SOLUSDT,240,EMA_8_21,0,0.03,-401.682394,-302.805291,98.877104,28.16,309,128,80.3669,98.317606,False,0.27
catalog,SOLUSDT,240,EMA_8_21,5,0.03,-403.129823,-310.33055,92.799273,28.28,290,136,80.6514,96.870177,False,0.22
catalog,SOLUSDT,240,EMA_8_21,10,0.03,-403.071366,-317.297804,85.773562,26.87,268,125,80.6143,96.928634,False,0.22
catalog,SOLUSDT,240,EMA_8_21,20,0.03,-257.130059,-198.917323,58.212737,28.02,182,82,51.426,242.869941,True,0.19
catalog,SOLUSDT,240,EMA_8_21,50,0.03,-142.872518,-115.682571,27.189947,20.0,85,42,28.5745,357.127482,True,0.1
catalog,SOLUSDT,240,EMA_13_34_RSI14_55,0,0.03,-400.569136,-307.441857,93.127279,27.84,291,134,80.2793,99.430864,False,0.11
catalog,SOLUSDT,240,EMA_13_34_RSI14_55,5,0.03,-400.570131,-311.316805,89.253326,27.6,279,135,80.114,99.429869,False,0.22
catalog,SOLUSDT,240,EMA_13_34_RSI14_55,10,0.03,-345.109016,-271.834173,73.274844,26.64,229,115,69.0218,154.890984,True,0.25
catalog,SOLUSDT,240,EMA_13_34_RSI14_55,20,0.03,-225.79706,-172.349426,53.447635,30.54,167,77,45.1594,274.20294,True,0.28
catalog,SOLUSDT,240,EMA_13_34_RSI14_55,50,0.03,-117.265846,-94.886752,22.379094,28.57,70,40,23.4532,382.734154,True,0.22
catalog,SOLUSDT,240,RSI14_7030,0,0.03,-401.412376,-313.384763,88.027612,25.82,275,136,80.3369,98.587624,False,0.43
catalog,SOLUSDT,240,RSI14_7030,5,0.03,-210.318855,-162.645205,47.67365,28.19,149,76,42.2971,289.681145,True,0.27
catalog,SOLUSDT,240,RSI14_7030,10,0.03,-201.230967,-163.478072,37.752894,21.19,118,67,40.411,298.769033,True,0.18
catalog,SOLUSDT,240,RSI14_7030,20,0.03,-142.566008,-113.154277,29.411731,26.09,92,50,28.7839,357.433992,True,0.28
catalog,SOLUSDT,240,RSI14_7030,50,0.03,-91.36854,-72.507974,18.860566,22.03,59,30,18.4991,408.63146,True,0.27
catalog,SOLUSDT,240,MACD_12_26_hist,0,0.03,-400.536178,-308.022453,92.513725,24.57,289,118,80.138,99.463822,False,0.46
catalog,SOLUSDT,240,MACD_12_26_hist,5,0.03,-402.854196,-300.409274,102.444922,29.69,320,118,80.5963,97.145804,False,0.4
catalog,SOLUSDT,240,MACD_12_26_hist,10,0.03,-401.006877,-308.1499,92.856977,27.59,290,117,80.2014,98.993123,False,0.36
catalog,SOLUSDT,240,MACD_12_26_hist,20,0.03,-277.742985,-210.842157,66.900828,27.75,209,79,55.5486,222.257015,True,0.21
catalog,SOLUSDT,240,MACD_12_26_hist,50,0.03,-149.346788,-117.025062,32.321727,20.79,101,40,29.8694,350.653212,True,0.21
catalog,SOLUSDT,240,MACD_RSI14_50,0,0.03,-400.431346,-313.371941,87.059405,25.0,272,127,80.1266,99.568654,False,0.19
catalog,SOLUSDT,240,MACD_RSI14_50,5,0.03,-403.066038,-315.685745,87.380294,27.11,273,128,80.6132,96.933962,False,0.19
catalog,SOLUSDT,240,MACD_RSI14_50,10,0.03,-400.975831,-311.982303,88.993528,24.1,278,122,80.1952,99.024169,False,0.14
catalog,SOLUSDT,240,MACD_RSI14_50,20,0.03,-258.877899,-201.005882,57.872017,24.86,181,79,51.7756,241.122101,True,0.23
catalog,SOLUSDT,240,MACD_RSI14_50,50,0.03,-132.980382,-104.824582,28.1558,21.59,88,40,26.5961,367.019618,True,0.12
catalog,SOLUSDT,240,BB_20_25_breakout,0,0.03,-99.540989,-76.158015,23.382974,28.77,73,34,20.0057,400.459011,True,0.1
catalog,SOLUSDT,240,BB_20_25_breakout,5,0.03,-83.365671,-62.873624,20.492047,29.69,64,29,16.7745,416.634329,True,0.27
catalog,SOLUSDT,240,BB_20_25_breakout,10,0.03,-84.369906,-64.84081,19.529096,27.87,61,29,16.9751,415.630094,True,0.26
catalog,SOLUSDT,240,BB_20_25_breakout,20,0.03,-78.9241,-60.671188,18.252912,28.07,57,27,15.8873,421.0759,True,0.26
catalog,SOLUSDT,240,BB_20_25_breakout,50,0.03,-55.252932,-42.441222,12.81171,27.5,40,19,11.1588,444.747068,True,0.17
catalog,SOLUSDT,240,BB_20_2_RSI14,0,0.03,-261.846536,-203.255313,58.591223,22.4,183,83,52.3693,238.153464,True,0.14
catalog,SOLUSDT,240,BB_20_2_RSI14,5,0.03,-221.397112,-171.785773,49.611339,21.94,155,70,44.2794,278.602888,True,0.16
catalog,SOLUSDT,240,BB_20_2_RSI14,10,0.03,-202.528983,-158.996195,43.532788,22.06,136,65,40.5058,297.471017,True,0.27
catalog,SOLUSDT,240,BB_20_2_RSI14,20,0.03,-153.380551,-118.179282,35.201269,22.73,110,49,30.6761,346.619449,True,0.24
catalog,SOLUSDT,240,BB_20_2_RSI14,50,0.03,-95.730646,-77.169586,18.56106,24.14,58,32,19.1461,404.269354,True,0.26
catalog,SOLUSDT,240,ADX14_DI_20,0,0.03,-400.012393,-309.730443,90.28195,23.76,282,119,80.1525,99.987607,False,0.36
catalog,SOLUSDT,240,ADX14_DI_20,5,0.03,-401.544712,-312.543926,89.000786,25.18,278,121,80.4566,98.455288,False,0.25
catalog,SOLUSDT,240,ADX14_DI_20,10,0.03,-401.560697,-314.200622,87.360074,26.74,273,118,80.4598,98.439303,False,0.19
catalog,SOLUSDT,240,ADX14_DI_20,20,0.03,-266.057274,-204.264172,61.793102,25.91,193,79,53.5624,233.942726,True,0.19
catalog,SOLUSDT,240,ADX14_DI_20,50,0.03,-136.773874,-104.782992,31.990882,26.0,100,41,27.8997,363.226126,True,0.15
catalog,SOLUSDT,240,STOCH14_cross,0,0.03,-401.400232,-301.168947,100.231285,14.7,313,77,80.28,98.599768,False,0.19
catalog,SOLUSDT,240,STOCH14_cross,5,0.03,-402.587989,-266.914305,135.673685,20.52,424,65,80.5176,97.412011,False,0.58
catalog,SOLUSDT,240,STOCH14_cross,10,0.03,-400.012061,-263.411605,136.600456,22.01,427,59,80.0024,99.987939,False,0.61
catalog,SOLUSDT,240,STOCH14_cross,20,0.03,-400.825256,-239.206241,161.619016,25.15,505,52,80.1732,99.174744,False,0.33
catalog,SOLUSDT,240,STOCH14_cross,50,0.03,-231.255629,-145.509313,85.746315,23.88,268,38,46.2511,268.744371,True,0.24
catalog,SOLUSDT,240,TS_13_34_200_14,0,0.03,-401.857155,-315.816464,86.040691,24.54,269,132,80.4112,98.142845,False,0.24
catalog,SOLUSDT,240,TS_13_34_200_14,5,0.03,-401.601517,-320.058958,81.542558,23.92,255,129,80.3203,98.398483,False,0.22
catalog,SOLUSDT,240,TS_13_34_200_14,10,0.03,-329.694422,-263.799554,65.894868,24.76,206,107,65.9389,170.305578,True,0.23
catalog,SOLUSDT,240,TS_13_34_200_14,20,0.03,-231.961766,-184.622904,47.338862,25.0,148,76,46.3924,268.038234,True,0.25
catalog,SOLUSDT,240,TS_13_34_200_14,50,0.03,-120.003607,-97.318004,22.685603,25.35,71,39,24.0007,379.996393,True,0.24
catalog,SOLUSDT,60,EMA_8_21,0,0.03,-403.235859,-291.498404,111.737455,33.24,349,123,80.7331,96.764141,False,0.5
catalog,SOLUSDT,60,EMA_8_21,5,0.03,-401.869699,-269.022363,132.847335,34.94,415,112,80.4611,98.130301,False,0.49
catalog,SOLUSDT,60,EMA_8_21,10,0.03,-400.069974,-271.0907,128.979274,34.0,403,110,80.1027,99.930026,False,0.53
catalog,SOLUSDT,60,EMA_8_21,20,0.03,-401.07354,-249.061034,152.012506,33.89,475,99,80.3026,98.92646,False,0.52
catalog,SOLUSDT,60,EMA_8_21,50,0.03,-347.962267,-194.9573,153.004967,37.03,478,97,69.7275,152.037733,True,0.44
catalog,SOLUSDT,60,EMA_13_34_RSI14_55,0,0.03,-400.792551,-287.49489,113.297661,39.55,354,147,80.3408,99.207449,False,0.3
catalog,SOLUSDT,60,EMA_13_34_RSI14_55,5,0.03,-400.59573,-278.944286,121.651444,39.21,380,144,80.3018,99.40427,False,0.25
catalog,SOLUSDT,60,EMA_13_34_RSI14_55,10,0.03,-401.705484,-273.032232,128.673252,41.29,402,144,80.5217,98.294516,False,0.23
catalog,SOLUSDT,60,EMA_13_34_RSI14_55,20,0.03,-400.212116,-272.558015,127.654101,39.85,399,143,80.2258,99.787884,False,0.24
catalog,SOLUSDT,60,EMA_13_34_RSI14_55,50,0.03,-261.884432,-162.679508,99.204924,44.84,310,106,52.8144,238.115568,True,0.24
catalog,SOLUSDT,60,RSI14_7030,0,0.03,-400.198575,-262.002393,138.196182,45.14,432,211,80.1196,99.801425,False,0.25
catalog,SOLUSDT,60,RSI14_7030,5,0.03,-372.320737,-247.867098,124.453638,44.47,389,194,74.5663,127.679263,True,0.22
catalog,SOLUSDT,60,RSI14_7030,10,0.03,-331.982551,-222.563726,109.418825,44.74,342,172,66.531,168.017449,True,0.24
catalog,SOLUSDT,60,RSI14_7030,20,0.03,-249.723406,-158.234034,91.489372,45.8,286,143,50.145,250.276594,True,0.26
catalog,SOLUSDT,60,RSI14_7030,50,0.03,-163.293332,-99.548817,63.744515,46.23,199,98,32.9281,336.706668,True,0.29
catalog,SOLUSDT,60,MACD_12_26_hist,0,0.03,-400.834314,-282.038884,118.79543,29.38,371,102,80.1992,99.165686,False,0.33
catalog,SOLUSDT,60,MACD_12_26_hist,5,0.03,-402.903178,-254.732594,148.170583,30.89,463,90,80.6123,97.096822,False,0.7
catalog,SOLUSDT,60,MACD_12_26_hist,10,0.03,-403.152741,-250.499406,152.653335,30.4,477,86,80.6621,96.847259,False,0.31
catalog,SOLUSDT,60,MACD_12_26_hist,20,0.03,-401.365303,-247.118361,154.246942,30.91,482,84,80.3052,98.634697,False,0.3
catalog,SOLUSDT,60,MACD_12_26_hist,50,0.03,-400.982645,-226.609694,174.372952,32.29,545,82,80.2288,99.017355,False,0.21
catalog,SOLUSDT,60,MACD_RSI14_50,0,0.03,-402.414886,-281.107711,121.307175,32.45,379,120,80.5328,97.585114,False,0.3
catalog,SOLUSDT,60,MACD_RSI14_50,5,0.03,-401.490422,-273.767023,127.7234,32.08,399,101,80.3484,98.509578,False,0.26
catalog,SOLUSDT,60,MACD_RSI14_50,10,0.03,-400.192741,-276.343476,123.849265,30.49,387,95,80.0895,99.807259,False,0.28
catalog,SOLUSDT,60,MACD_RSI14_50,20,0.03,-400.878024,-266.451137,134.426888,31.43,420,89,80.2262,99.121976,False,0.27
catalog,SOLUSDT,60,MACD_RSI14_50,50,0.03,-402.966919,-246.139294,156.827626,34.69,490,95,80.643,97.033081,False,0.3
catalog,SOLUSDT,60,BB_20_25_breakout,0,0.03,-243.216015,-170.230765,72.98525,40.35,228,108,48.8904,256.783985,True,0.22
catalog,SOLUSDT,60,BB_20_25_breakout,5,0.03,-222.964705,-157.347803,65.616903,40.0,205,98,44.8596,277.035295,True,0.56
catalog,SOLUSDT,60,BB_20_25_breakout,10,0.03,-211.007892,-146.991268,64.016624,41.0,200,95,42.4797,288.992108,True,0.41
catalog,SOLUSDT,60,BB_20_25_breakout,20,0.03,-210.153954,-149.668404,60.48555,39.15,189,91,42.3098,289.846046,True,0.38
catalog,SOLUSDT,60,BB_20_25_breakout,50,0.03,-170.31223,-125.200945,45.111285,38.3,141,72,34.3798,329.68777,True,0.64
catalog,SOLUSDT,60,BB_20_2_RSI14,0,0.03,-401.158161,-284.001727,117.156434,37.98,366,154,80.3454,98.841839,False,0.57
catalog,SOLUSDT,60,BB_20_2_RSI14,5,0.03,-401.972441,-287.066211,114.90623,36.77,359,145,80.5074,98.027559,False,0.45
catalog,SOLUSDT,60,BB_20_2_RSI14,10,0.03,-400.509383,-289.128194,111.381189,36.49,348,144,80.2164,99.490617,False,0.43
catalog,SOLUSDT,60,BB_20_2_RSI14,20,0.03,-359.173875,-257.689917,101.483958,37.22,317,129,71.9969,140.826125,True,0.34
catalog,SOLUSDT,60,BB_20_2_RSI14,50,0.03,-256.59763,-184.897454,71.700177,37.05,224,92,51.5998,243.40237,True,0.46
catalog,SOLUSDT,60,ADX14_DI_20,0,0.03,-400.184141,-281.686115,118.498026,27.3,370,92,80.0368,99.815859,False,0.28
catalog,SOLUSDT,60,ADX14_DI_20,5,0.03,-400.727147,-272.300527,128.42662,27.68,401,80,80.1454,99.272853,False,0.41
catalog,SOLUSDT,60,ADX14_DI_20,10,0.03,-401.456702,-256.163501,145.293201,27.31,454,68,80.2913,98.543298,False,0.54
catalog,SOLUSDT,60,ADX14_DI_20,20,0.03,-400.648516,-239.62744,161.021076,27.24,503,70,80.1712,99.351484,False,0.46
catalog,SOLUSDT,60,ADX14_DI_20,50,0.03,-400.456406,-230.755339,169.701067,28.11,530,62,80.0913,99.543594,False,0.5
catalog,SOLUSDT,60,STOCH14_cross,0,0.03,-400.558451,-199.85924,200.699211,22.65,627,29,80.1692,99.441549,False,0.65
catalog,SOLUSDT,60,STOCH14_cross,5,0.03,-400.314993,-159.005102,241.309891,26.26,754,23,80.1207,99.685007,False,0.57
catalog,SOLUSDT,60,STOCH14_cross,10,0.03,-400.122277,-146.339602,253.782675,27.36,793,27,80.0822,99.877723,False,0.67
catalog,SOLUSDT,60,STOCH14_cross,20,0.03,-400.126015,-154.362448,245.763567,26.3,768,27,80.083,99.873985,False,0.52
catalog,SOLUSDT,60,STOCH14_cross,50,0.03,-400.286062,-145.875368,254.410694,24.78,795,22,80.1149,99.713938,False,0.61
catalog,SOLUSDT,60,TS_13_34_200_14,0,0.03,-400.881691,-287.252287,113.629405,40.56,355,162,80.3585,99.118309,False,0.59
catalog,SOLUSDT,60,TS_13_34_200_14,5,0.03,-401.492928,-277.950745,123.542183,42.23,386,171,80.4796,98.507072,False,0.28
catalog,SOLUSDT,60,TS_13_34_200_14,10,0.03,-402.996556,-286.799329,116.197227,41.32,363,161,80.7776,97.003444,False,0.28
catalog,SOLUSDT,60,TS_13_34_200_14,20,0.03,-400.633812,-297.955965,102.677847,36.14,321,148,80.3094,99.366188,False,0.23
catalog,SOLUSDT,60,TS_13_34_200_14,50,0.03,-258.102432,-175.214565,82.887867,42.08,259,110,52.1862,241.897568,True,0.21
catalog,ETHUSDT,240,EMA_8_21,0,0.03,-401.690156,-282.829265,118.86089,32.35,371,128,80.5663,98.309844,False,0.1
catalog,ETHUSDT,240,EMA_8_21,5,0.03,-380.000621,-280.382794,99.617826,29.26,311,122,76.2831,119.999379,True,0.1
catalog,ETHUSDT,240,EMA_8_21,10,0.03,-301.862273,-220.805604,81.056669,30.83,253,93,60.9843,198.137727,True,0.09
catalog,ETHUSDT,240,EMA_8_21,20,0.03,-202.875354,-147.468097,55.407257,30.06,173,67,41.6091,297.124646,True,0.08
catalog,ETHUSDT,240,EMA_8_21,50,0.03,-122.37941,-93.548855,28.830555,28.89,90,37,25.3432,377.62059,True,0.1
catalog,ETHUSDT,240,EMA_13_34_RSI14_55,0,0.03,-402.087532,-298.586076,103.501456,33.44,323,145,81.0417,97.912468,False,0.12
catalog,ETHUSDT,240,EMA_13_34_RSI14_55,5,0.03,-324.176147,-243.40755,80.768597,31.75,252,117,65.5188,175.823853,True,0.11
catalog,ETHUSDT,240,EMA_13_34_RSI14_55,10,0.03,-250.164789,-183.198685,66.966104,35.41,209,93,51.542,249.835211,True,0.08
catalog,ETHUSDT,240,EMA_13_34_RSI14_55,20,0.03,-171.606258,-123.21586,48.390398,34.44,151,65,35.8393,328.393742,True,0.08
catalog,ETHUSDT,240,EMA_13_34_RSI14_55,50,0.03,-99.21969,-74.872931,24.346759,34.21,76,36,21.3262,400.78031,True,0.08
catalog,ETHUSDT,240,RSI14_7030,0,0.03,-332.290085,-266.081277,66.208808,29.95,207,118,66.6212,167.709915,True,0.32
catalog,ETHUSDT,240,RSI14_7030,5,0.03,-201.118565,-162.69986,38.418705,31.67,120,73,40.3075,298.881435,True,0.18
catalog,ETHUSDT,240,RSI14_7030,10,0.03,-173.363199,-141.959643,31.403556,28.57,98,62,34.7643,326.636801,True,0.15
catalog,ETHUSDT,240,RSI14_7030,20,0.03,-137.527621,-112.225455,25.302167,27.85,79,49,27.6072,362.472379,True,0.19
catalog,ETHUSDT,240,RSI14_7030,50,0.03,-93.879445,-78.1736,15.705845,24.49,49,32,18.8898,406.120555,True,0.1
catalog,ETHUSDT,240,MACD_12_26_hist,0,0.03,-402.759326,-281.044625,121.7147,27.89,380,106,80.5519,97.240674,False,0.18
catalog,ETHUSDT,240,MACD_12_26_hist,5,0.03,-380.15696,-265.522623,114.634337,27.93,358,105,76.0314,119.84304,True,0.17
catalog,ETHUSDT,240,MACD_12_26_hist,10,0.03,-281.881611,-188.040801,93.84081,31.06,293,84,56.3763,218.118389,True,0.15
catalog,ETHUSDT,240,MACD_12_26_hist,20,0.03,-227.304498,-148.815117,78.489381,29.8,245,58,45.4609,272.695502,True,0.2
catalog,ETHUSDT,240,MACD_12_26_hist,50,0.03,-146.309923,-113.617106,32.692816,20.59,102,38,29.262,353.690077,True,0.19
catalog,ETHUSDT,240,MACD_RSI14_50,0,0.03,-400.615532,-290.439693,110.175839,30.52,344,123,80.1231,99.384468,False,0.15
catalog,ETHUSDT,240,MACD_RSI14_50,5,0.03,-355.601563,-258.560935,97.040628,29.7,303,110,71.1203,144.398437,True,0.23
catalog,ETHUSDT,240,MACD_RSI14_50,10,0.03,-279.529314,-197.845094,81.68422,32.94,255,86,55.9059,220.470686,True,0.21
catalog,ETHUSDT,240,MACD_RSI14_50,20,0.03,-219.140835,-157.314986,61.825849,30.05,193,66,43.8282,280.859165,True,0.18
catalog,ETHUSDT,240,MACD_RSI14_50,50,0.03,-115.762215,-80.498026,35.264189,30.91,110,36,23.1524,384.237785,True,0.28
catalog,ETHUSDT,240,BB_20_25_breakout,0,0.03,-89.047947,-65.035689,24.012258,30.67,75,30,19.1327,410.952053,True,0.27
catalog,ETHUSDT,240,BB_20_25_breakout,5,0.03,-80.588264,-57.857773,22.730491,30.99,71,27,17.468,419.411736,True,0.25
catalog,ETHUSDT,240,BB_20_25_breakout,10,0.03,-81.502276,-59.728978,21.773298,27.94,68,27,17.6479,418.497724,True,0.24
catalog,ETHUSDT,240,BB_20_25_breakout,20,0.03,-66.499346,-47.299083,19.200263,31.67,60,24,14.6956,433.500654,True,0.23
catalog,ETHUSDT,240,BB_20_25_breakout,50,0.03,-43.48285,-28.761695,14.721155,34.78,46,16,10.1664,456.51715,True,0.16
catalog,ETHUSDT,240,BB_20_2_RSI14,0,0.03,-239.401532,-184.655156,54.746376,25.73,171,77,48.939,260.598468,True,0.45
catalog,ETHUSDT,240,BB_20_2_RSI14,5,0.03,-216.53227,-165.9443,50.587971,25.32,158,70,44.4581,283.46773,True,0.27
catalog,ETHUSDT,240,BB_20_2_RSI14,10,0.03,-201.282802,-157.4094,43.873403,23.36,137,63,41.4701,298.717198,True,0.15
catalog,ETHUSDT,240,BB_20_2_RSI14,20,0.03,-149.397059,-114.163159,35.2339,26.36,110,48,31.3038,350.602941,True,0.16
catalog,ETHUSDT,240,BB_20_2_RSI14,50,0.03,-82.934871,-60.548301,22.38657,31.43,70,28,18.2813,417.065129,True,0.21
catalog,ETHUSDT,240,ADX14_DI_20,0,0.03,-400.124519,-275.790261,124.334259,29.64,388,104,80.0249,99.875481,False,0.21
catalog,ETHUSDT,240,ADX14_DI_20,5,0.03,-400.279675,-284.934359,115.345316,27.22,360,109,80.0559,99.720325,False,0.27
catalog,ETHUSDT,240,ADX14_DI_20,10,0.03,-281.387683,-183.35894,98.028743,32.03,306,79,56.2775,218.612317,True,0.21
catalog,ETHUSDT,240,ADX14_DI_20,20,0.03,-231.707003,-161.539997,70.167005,27.85,219,64,46.3414,268.292997,True,0.19
catalog,ETHUSDT,240,ADX14_DI_20,50,0.03,-151.395853,-102.718068,48.677785,26.32,152,33,30.2792,348.604147,True,0.23
catalog,ETHUSDT,240,STOCH14_cross,0,0.03,-400.558937,-220.666262,179.892675,24.02,562,44,80.1652,99.441063,False,0.19
catalog,ETHUSDT,240,STOCH14_cross,5,0.03,-400.428219,-196.544732,203.883487,25.59,637,37,80.1391,99.571781,False,0.12
catalog,ETHUSDT,240,STOCH14_cross,10,0.03,-401.508357,-197.940205,203.568152,25.31,636,36,80.3545,98.491643,False,0.14
catalog,ETHUSDT,240,STOCH14_cross,20,0.03,-401.266621,-196.703382,204.563238,25.35,639,41,80.3063,98.733379,False,0.13
catalog,ETHUSDT,240,STOCH14_cross,50,0.03,-313.018539,-166.120805,146.897735,23.97,459,28,62.7041,186.981461,True,0.08
catalog,ETHUSDT,240,TS_13_34_200_14,0,0.03,-401.445213,-302.703572,98.741641,32.14,308,149,80.9686,98.554787,False,0.08
catalog,ETHUSDT,240,TS_13_34_200_14,5,0.03,-311.246797,-235.578696,75.668101,30.08,236,113,63.2571,188.753203,True,0.07
catalog,ETHUSDT,240,TS_13_34_200_14,10,0.03,-232.590993,-171.68961,60.901382,33.16,190,87,48.0588,267.409007,True,0.14
catalog,ETHUSDT,240,TS_13_34_200_14,20,0.03,-172.419685,-126.914286,45.5054,31.69,142,66,36.361,327.580315,True,0.14
catalog,ETHUSDT,240,TS_13_34_200_14,50,0.03,-94.00211,-71.256889,22.745222,32.39,71,35,20.302,405.99789,True,0.16
catalog,ETHUSDT,60,EMA_8_21,0,0.03,-400.61696,-230.261212,170.355748,28.95,532,68,80.1302,99.38304,False,0.33
catalog,ETHUSDT,60,EMA_8_21,5,0.03,-400.032046,-209.202213,190.829834,30.37,596,71,80.0133,99.967954,False,0.3
catalog,ETHUSDT,60,EMA_8_21,10,0.03,-400.865834,-204.873045,195.992789,30.39,612,69,80.18,99.134166,False,0.26
catalog,ETHUSDT,60,EMA_8_21,20,0.03,-402.36888,-209.973325,192.395555,31.28,601,74,80.4805,97.63112,False,0.27
catalog,ETHUSDT,60,EMA_8_21,50,0.03,-363.5059,-190.919748,172.586152,29.87,539,58,72.7106,136.4941,True,0.33
catalog,ETHUSDT,60,EMA_13_34_RSI14_55,0,0.03,-400.98594,-250.149167,150.836773,36.73,471,123,80.2919,99.01406,False,0.22
catalog,ETHUSDT,60,EMA_13_34_RSI14_55,5,0.03,-400.12792,-246.740833,153.387086,35.49,479,116,80.1211,99.87208,False,0.28
catalog,ETHUSDT,60,EMA_13_34_RSI14_55,10,0.03,-383.68318,-231.892071,151.791109,36.08,474,110,76.8479,116.31682,True,0.28
catalog,ETHUSDT,60,EMA_13_34_RSI14_55,20,0.03,-324.591208,-189.169707,135.421501,37.35,423,96,65.086,175.408792,True,0.36
catalog,ETHUSDT,60,EMA_13_34_RSI14_55,50,0.03,-242.51481,-140.343687,102.171124,36.68,319,72,48.9466,257.48519,True,0.24
catalog,ETHUSDT,60,RSI14_7030,0,0.03,-403.218545,-260.539184,142.679361,45.96,446,207,80.7358,96.781455,False,0.29
catalog,ETHUSDT,60,RSI14_7030,5,0.03,-283.146276,-169.190685,113.955591,49.44,356,155,57.2606,216.853724,True,0.25
catalog,ETHUSDT,60,RSI14_7030,10,0.03,-223.976441,-120.55964,103.4168,51.08,323,134,45.0581,276.023559,True,0.32
catalog,ETHUSDT,60,RSI14_7030,20,0.03,-199.711701,-113.518871,86.19283,49.81,269,117,40.2282,300.288299,True,0.23
catalog,ETHUSDT,60,RSI14_7030,50,0.03,-119.928183,-55.2486,64.679584,52.48,202,81,25.4085,380.071817,True,0.19
catalog,ETHUSDT,60,MACD_12_26_hist,0,0.03,-401.805749,-201.724346,200.081403,30.72,625,65,80.3679,98.194251,False,0.42
catalog,ETHUSDT,60,MACD_12_26_hist,5,0.03,-400.582002,-197.951706,202.630296,29.54,633,55,80.1232,99.417998,False,0.38
catalog,ETHUSDT,60,MACD_12_26_hist,10,0.03,-400.71305,-195.838091,204.874959,29.69,640,49,80.1494,99.28695,False,0.31
catalog,ETHUSDT,60,MACD_12_26_hist,20,0.03,-400.158501,-193.012055,207.146445,29.21,647,51,80.0386,99.841499,False,0.26
catalog,ETHUSDT,60,MACD_12_26_hist,50,0.03,-400.336976,-198.028089,202.308887,28.8,632,49,80.0743,99.663024,False,0.28
catalog,ETHUSDT,60,MACD_RSI14_50,0,0.03,-400.573758,-218.05915,182.514609,31.4,570,65,80.1538,99.426242,False,0.29
catalog,ETHUSDT,60,MACD_RSI14_50,5,0.03,-402.029513,-214.726196,187.303317,31.28,585,62,80.4443,97.970487,False,0.28
catalog,ETHUSDT,60,MACD_RSI14_50,10,0.03,-400.123196,-208.988812,191.134385,31.32,597,58,80.0638,99.876804,False,0.29
catalog,ETHUSDT,60,MACD_RSI14_50,20,0.03,-400.271151,-214.266262,186.004889,30.81,581,55,80.0934,99.728849,False,0.21
catalog,ETHUSDT,60,MACD_RSI14_50,50,0.03,-364.674326,-183.503952,181.170374,31.8,566,53,72.988,135.325674,True,0.23
catalog,ETHUSDT,60,BB_20_25_breakout,0,0.03,-148.326733,-76.885041,71.441692,44.39,223,74,30.3585,351.673267,True,0.23
catalog,ETHUSDT,60,BB_20_25_breakout,5,0.03,-149.810157,-84.778419,65.031738,42.36,203,68,30.6528,350.189843,True,0.29
catalog,ETHUSDT,60,BB_20_25_breakout,10,0.03,-148.828061,-85.067635,63.760425,42.21,199,68,30.4579,351.171939,True,0.2
catalog,ETHUSDT,60,BB_20_25_breakout,20,0.03,-151.378897,-88.262679,63.116218,42.13,197,68,30.9639,348.621103,True,0.22
catalog,ETHUSDT,60,BB_20_25_breakout,50,0.03,-104.868934,-54.201868,50.667066,44.3,158,54,21.6687,395.131066,True,0.22
catalog,ETHUSDT,60,BB_20_2_RSI14,0,0.03,-390.450756,-264.88892,125.561836,35.71,392,116,78.1371,109.549244,True,0.26
catalog,ETHUSDT,60,BB_20_2_RSI14,5,0.03,-328.795585,-217.97984,110.815744,35.84,346,98,65.8324,171.204415,True,0.23
catalog,ETHUSDT,60,BB_20_2_RSI14,10,0.03,-321.682452,-213.10133,108.581122,35.4,339,97,64.4129,178.317548,True,0.27
catalog,ETHUSDT,60,BB_20_2_RSI14,20,0.03,-297.617659,-195.443179,102.174479,36.05,319,91,59.6102,202.382341,True,0.32
catalog,ETHUSDT,60,BB_20_2_RSI14,50,0.03,-230.879676,-152.707845,78.171831,34.84,244,70,46.2912,269.120324,True,0.32
catalog,ETHUSDT,60,ADX14_DI_20,0,0.03,-401.545638,-194.664826,206.880812,27.09,646,52,80.3159,98.454362,False,0.34
catalog,ETHUSDT,60,ADX14_DI_20,5,0.03,-400.668366,-183.592869,217.075497,25.96,678,44,80.1405,99.331634,False,0.31
catalog,ETHUSDT,60,ADX14_DI_20,10,0.03,-401.024037,-173.668344,227.355692,26.9,710,42,80.2116,98.975963,False,0.3
catalog,ETHUSDT,60,ADX14_DI_20,20,0.03,-400.095142,-173.410553,226.684588,26.13,708,40,80.1829,99.904858,False,0.38
catalog,ETHUSDT,60,ADX14_DI_20,50,0.03,-400.512311,-178.930169,221.582142,25.58,692,39,80.1093,99.487689,False,0.4
catalog,ETHUSDT,60,STOCH14_cross,0,0.03,-401.956529,-122.547725,279.408804,20.73,873,13,80.4395,98.043471,False,0.34
catalog,ETHUSDT,60,STOCH14_cross,5,0.03,-400.052736,-108.164218,291.888518,21.27,912,10,80.0596,99.947264,False,0.3
catalog,ETHUSDT,60,STOCH14_cross,10,0.03,-400.260166,-100.387867,299.872299,21.56,937,9,80.101,99.739834,False,0.36
catalog,ETHUSDT,60,STOCH14_cross,20,0.03,-400.371384,-93.778244,306.59314,21.19,958,9,80.1232,99.628616,False,0.3
catalog,ETHUSDT,60,STOCH14_cross,50,0.03,-400.723052,-105.316227,295.406824,20.04,923,7,80.1934,99.276948,False,0.34
catalog,ETHUSDT,60,TS_13_34_200_14,0,0.03,-402.866323,-270.218523,132.647801,39.61,414,149,80.6497,97.133677,False,0.3
catalog,ETHUSDT,60,TS_13_34_200_14,5,0.03,-369.386705,-242.175586,127.211119,40.55,397,139,74.0956,130.613295,True,0.25
catalog,ETHUSDT,60,TS_13_34_200_14,10,0.03,-331.197203,-209.784562,121.412641,40.9,379,128,66.4469,168.802797,True,0.23
catalog,ETHUSDT,60,TS_13_34_200_14,20,0.03,-305.629527,-194.490498,111.139029,41.79,347,112,61.4995,194.370473,True,0.22
catalog,ETHUSDT,60,TS_13_34_200_14,50,0.03,-192.70915,-111.35877,81.35038,43.31,254,80,39.5578,307.29085,True,0.28
catalog,BTCUSDT,240,EMA_8_21,0,0.03,-376.382001,-264.24783,112.134171,33.14,350,115,75.3892,123.617999,True,0.12
catalog,BTCUSDT,240,EMA_8_21,5,0.03,-256.273658,-177.770642,78.503017,34.69,245,81,51.3464,243.726342,True,0.12
catalog,BTCUSDT,240,EMA_8_21,10,0.03,-206.259955,-139.985168,66.274787,37.68,207,67,41.252,293.740045,True,0.1
catalog,BTCUSDT,240,EMA_8_21,20,0.03,-186.536524,-132.742819,53.793705,32.74,168,53,37.3073,313.463476,True,0.12
catalog,BTCUSDT,240,EMA_8_21,50,0.03,-115.447205,-81.181421,34.265785,30.84,107,32,23.0894,384.552795,True,0.07
catalog,BTCUSDT,240,EMA_13_34_RSI14_55,0,0.03,-278.787942,-199.957755,78.830187,35.77,246,104,56.5128,221.212058,True,0.08
catalog,BTCUSDT,240,EMA_13_34_RSI14_55,5,0.03,-220.363401,-157.582139,62.781263,34.69,196,79,45.0274,279.636599,True,0.08
catalog,BTCUSDT,240,EMA_13_34_RSI14_55,10,0.03,-145.679993,-92.852867,52.827127,43.64,165,65,30.3457,354.320007,True,0.08
catalog,BTCUSDT,240,EMA_13_34_RSI14_55,20,0.03,-129.756152,-87.152118,42.604034,39.85,133,52,27.2153,370.243848,True,0.11
catalog,BTCUSDT,240,EMA_13_34_RSI14_55,50,0.03,-70.159341,-40.378265,29.781076,43.01,93,32,15.4994,429.840659,True,0.11
catalog,BTCUSDT,240,RSI14_7030,0,0.03,-251.112984,-193.430043,57.68294,33.89,180,98,50.7473,248.887016,True,0.1
catalog,BTCUSDT,240,RSI14_7030,5,0.03,-136.011801,-96.914125,39.097676,41.8,122,59,27.6914,363.988199,True,0.07
catalog,BTCUSDT,240,RSI14_7030,10,0.03,-125.210031,-92.529073,32.680958,42.16,102,53,25.7795,374.789969,True,0.09
catalog,BTCUSDT,240,RSI14_7030,20,0.03,-110.686807,-85.700218,24.986589,37.18,78,43,22.6556,389.313193,True,0.08
catalog,BTCUSDT,240,RSI14_7030,50,0.03,-74.275071,-57.578736,16.696335,38.46,52,29,15.1287,425.724929,True,0.07
catalog,BTCUSDT,240,MACD_12_26_hist,0,0.03,-401.699564,-277.039926,124.659638,30.08,389,109,80.3399,98.300436,False,0.13
catalog,BTCUSDT,240,MACD_12_26_hist,5,0.03,-302.010733,-205.21876,96.791973,29.8,302,78,60.4021,197.989267,True,0.08
catalog,BTCUSDT,240,MACD_12_26_hist,10,0.03,-255.509105,-169.956308,85.552797,31.09,267,65,51.1018,244.490895,True,0.08
catalog,BTCUSDT,240,MACD_12_26_hist,20,0.03,-194.780265,-128.779386,66.000878,31.55,206,53,38.9815,305.219735,True,0.09
catalog,BTCUSDT,240,MACD_12_26_hist,50,0.03,-112.594915,-68.016735,44.57818,33.09,139,30,22.7579,387.405085,True,0.07
catalog,BTCUSDT,240,MACD_RSI14_50,0,0.03,-347.165003,-241.108707,106.056295,32.63,331,101,70.0185,152.834997,True,0.09
catalog,BTCUSDT,240,MACD_RSI14_50,5,0.03,-242.183387,-161.429918,80.753469,33.73,252,73,49.4243,257.816613,True,0.08
catalog,BTCUSDT,240,MACD_RSI14_50,10,0.03,-186.97985,-117.442387,69.537463,36.87,217,58,38.5951,313.02015,True,0.08
catalog,BTCUSDT,240,MACD_RSI14_50,20,0.03,-167.214371,-110.210032,57.004339,33.15,178,47,34.7177,332.785629,True,0.12
catalog,BTCUSDT,240,MACD_RSI14_50,50,0.03,-90.839634,-52.061232,38.778402,35.54,121,28,19.7353,409.160366,True,0.1
catalog,BTCUSDT,240,BB_20_25_breakout,0,0.03,-89.900174,-66.194328,23.705846,35.14,74,30,18.0694,410.099826,True,0.07
catalog,BTCUSDT,240,BB_20_25_breakout,5,0.03,-86.551246,-65.402287,21.148959,34.85,66,29,17.4004,413.448754,True,0.09
catalog,BTCUSDT,240,BB_20_25_breakout,10,0.03,-86.551246,-65.402287,21.148959,34.85,66,29,17.4004,413.448754,True,0.11
catalog,BTCUSDT,240,BB_20_25_breakout,20,0.03,-75.163951,-54.347541,20.81641,36.92,65,26,15.1254,424.836049,True,0.11
catalog,BTCUSDT,240,BB_20_25_breakout,50,0.03,-56.315188,-39.360743,16.954445,39.62,53,19,11.3597,443.684812,True,0.07
catalog,BTCUSDT,240,BB_20_2_RSI14,0,0.03,-177.921374,-132.697315,45.224059,33.33,141,61,35.8587,322.078626,True,0.07
catalog,BTCUSDT,240,BB_20_2_RSI14,5,0.03,-154.020413,-115.523338,38.497075,34.17,120,54,31.0988,345.979587,True,0.09
catalog,BTCUSDT,240,BB_20_2_RSI14,10,0.03,-134.099867,-99.138373,34.961494,34.86,109,48,27.1317,365.900133,True,0.1
catalog,BTCUSDT,240,BB_20_2_RSI14,20,0.03,-112.357257,-79.663286,32.693971,37.25,102,41,22.8017,387.642743,True,0.08
catalog,BTCUSDT,240,BB_20_2_RSI14,50,0.03,-82.743326,-58.72337,24.019956,32.0,75,28,16.9041,417.256674,True,0.13
catalog,BTCUSDT,240,ADX14_DI_20,0,0.03,-400.129644,-280.653012,119.476632,26.27,373,95,80.2478,99.870356,False,0.11
catalog,BTCUSDT,240,ADX14_DI_20,5,0.03,-337.19041,-232.471576,104.718835,25.69,327,70,67.7998,162.80959,True,0.08
catalog,BTCUSDT,240,ADX14_DI_20,10,0.03,-280.582522,-189.025127,91.557395,27.27,286,62,56.604,219.417478,True,0.08
catalog,BTCUSDT,240,ADX14_DI_20,20,0.03,-226.406712,-152.092664,74.314048,27.16,232,51,45.8892,273.593288,True,0.09
catalog,BTCUSDT,240,ADX14_DI_20,50,0.03,-130.202464,-82.459251,47.743213,28.19,149,30,26.8621,369.797536,True,0.1
catalog,BTCUSDT,240,STOCH14_cross,0,0.03,-400.360592,-203.823176,196.537416,24.92,614,45,80.1166,99.639408,False,0.11
catalog,BTCUSDT,240,STOCH14_cross,5,0.03,-400.447552,-182.117582,218.329971,24.78,682,36,80.1339,99.552448,False,0.12
catalog,BTCUSDT,240,STOCH14_cross,10,0.03,-400.755846,-185.939722,214.816124,23.99,671,34,80.1954,99.244154,False,0.09
catalog,BTCUSDT,240,STOCH14_cross,20,0.03,-402.228323,-195.390397,206.837926,23.53,646,37,80.4893,97.771677,False,0.19
catalog,BTCUSDT,240,STOCH14_cross,50,0.03,-297.388656,-126.792143,170.596513,24.02,533,24,59.5681,202.611344,True,0.16
catalog,BTCUSDT,240,TS_13_34_200_14,0,0.03,-228.531232,-161.905598,66.625634,37.5,208,93,46.902,271.468768,True,0.09
catalog,BTCUSDT,240,TS_13_34_200_14,5,0.03,-188.837259,-135.366618,53.470641,37.13,167,77,38.8843,311.162741,True,0.09
catalog,BTCUSDT,240,TS_13_34_200_14,10,0.03,-134.805073,-89.674416,45.130657,41.84,141,61,28.2079,365.194927,True,0.12
catalog,BTCUSDT,240,TS_13_34_200_14,20,0.03,-108.852462,-71.049314,37.803149,38.98,118,49,23.1059,391.147538,True,0.17
catalog,BTCUSDT,240,TS_13_34_200_14,50,0.03,-57.866221,-31.93773,25.928491,44.44,81,29,13.0828,442.133779,True,0.11
catalog,BTCUSDT,60,EMA_8_21,0,0.03,-400.288485,-189.25988,211.028605,28.07,659,59,80.2905,99.711515,False,0.3
catalog,BTCUSDT,60,EMA_8_21,5,0.03,-356.303095,-156.827315,199.47578,28.09,623,48,72.222,143.696905,True,0.27
catalog,BTCUSDT,60,EMA_8_21,10,0.03,-341.538888,-147.509614,194.029273,28.05,606,49,69.6168,158.461112,True,0.23
catalog,BTCUSDT,60,EMA_8_21,20,0.03,-313.503726,-126.513209,186.990517,28.08,584,39,63.6818,186.496274,True,0.3
catalog,BTCUSDT,60,EMA_8_21,50,0.03,-282.752515,-113.687235,169.06528,27.65,528,33,58.2605,217.247485,True,0.29
catalog,BTCUSDT,60,EMA_13_34_RSI14_55,0,0.03,-301.75602,-167.567098,134.188922,34.84,419,78,61.4241,198.24398,True,0.38
catalog,BTCUSDT,60,EMA_13_34_RSI14_55,5,0.03,-304.306772,-175.914187,128.392585,33.17,401,72,61.9299,195.693228,True,0.27
catalog,BTCUSDT,60,EMA_13_34_RSI14_55,10,0.03,-281.034928,-158.396769,122.638158,33.68,383,65,57.333,218.965072,True,0.29
catalog,BTCUSDT,60,EMA_13_34_RSI14_55,20,0.03,-250.157029,-135.851753,114.305276,33.05,357,57,50.8145,249.842971,True,0.32
catalog,BTCUSDT,60,EMA_13_34_RSI14_55,50,0.03,-209.596866,-110.658325,98.938541,33.66,309,46,43.4299,290.403134,True,0.29
catalog,BTCUSDT,60,RSI14_7030,0,0.03,-232.78869,-106.640762,126.147928,51.78,394,151,48.5381,267.21131,True,0.23
catalog,BTCUSDT,60,RSI14_7030,5,0.03,-184.718198,-76.826132,107.892066,53.12,337,124,39.6454,315.281802,True,0.23
catalog,BTCUSDT,60,RSI14_7030,10,0.03,-177.498032,-81.157111,96.340921,52.16,301,110,38.0834,322.501968,True,0.25
catalog,BTCUSDT,60,RSI14_7030,20,0.03,-160.062493,-76.566656,83.495837,52.11,261,97,33.8236,339.937507,True,0.23
catalog,BTCUSDT,60,RSI14_7030,50,0.03,-85.533834,-17.725321,67.808513,56.13,212,69,20.7498,414.466166,True,0.17
catalog,BTCUSDT,60,MACD_12_26_hist,0,0.03,-402.571695,-166.254987,236.316708,29.67,738,51,80.7231,97.428305,False,0.21
catalog,BTCUSDT,60,MACD_12_26_hist,5,0.03,-401.36385,-165.071341,236.292509,29.81,738,42,80.4841,98.63615,False,0.21
catalog,BTCUSDT,60,MACD_12_26_hist,10,0.03,-400.19911,-150.463842,249.735268,30.13,780,42,80.2536,99.80089,False,0.23
catalog,BTCUSDT,60,MACD_12_26_hist,20,0.03,-375.667817,-123.101834,252.565983,30.8,789,35,75.9168,124.332183,True,0.22
catalog,BTCUSDT,60,MACD_12_26_hist,50,0.03,-339.576879,-113.266574,226.310306,29.84,707,33,68.3711,160.423121,True,0.32
catalog,BTCUSDT,60,MACD_RSI14_50,0,0.03,-378.082996,-148.872465,229.210531,32.4,716,61,75.7893,121.917004,True,0.29
catalog,BTCUSDT,60,MACD_RSI14_50,5,0.03,-350.226513,-134.13986,216.086653,32.3,675,51,70.1196,149.773487,True,0.28
catalog,BTCUSDT,60,MACD_RSI14_50,10,0.03,-333.678681,-120.17752,213.501161,31.93,667,45,66.8183,166.321319,True,0.38
catalog,BTCUSDT,60,MACD_RSI14_50,20,0.03,-301.265756,-98.337455,202.928301,32.49,634,39,60.3518,198.734244,True,0.28
catalog,BTCUSDT,60,MACD_RSI14_50,50,0.03,-260.440305,-73.49005,186.950255,32.36,584,30,52.3198,239.559695,True,0.23
catalog,BTCUSDT,60,BB_20_25_breakout,0,0.03,-151.823283,-86.172615,65.650669,40.49,205,58,32.0932,348.176717,True,0.31
catalog,BTCUSDT,60,BB_20_25_breakout,5,0.03,-136.441175,-74.326196,62.114978,40.72,194,53,29.0443,363.558825,True,0.2
catalog,BTCUSDT,60,BB_20_25_breakout,10,0.03,-134.879535,-73.397092,61.482442,41.15,192,53,28.7348,365.120465,True,0.25
catalog,BTCUSDT,60,BB_20_25_breakout,20,0.03,-138.520144,-79.28765,59.232494,40.0,185,52,29.0726,361.479856,True,0.24
catalog,BTCUSDT,60,BB_20_25_breakout,50,0.03,-95.689858,-43.796545,51.893312,42.59,162,42,20.5833,404.310142,True,0.23
catalog,BTCUSDT,60,BB_20_2_RSI14,0,0.03,-248.407913,-142.135484,106.27243,35.24,332,58,51.7156,251.592087,True,0.27
catalog,BTCUSDT,60,BB_20_2_RSI14,5,0.03,-232.533861,-132.350577,100.183285,35.14,313,52,48.5509,267.466139,True,0.27
catalog,BTCUSDT,60,BB_20_2_RSI14,10,0.03,-225.982078,-127.387668,98.59441,35.71,308,52,47.2447,274.017922,True,0.21
catalog,BTCUSDT,60,BB_20_2_RSI14,20,0.03,-234.88983,-137.884351,97.00548,34.98,303,54,47.9718,265.11017,True,0.3
catalog,BTCUSDT,60,BB_20_2_RSI14,50,0.03,-179.202581,-94.648917,84.553664,36.36,264,42,37.5326,320.797419,True,0.27
catalog,BTCUSDT,60,ADX14_DI_20,0,0.03,-400.605109,-154.053525,246.551584,24.03,770,39,80.236,99.394891,False,0.33
catalog,BTCUSDT,60,ADX14_DI_20,5,0.03,-400.835056,-150.136173,250.698883,23.75,783,34,80.2817,99.164944,False,0.28
catalog,BTCUSDT,60,ADX14_DI_20,10,0.03,-400.297195,-144.810608,255.486587,24.06,798,32,80.1747,99.702805,False,0.31
catalog,BTCUSDT,60,ADX14_DI_20,20,0.03,-401.414184,-148.826372,252.587812,23.7,789,29,80.3968,98.585816,False,0.29
catalog,BTCUSDT,60,ADX14_DI_20,50,0.03,-393.533219,-132.310338,261.222881,24.26,816,28,78.8298,106.466781,True,0.24
catalog,BTCUSDT,60,STOCH14_cross,0,0.03,-400.380495,-93.437363,306.943132,20.02,959,7,80.2143,99.619505,False,0.3
catalog,BTCUSDT,60,STOCH14_cross,5,0.03,-400.601607,-93.352486,307.249122,20.0,960,6,80.2582,99.398393,False,0.38
catalog,BTCUSDT,60,STOCH14_cross,10,0.03,-400.060377,-96.650953,303.409424,19.51,948,6,80.1507,99.939623,False,0.36
catalog,BTCUSDT,60,STOCH14_cross,20,0.03,-400.168967,-94.198856,305.970111,19.98,956,6,80.1723,99.831033,False,0.38
catalog,BTCUSDT,60,STOCH14_cross,50,0.03,-400.218381,-92.645288,307.573094,19.88,961,5,80.1821,99.781619,False,0.35
catalog,BTCUSDT,60,TS_13_34_200_14,0,0.03,-217.735284,-115.831831,101.903453,41.51,318,92,45.0095,282.264716,True,0.22
catalog,BTCUSDT,60,TS_13_34_200_14,5,0.03,-195.162197,-102.552359,92.609838,41.87,289,84,40.1872,304.837803,True,0.34
catalog,BTCUSDT,60,TS_13_34_200_14,10,0.03,-180.792762,-91.410956,89.381806,42.29,279,76,37.3356,319.207238,True,0.33
catalog,BTCUSDT,60,TS_13_34_200_14,20,0.03,-169.396669,-87.039161,82.357508,42.02,257,73,34.6112,330.603331,True,0.45
catalog,BTCUSDT,60,TS_13_34_200_14,50,0.03,-133.607318,-65.065714,68.541604,41.59,214,55,28.1324,366.392682,True,0.29
catalog,XRPUSDT,240,EMA_8_21,0,0.03,-400.120743,-292.27902,107.841723,27.6,337,115,80.0241,99.879257,False,0.21
catalog,XRPUSDT,240,EMA_8_21,5,0.03,-402.10741,-306.489654,95.617756,20.74,299,113,80.4215,97.89259,False,0.13
catalog,XRPUSDT,240,EMA_8_21,10,0.03,-383.183459,-295.564588,87.618871,19.34,274,104,76.6367,116.816541,True,0.1
catalog,XRPUSDT,240,EMA_8_21,20,0.03,-263.035476,-199.992929,63.042547,19.29,197,72,52.6071,236.964524,True,0.2
catalog,XRPUSDT,240,EMA_8_21,50,0.03,-142.502886,-103.185687,39.317199,21.14,123,35,28.5006,357.497114,True,0.1
catalog,XRPUSDT,240,EMA_13_34_RSI14_55,0,0.03,-403.199157,-301.870498,101.32866,26.81,317,131,80.6923,96.800843,False,0.11
catalog,XRPUSDT,240,EMA_13_34_RSI14_55,5,0.03,-400.014773,-311.728,88.286772,21.38,276,122,80.0571,99.985227,False,0.13
catalog,XRPUSDT,240,EMA_13_34_RSI14_55,10,0.03,-318.627653,-252.127233,66.500421,22.12,208,98,63.8238,181.372347,True,0.09
catalog,XRPUSDT,240,EMA_13_34_RSI14_55,20,0.03,-218.83048,-167.007972,51.822508,22.84,162,69,43.9185,281.16952,True,0.1
catalog,XRPUSDT,240,EMA_13_34_RSI14_55,50,0.03,-115.835436,-89.925782,25.909654,24.69,81,37,23.3753,384.164564,True,0.08
catalog,XRPUSDT,240,RSI14_7030,0,0.03,-403.129634,-320.436849,82.692785,22.48,258,132,80.6741,96.870366,False,0.13
catalog,XRPUSDT,240,RSI14_7030,5,0.03,-196.762228,-153.530145,43.232083,27.41,135,67,39.5031,303.237772,True,0.13
catalog,XRPUSDT,240,RSI14_7030,10,0.03,-166.575209,-131.347267,35.227942,25.45,110,55,33.4807,333.424791,True,0.15
catalog,XRPUSDT,240,RSI14_7030,20,0.03,-140.01647,-112.486558,27.529911,26.74,86,47,28.1822,359.98353,True,0.08
catalog,XRPUSDT,240,RSI14_7030,50,0.03,-83.646223,-65.071226,18.574997,31.03,58,30,16.9361,416.353777,True,0.08
catalog,XRPUSDT,240,MACD_12_26_hist,0,0.03,-400.747198,-302.195246,98.551952,25.32,308,110,80.1494,99.252802,False,0.1
catalog,XRPUSDT,240,MACD_12_26_hist,5,0.03,-401.588532,-299.798408,101.790124,21.07,318,102,80.3177,98.411468,False,0.18
catalog,XRPUSDT,240,MACD_12_26_hist,10,0.03,-360.159357,-268.33803,91.821327,23.0,287,97,72.0319,139.840643,True,0.11
catalog,XRPUSDT,240,MACD_12_26_hist,20,0.03,-265.503012,-193.134453,72.368558,22.12,226,63,53.1006,234.496988,True,0.2
catalog,XRPUSDT,240,MACD_12_26_hist,50,0.03,-164.791417,-120.017946,44.773471,17.14,140,33,32.9583,335.208583,True,0.26
catalog,XRPUSDT,240,MACD_RSI14_50,0,0.03,-400.399971,-288.128141,112.27183,25.64,351,122,80.0891,99.600029,False,0.28
catalog,XRPUSDT,240,MACD_RSI14_50,5,0.03,-400.219278,-299.751216,100.468062,21.66,314,112,80.053,99.780722,False,0.33
catalog,XRPUSDT,240,MACD_RSI14_50,10,0.03,-336.879432,-248.622327,88.257105,22.1,276,93,67.3908,163.120568,True,0.16
catalog,XRPUSDT,240,MACD_RSI14_50,20,0.03,-239.005833,-173.685614,65.320219,22.06,204,63,47.825,260.994167,True,0.27
catalog,XRPUSDT,240,MACD_RSI14_50,50,0.03,-141.081566,-101.103573,39.977993,20.8,125,33,28.249,358.918434,True,0.37
catalog,XRPUSDT,240,BB_20_25_breakout,0,0.03,-121.522803,-92.403473,29.11933,18.68,91,35,25.1817,378.477197,True,0.28
catalog,XRPUSDT,240,BB_20_25_breakout,5,0.03,-113.701115,-86.182116,27.518998,18.6,86,33,23.6328,386.298885,True,0.2
catalog,XRPUSDT,240,BB_20_25_breakout,10,0.03,-110.146509,-83.583613,26.562896,18.07,83,32,22.9289,389.853491,True,0.17
catalog,XRPUSDT,240,BB_20_25_breakout,20,0.03,-96.197934,-72.195197,24.002737,20.0,75,28,20.1666,403.802066,True,0.21
catalog,XRPUSDT,240,BB_20_25_breakout,50,0.03,-77.868266,-59.322216,18.54605,22.41,58,22,16.5368,422.131734,True,0.2
catalog,XRPUSDT,240,BB_20_2_RSI14,0,0.03,-232.127262,-174.578563,57.548699,18.89,180,70,46.5579,267.872738,True,0.25
catalog,XRPUSDT,240,BB_20_2_RSI14,5,0.03,-213.871326,-163.999305,49.872021,17.95,156,64,42.9067,286.128674,True,0.37
catalog,XRPUSDT,240,BB_20_2_RSI14,10,0.03,-194.882766,-149.799612,45.083153,18.44,141,58,39.109,305.117234,True,0.3
catalog,XRPUSDT,240,BB_20_2_RSI14,20,0.03,-151.760037,-114.678268,37.08177,18.1,116,45,30.352,348.239963,True,0.2
catalog,XRPUSDT,240,BB_20_2_RSI14,50,0.03,-113.773782,-88.840631,24.933151,11.54,78,31,22.7548,386.226218,True,0.19
catalog,XRPUSDT,240,ADX14_DI_20,0,0.03,-400.714233,-297.286415,103.427818,24.77,323,110,80.2194,99.285767,False,0.21
catalog,XRPUSDT,240,ADX14_DI_20,5,0.03,-403.231136,-303.346594,99.884542,20.51,312,101,80.7209,96.768864,False,0.15
catalog,XRPUSDT,240,ADX14_DI_20,10,0.03,-362.609477,-269.470942,93.138535,21.65,291,94,72.6279,137.390523,True,0.1
catalog,XRPUSDT,240,ADX14_DI_20,20,0.03,-256.692821,-187.854544,68.838277,20.93,215,65,51.5263,243.307179,True,0.15
catalog,XRPUSDT,240,ADX14_DI_20,50,0.03,-142.168265,-103.752523,38.415742,23.33,120,36,28.7097,357.831735,True,0.24
catalog,XRPUSDT,240,STOCH14_cross,0,0.03,-400.418232,-237.537878,162.880354,22.2,509,46,80.1279,99.581768,False,0.33
catalog,XRPUSDT,240,STOCH14_cross,5,0.03,-400.123346,-228.291493,171.831853,22.72,537,36,80.0691,99.876654,False,0.33
catalog,XRPUSDT,240,STOCH14_cross,10,0.03,-401.192876,-230.947134,170.245742,21.8,532,36,80.2825,98.807124,False,0.31
catalog,XRPUSDT,240,STOCH14_cross,20,0.03,-402.993664,-236.55451,166.439154,21.35,520,40,80.6419,97.006336,False,0.24
catalog,XRPUSDT,240,STOCH14_cross,50,0.03,-315.950689,-189.233128,126.717561,20.45,396,31,63.272,184.049311,True,0.21
catalog,XRPUSDT,240,TS_13_34_200_14,0,0.03,-402.333832,-306.475119,95.858712,24.67,300,131,80.5197,97.666168,False,0.25
catalog,XRPUSDT,240,TS_13_34_200_14,5,0.03,-400.730592,-319.234177,81.496414,19.22,255,123,80.1999,99.269408,False,0.17
catalog,XRPUSDT,240,TS_13_34_200_14,10,0.03,-327.421629,-266.085745,61.335884,17.71,192,99,65.5779,172.578371,True,0.14
catalog,XRPUSDT,240,TS_13_34_200_14,20,0.03,-218.594076,-178.666923,39.927153,18.4,125,68,43.8713,281.405924,True,0.13
catalog,XRPUSDT,240,TS_13_34_200_14,50,0.03,-113.298781,-89.951775,23.347006,19.18,73,34,22.8693,386.701219,True,0.09
catalog,XRPUSDT,60,EMA_8_21,0,0.03,-402.424903,-266.400395,136.024507,28.0,425,92,80.6728,97.575097,False,0.54
catalog,XRPUSDT,60,EMA_8_21,5,0.03,-401.72995,-251.922731,149.807219,27.56,468,75,80.5351,98.27005,False,0.39
catalog,XRPUSDT,60,EMA_8_21,10,0.03,-402.422438,-240.788158,161.63428,27.52,505,73,80.6723,97.577562,False,0.3
catalog,XRPUSDT,60,EMA_8_21,20,0.03,-400.55522,-241.835084,158.720136,27.82,496,76,80.3024,99.44478,False,0.31
catalog,XRPUSDT,60,EMA_8_21,50,0.03,-401.381117,-250.960998,150.420119,25.53,470,73,80.466,98.618883,False,0.23
catalog,XRPUSDT,60,EMA_13_34_RSI14_55,0,0.03,-401.621522,-275.516351,126.105172,30.96,394,107,80.3568,98.378478,False,0.3
catalog,XRPUSDT,60,EMA_13_34_RSI14_55,5,0.03,-400.438561,-266.013761,134.4248,32.38,420,111,80.1206,99.561439,False,0.3
catalog,XRPUSDT,60,EMA_13_34_RSI14_55,10,0.03,-401.57028,-265.225936,136.344345,31.92,426,110,80.3465,98.42972,False,0.33
catalog,XRPUSDT,60,EMA_13_34_RSI14_55,20,0.03,-402.180788,-262.008856,140.171932,34.47,438,118,80.4684,97.819212,False,0.28
catalog,XRPUSDT,60,EMA_13_34_RSI14_55,50,0.03,-315.143309,-205.312775,109.830533,32.36,343,84,63.0896,184.856691,True,0.31
catalog,XRPUSDT,60,RSI14_7030,0,0.03,-402.301395,-282.545214,119.756181,39.57,374,167,80.5457,97.698605,False,0.37
catalog,XRPUSDT,60,RSI14_7030,5,0.03,-384.511975,-268.308372,116.203603,41.6,363,168,77.3158,115.488025,True,0.28
catalog,XRPUSDT,60,RSI14_7030,10,0.03,-318.483008,-213.183249,105.299758,42.86,329,143,63.8308,181.516992,True,0.28
catalog,XRPUSDT,60,RSI14_7030,20,0.03,-273.244762,-185.881823,87.362939,43.22,273,124,55.21,226.755238,True,0.24
catalog,XRPUSDT,60,RSI14_7030,50,0.03,-182.792661,-119.083317,63.709344,44.72,199,87,36.9847,317.207339,True,0.28
catalog,XRPUSDT,60,MACD_12_26_hist,0,0.03,-402.564007,-246.359412,156.204596,25.0,488,62,80.6136,97.435993,False,0.34
catalog,XRPUSDT,60,MACD_12_26_hist,5,0.03,-400.83045,-231.161174,169.669276,26.23,530,55,80.2687,99.16955,False,0.3
catalog,XRPUSDT,60,MACD_12_26_hist,10,0.03,-402.297635,-222.086249,180.211386,26.47,563,51,80.5606,97.702365,False,0.28
catalog,XRPUSDT,60,MACD_12_26_hist,20,0.03,-401.099597,-212.933333,188.166263,25.68,588,46,80.3222,98.900403,False,0.4
catalog,XRPUSDT,60,MACD_12_26_hist,50,0.03,-403.277972,-205.842511,197.435461,25.93,617,47,80.7557,96.722028,False,0.27
catalog,XRPUSDT,60,MACD_RSI14_50,0,0.03,-402.160476,-258.138125,144.022351,27.78,450,73,80.4644,97.839524,False,0.3
catalog,XRPUSDT,60,MACD_RSI14_50,5,0.03,-401.565273,-245.688839,155.876434,28.75,487,64,80.3455,98.434727,False,0.35
catalog,XRPUSDT,60,MACD_RSI14_50,10,0.03,-400.738096,-226.632873,174.105223,28.86,544,57,80.1804,99.261904,False,0.3
catalog,XRPUSDT,60,MACD_RSI14_50,20,0.03,-403.157016,-228.099776,175.05724,29.25,547,55,80.6633,96.842984,False,0.34
catalog,XRPUSDT,60,MACD_RSI14_50,50,0.03,-400.517273,-228.019916,172.497357,28.76,539,58,80.1363,99.482727,False,0.37
catalog,XRPUSDT,60,BB_20_25_breakout,0,0.03,-317.164318,-234.60804,82.556278,31.78,258,106,63.7706,182.835682,True,0.34
catalog,XRPUSDT,60,BB_20_25_breakout,5,0.03,-281.533632,-205.709827,75.823805,33.33,237,97,56.6491,218.466368,True,0.42
catalog,XRPUSDT,60,BB_20_25_breakout,10,0.03,-259.967643,-188.002277,71.965366,34.22,225,90,52.3386,240.032357,True,0.47
catalog,XRPUSDT,60,BB_20_25_breakout,20,0.03,-246.342191,-177.57919,68.763001,33.95,215,85,49.6153,253.657809,True,0.59
catalog,XRPUSDT,60,BB_20_25_breakout,50,0.03,-186.08185,-131.668215,54.413635,32.94,170,64,37.5709,313.91815,True,0.48
catalog,XRPUSDT,60,BB_20_2_RSI14,0,0.03,-402.647099,-286.452201,116.194898,28.93,363,115,80.5619,97.352901,False,0.48
catalog,XRPUSDT,60,BB_20_2_RSI14,5,0.03,-403.07346,-287.843353,115.230107,30.28,360,115,80.647,96.92654,False,0.37
catalog,XRPUSDT,60,BB_20_2_RSI14,10,0.03,-383.164788,-266.041721,117.123067,32.51,366,116,77.5033,116.835212,True,0.26
catalog,XRPUSDT,60,BB_20_2_RSI14,20,0.03,-332.405822,-226.474086,105.931736,33.84,331,100,67.3684,167.594178,True,0.27
catalog,XRPUSDT,60,BB_20_2_RSI14,50,0.03,-250.976836,-166.80908,84.167756,34.22,263,69,50.5925,249.023164,True,0.3
catalog,XRPUSDT,60,ADX14_DI_20,0,0.03,-400.465765,-231.098349,169.367416,25.14,529,68,80.2198,99.534235,False,0.42
catalog,XRPUSDT,60,ADX14_DI_20,5,0.03,-400.696896,-212.108916,188.587979,26.32,589,62,80.2657,99.303104,False,0.31
catalog,XRPUSDT,60,ADX14_DI_20,10,0.03,-400.874235,-197.287331,203.586904,25.94,636,58,80.301,99.125765,False,0.36
catalog,XRPUSDT,60,ADX14_DI_20,20,0.03,-400.631892,-201.843286,198.788606,24.8,621,49,80.2528,99.368108,False,0.39
catalog,XRPUSDT,60,ADX14_DI_20,50,0.03,-400.799468,-199.443446,201.356022,24.01,629,54,80.2861,99.200532,False,0.29
catalog,XRPUSDT,60,STOCH14_cross,0,0.03,-400.248426,-127.902828,272.345598,23.03,851,18,80.1416,99.751574,False,0.39
catalog,XRPUSDT,60,STOCH14_cross,5,0.03,-401.169229,-106.750487,294.418742,23.91,920,15,80.3249,98.830771,False,0.41
catalog,XRPUSDT,60,STOCH14_cross,10,0.03,-400.022696,-103.687606,296.33509,23.54,926,13,80.0967,99.977304,False,0.37
catalog,XRPUSDT,60,STOCH14_cross,20,0.03,-400.130348,-75.955469,324.17488,23.2,1013,12,80.1181,99.869652,False,0.38
catalog,XRPUSDT,60,STOCH14_cross,50,0.03,-400.235749,-82.117699,318.11805,22.43,994,10,80.1391,99.764251,False,0.44
catalog,XRPUSDT,60,TS_13_34_200_14,0,0.03,-400.819998,-279.849415,120.970583,34.39,378,136,80.2995,99.180002,False,0.29
catalog,XRPUSDT,60,TS_13_34_200_14,5,0.03,-402.253838,-280.364542,121.889296,34.12,381,137,80.5843,97.746162,False,0.5
catalog,XRPUSDT,60,TS_13_34_200_14,10,0.03,-402.643988,-276.577456,126.066532,37.06,394,144,80.6618,97.356012,False,0.52
catalog,XRPUSDT,60,TS_13_34_200_14,20,0.03,-389.344941,-267.099049,122.245892,37.43,382,136,78.0202,110.655059,True,0.88
catalog,XRPUSDT,60,TS_13_34_200_14,50,0.03,-237.943564,-150.947833,86.995731,38.97,272,86,48.2601,262.056436,True,0.85
catalog,DOGEUSDT,240,EMA_8_21,0,0.03,-403.157333,-307.867038,95.290296,17.79,298,115,80.6315,96.842667,False,0.36
catalog,DOGEUSDT,240,EMA_8_21,5,0.03,-400.241141,-308.06507,92.176071,21.18,288,117,80.0482,99.758859,False,0.21
catalog,DOGEUSDT,240,EMA_8_21,10,0.03,-401.713828,-305.051909,96.661919,19.21,302,119,80.3428,98.286172,False,0.17
catalog,DOGEUSDT,240,EMA_8_21,20,0.03,-278.226251,-210.061317,68.164934,21.13,213,81,55.6453,221.773749,True,0.17
catalog,DOGEUSDT,240,EMA_8_21,50,0.03,-140.182533,-102.725868,37.456665,22.22,117,39,28.0365,359.817467,True,0.19
catalog,DOGEUSDT,240,EMA_13_34_RSI14_55,0,0.03,-402.836143,-314.600751,88.235392,18.48,276,121,80.5914,97.163857,False,0.26
catalog,DOGEUSDT,240,EMA_13_34_RSI14_55,5,0.03,-403.246897,-313.095557,90.151339,19.15,282,120,80.6735,96.753103,False,0.28
catalog,DOGEUSDT,240,EMA_13_34_RSI14_55,10,0.03,-397.723302,-310.055875,87.667427,15.69,274,114,79.5702,102.276698,True,0.26
catalog,DOGEUSDT,240,EMA_13_34_RSI14_55,20,0.03,-254.336051,-190.64343,63.69262,20.6,199,77,50.9285,245.663949,True,0.18
catalog,DOGEUSDT,240,EMA_13_34_RSI14_55,50,0.03,-141.580141,-109.602537,31.977604,15.0,100,40,28.4054,358.419859,True,0.16
catalog,DOGEUSDT,240,RSI14_7030,0,0.03,-400.0065,-323.093332,76.913168,16.67,240,127,80.2645,99.9935,False,0.2
catalog,DOGEUSDT,240,RSI14_7030,5,0.03,-219.287536,-174.478538,44.808997,23.57,140,74,44.4523,280.712464,True,0.14
catalog,DOGEUSDT,240,RSI14_7030,10,0.03,-178.934469,-145.015011,33.919458,21.7,106,60,36.4672,321.065531,True,0.16
catalog,DOGEUSDT,240,RSI14_7030,20,0.03,-153.190552,-124.425136,28.765415,18.89,90,50,31.3729,346.809448,True,0.14
catalog,DOGEUSDT,240,RSI14_7030,50,0.03,-99.422228,-83.434535,15.987692,16.0,50,32,20.4894,400.577772,True,0.11
catalog,DOGEUSDT,240,MACD_12_26_hist,0,0.03,-401.827734,-309.970838,91.856896,17.42,287,112,80.3655,98.172266,False,0.13
catalog,DOGEUSDT,240,MACD_12_26_hist,5,0.03,-400.439296,-314.380577,86.058719,20.45,269,109,80.0879,99.560704,False,0.11
catalog,DOGEUSDT,240,MACD_12_26_hist,10,0.03,-401.716082,-312.446516,89.269566,20.43,279,107,80.3432,98.283918,False,0.09
catalog,DOGEUSDT,240,MACD_12_26_hist,20,0.03,-313.671382,-244.939863,68.731518,16.28,215,82,62.7343,186.328618,True,0.11
catalog,DOGEUSDT,240,MACD_12_26_hist,50,0.03,-158.920338,-128.21538,30.704958,15.62,96,41,31.7841,341.079662,True,0.12
catalog,DOGEUSDT,240,MACD_RSI14_50,0,0.03,-400.096946,-312.121734,87.975212,19.27,275,116,80.0194,99.903054,False,0.12
catalog,DOGEUSDT,240,MACD_RSI14_50,5,0.03,-400.093578,-311.766273,88.327305,22.46,276,115,80.0187,99.906422,False,0.11
catalog,DOGEUSDT,240,MACD_RSI14_50,10,0.03,-402.382873,-314.700637,87.682236,19.34,274,117,80.4766,97.617127,False,0.15
catalog,DOGEUSDT,240,MACD_RSI14_50,20,0.03,-287.927657,-224.920471,63.007186,16.75,197,80,57.5855,212.072343,True,0.24
catalog,DOGEUSDT,240,MACD_RSI14_50,50,0.03,-144.789438,-116.284328,28.50511,15.73,89,41,28.9579,355.210562,True,0.1
catalog,DOGEUSDT,240,BB_20_25_breakout,0,0.03,-111.609554,-84.406089,27.203465,16.47,85,34,22.3351,388.390446,True,0.1
catalog,DOGEUSDT,240,BB_20_25_breakout,5,0.03,-111.374497,-85.449467,25.92503,16.05,81,34,22.2881,388.625503,True,0.14
catalog,DOGEUSDT,240,BB_20_25_breakout,10,0.03,-111.054497,-85.449467,25.60503,16.25,80,34,22.2241,388.945503,True,0.12
catalog,DOGEUSDT,240,BB_20_25_breakout,20,0.03,-101.045324,-77.998117,23.047207,16.67,72,31,20.2227,398.954676,True,0.09
catalog,DOGEUSDT,240,BB_20_25_breakout,50,0.03,-82.458801,-65.176134,17.282666,14.81,54,25,16.506,417.541199,True,0.14
catalog,DOGEUSDT,240,BB_20_2_RSI14,0,0.03,-307.242078,-238.122631,69.119446,15.28,216,89,61.455,192.757922,True,0.25
catalog,DOGEUSDT,240,BB_20_2_RSI14,5,0.03,-271.329316,-210.860382,60.468933,15.34,189,79,54.2737,228.670684,True,0.2
catalog,DOGEUSDT,240,BB_20_2_RSI14,10,0.03,-257.420271,-203.985294,53.434977,12.57,167,74,51.4923,242.579729,True,0.13
catalog,DOGEUSDT,240,BB_20_2_RSI14,20,0.03,-198.498196,-155.94713,42.551066,16.54,133,58,39.7099,301.501804,True,0.12
catalog,DOGEUSDT,240,BB_20_2_RSI14,50,0.03,-110.507149,-85.2053,25.301849,16.46,79,33,22.1147,389.492851,True,0.13
catalog,DOGEUSDT,240,ADX14_DI_20,0,0.03,-400.509563,-301.585254,98.924309,18.45,309,108,80.2431,99.490437,False,0.16
catalog,DOGEUSDT,240,ADX14_DI_20,5,0.03,-401.978716,-308.523227,93.45549,21.23,292,111,80.5348,98.021284,False,0.14
catalog,DOGEUSDT,240,ADX14_DI_20,10,0.03,-402.662147,-308.211864,94.450283,19.66,295,110,80.6705,97.337853,False,0.11
catalog,DOGEUSDT,240,ADX14_DI_20,20,0.03,-288.209035,-219.65959,68.549446,21.03,214,79,57.9423,211.790965,True,0.09
catalog,DOGEUSDT,240,ADX14_DI_20,50,0.03,-156.538848,-117.164169,39.374679,18.7,123,39,31.7951,343.461152,True,0.08
catalog,DOGEUSDT,240,STOCH14_cross,0,0.03,-400.515352,-291.965392,108.54996,14.45,339,90,80.1574,99.484648,False,0.12
catalog,DOGEUSDT,240,STOCH14_cross,5,0.03,-403.221475,-274.263403,128.958072,20.35,403,74,80.6972,96.778525,False,0.19
catalog,DOGEUSDT,240,STOCH14_cross,10,0.03,-400.92769,-264.28787,136.63982,20.14,427,64,80.2397,99.07231,False,0.15
catalog,DOGEUSDT,240,STOCH14_cross,20,0.03,-402.028763,-274.664845,127.363918,18.09,398,64,80.4593,97.971237,False,0.1
catalog,DOGEUSDT,240,STOCH14_cross,50,0.03,-199.769979,-141.508259,58.26172,19.23,182,40,40.118,300.230021,True,0.11
catalog,DOGEUSDT,240,TS_13_34_200_14,0,0.03,-401.761666,-318.038055,83.723611,18.7,262,122,80.3768,98.238334,False,0.13
catalog,DOGEUSDT,240,TS_13_34_200_14,5,0.03,-402.336318,-311.22687,91.109448,21.05,285,123,80.4916,97.663682,False,0.09
catalog,DOGEUSDT,240,TS_13_34_200_14,10,0.03,-357.876056,-274.024379,83.851677,18.7,262,105,71.6106,142.123944,True,0.11
catalog,DOGEUSDT,240,TS_13_34_200_14,20,0.03,-237.913165,-182.237434,55.675731,20.11,174,71,47.648,262.086835,True,0.11
catalog,DOGEUSDT,240,TS_13_34_200_14,50,0.03,-131.425603,-98.820776,32.604827,18.63,102,39,26.377,368.574397,True,0.13
catalog,DOGEUSDT,60,EMA_8_21,0,0.03,-400.557997,-287.639025,112.918972,29.46,353,123,80.2789,99.442003,False,0.34
catalog,DOGEUSDT,60,EMA_8_21,5,0.03,-400.390709,-288.112625,112.278084,32.19,351,116,80.2457,99.609291,False,0.34
catalog,DOGEUSDT,60,EMA_8_21,10,0.03,-401.050434,-271.765971,129.284463,33.42,404,113,80.3765,98.949566,False,0.55
catalog,DOGEUSDT,60,EMA_8_21,20,0.03,-401.064113,-259.632786,141.431327,33.48,442,108,80.3792,98.935887,False,0.45
catalog,DOGEUSDT,60,EMA_8_21,50,0.03,-403.168282,-279.597145,123.571137,29.79,386,106,80.7965,96.831718,False,0.25
catalog,DOGEUSDT,60,EMA_13_34_RSI14_55,0,0.03,-401.936184,-300.20594,101.730244,30.5,318,128,80.4791,98.063816,False,0.39
catalog,DOGEUSDT,60,EMA_13_34_RSI14_55,5,0.03,-401.120061,-298.469485,102.650577,31.46,321,124,80.4176,98.879939,False,0.36
catalog,DOGEUSDT,60,EMA_13_34_RSI14_55,10,0.03,-401.138222,-289.190945,111.947277,33.14,350,127,80.3202,98.861778,False,0.49
catalog,DOGEUSDT,60,EMA_13_34_RSI14_55,20,0.03,-400.536964,-270.334281,130.202684,36.86,407,141,80.2005,99.463036,False,0.29
catalog,DOGEUSDT,60,EMA_13_34_RSI14_55,50,0.03,-332.790331,-220.816264,111.974067,35.71,350,110,66.7147,167.209669,True,0.76
catalog,DOGEUSDT,60,RSI14_7030,0,0.03,-401.091166,-289.089772,112.001394,40.57,350,175,80.3715,98.908834,False,0.48
catalog,DOGEUSDT,60,RSI14_7030,5,0.03,-401.253474,-287.936434,113.31704,42.66,354,180,80.4037,98.746526,False,0.56
catalog,DOGEUSDT,60,RSI14_7030,10,0.03,-339.49097,-221.729027,117.761943,46.2,368,175,71.1508,160.50903,True,0.46
catalog,DOGEUSDT,60,RSI14_7030,20,0.03,-238.551968,-138.341259,100.210709,49.52,313,136,51.1552,261.448032,True,0.52
catalog,DOGEUSDT,60,RSI14_7030,50,0.03,-184.18738,-116.341114,67.846266,47.64,212,98,40.2924,315.81262,True,0.46
catalog,DOGEUSDT,60,MACD_12_26_hist,0,0.03,-400.263482,-286.298075,113.965407,26.4,356,107,80.1751,99.736518,False,0.62
catalog,DOGEUSDT,60,MACD_12_26_hist,5,0.03,-401.333974,-284.830366,116.503609,26.37,364,102,80.5774,98.666026,False,0.72
catalog,DOGEUSDT,60,MACD_12_26_hist,10,0.03,-400.659173,-263.654133,137.00504,28.5,428,95,80.2537,99.340827,False,0.72
catalog,DOGEUSDT,60,MACD_12_26_hist,20,0.03,-400.974195,-242.546183,158.428012,29.29,495,86,80.3163,99.025805,False,0.41
catalog,DOGEUSDT,60,MACD_12_26_hist,50,0.03,-400.933662,-244.699763,156.233898,29.3,488,80,80.3083,99.066338,False,0.32
catalog,DOGEUSDT,60,MACD_RSI14_50,0,0.03,-400.210204,-293.014503,107.195701,26.87,335,117,80.0801,99.789796,False,0.33
catalog,DOGEUSDT,60,MACD_RSI14_50,5,0.03,-401.792893,-279.568348,122.224546,29.58,382,108,80.3961,98.207107,False,0.47
catalog,DOGEUSDT,60,MACD_RSI14_50,10,0.03,-400.795891,-260.951706,139.844185,32.27,437,108,80.197,99.204109,False,0.46
catalog,DOGEUSDT,60,MACD_RSI14_50,20,0.03,-401.928261,-247.944588,153.983673,31.39,481,95,80.4231,98.071739,False,0.52
catalog,DOGEUSDT,60,MACD_RSI14_50,50,0.03,-400.856387,-254.243956,146.612431,30.35,458,91,80.2091,99.143613,False,0.34
catalog,DOGEUSDT,60,BB_20_25_breakout,0,0.03,-314.020124,-228.858816,85.161308,34.96,266,116,63.1166,185.979876,True,0.3
catalog,DOGEUSDT,60,BB_20_25_breakout,5,0.03,-286.781495,-209.624752,77.156742,34.85,241,105,57.6688,213.218505,True,0.32
catalog,DOGEUSDT,60,BB_20_25_breakout,10,0.03,-271.393562,-197.437101,73.956461,35.5,231,100,54.5913,228.606438,True,0.22
catalog,DOGEUSDT,60,BB_20_25_breakout,20,0.03,-255.112022,-186.288862,68.823161,35.35,215,94,51.2971,244.887978,True,0.37
catalog,DOGEUSDT,60,BB_20_25_breakout,50,0.03,-188.784357,-132.439641,56.344717,37.5,176,72,38.0694,311.215643,True,0.25
catalog,DOGEUSDT,60,BB_20_2_RSI14,0,0.03,-401.098247,-295.484117,105.61413,31.52,330,132,80.2693,98.901753,False,0.32
catalog,DOGEUSDT,60,BB_20_2_RSI14,5,0.03,-401.814576,-291.405735,110.40884,32.75,345,137,80.4122,98.185424,False,0.26
catalog,DOGEUSDT,60,BB_20_2_RSI14,10,0.03,-401.660438,-294.384787,107.275651,31.04,335,134,80.3814,98.339562,False,0.26
catalog,DOGEUSDT,60,BB_20_2_RSI14,20,0.03,-400.468839,-293.1772,107.291638,30.75,335,129,80.1437,99.531161,False,0.31
catalog,DOGEUSDT,60,BB_20_2_RSI14,50,0.03,-290.450934,-212.347064,78.10387,31.56,244,97,58.5746,209.549066,True,0.24
catalog,DOGEUSDT,60,ADX14_DI_20,0,0.03,-402.186253,-276.740448,125.445804,27.55,392,109,80.5469,97.813747,False,0.36
catalog,DOGEUSDT,60,ADX14_DI_20,5,0.03,-400.00465,-266.86736,133.137291,27.16,416,96,80.113,99.99535,False,0.46
catalog,DOGEUSDT,60,ADX14_DI_20,10,0.03,-400.029759,-248.661784,151.367975,27.48,473,83,80.1762,99.970241,False,0.44
catalog,DOGEUSDT,60,ADX14_DI_20,20,0.03,-401.093856,-211.622285,189.471571,29.56,592,81,80.3297,98.906144,False,0.34
catalog,DOGEUSDT,60,ADX14_DI_20,50,0.03,-401.229742,-215.90061,185.329132,28.67,579,76,80.3567,98.770258,False,0.29
catalog,DOGEUSDT,60,STOCH14_cross,0,0.03,-400.023051,-222.689845,177.333206,16.79,554,48,80.0438,99.976949,False,0.4
catalog,DOGEUSDT,60,STOCH14_cross,5,0.03,-400.043467,-202.549346,197.494121,19.77,617,45,80.0479,99.956533,False,0.37
catalog,DOGEUSDT,60,STOCH14_cross,10,0.03,-400.273923,-197.416181,202.857742,20.98,634,42,80.0939,99.726077,False,0.44
catalog,DOGEUSDT,60,STOCH14_cross,20,0.03,-400.836449,-179.066105,221.770344,20.49,693,33,80.2061,99.163551,False,0.39
catalog,DOGEUSDT,60,STOCH14_cross,50,0.03,-401.23989,-175.311675,225.928214,19.41,706,28,80.2867,98.76011,False,0.31
catalog,DOGEUSDT,60,TS_13_34_200_14,0,0.03,-400.909027,-295.725765,105.183262,31.91,329,132,80.2746,99.090973,False,0.32
catalog,DOGEUSDT,60,TS_13_34_200_14,5,0.03,-402.575815,-297.65497,104.920844,32.01,328,133,80.6064,97.424185,False,0.33
catalog,DOGEUSDT,60,TS_13_34_200_14,10,0.03,-400.44208,-288.4846,111.95748,34.86,350,141,80.1817,99.55792,False,0.35
catalog,DOGEUSDT,60,TS_13_34_200_14,20,0.03,-400.99448,-290.334509,110.659971,35.26,346,144,80.2916,99.00552,False,0.32
catalog,DOGEUSDT,60,TS_13_34_200_14,50,0.03,-299.566535,-209.29294,90.273595,37.94,282,113,60.101,200.433465,True,0.32
lorentzian,SOLUSDT,240,LORENTZIAN_default,0,0.03,-401.977174,-306.254323,95.722851,28.43,299,131,80.4789,98.022826,False,4.3
lorentzian,SOLUSDT,240,LORENTZIAN_default,5,0.03,-401.894526,-321.50504,80.389486,23.51,251,127,80.4625,98.105474,False,0.08
lorentzian,SOLUSDT,240,LORENTZIAN_default,10,0.03,-359.563025,-276.301818,83.261207,27.69,260,117,72.0322,140.436975,True,0.13
lorentzian,SOLUSDT,240,LORENTZIAN_default,20,0.03,-237.455562,-184.311136,53.144426,25.9,166,75,47.7147,262.544438,True,0.11
lorentzian,SOLUSDT,240,LORENTZIAN_default,50,0.03,-117.409648,-91.827318,25.58233,25.0,80,38,23.8078,382.590352,True,0.11
lorentzian,SOLUSDT,240,LORENTZIAN_raw,0,0.03,-400.704621,-306.702831,94.00179,23.47,294,115,80.1409,99.295379,False,0.12
lorentzian,SOLUSDT,240,LORENTZIAN_raw,5,0.03,-400.989019,-305.058313,95.930706,27.33,300,121,80.2414,99.010981,False,0.19
lorentzian,SOLUSDT,240,LORENTZIAN_raw,10,0.03,-402.10234,-305.842244,96.260096,26.58,301,119,80.4205,97.89766,False,0.09
lorentzian,SOLUSDT,240,LORENTZIAN_raw,20,0.03,-271.556343,-208.238304,63.318039,28.28,198,79,54.3113,228.443657,True,0.12
lorentzian,SOLUSDT,240,LORENTZIAN_raw,50,0.03,-148.386688,-117.059864,31.326824,23.47,98,39,29.6773,351.613312,True,0.09
lorentzian,SOLUSDT,60,LORENTZIAN_default,0,0.03,-400.218676,-299.033447,101.185229,34.81,316,144,80.0979,99.781324,False,6.63
lorentzian,SOLUSDT,60,LORENTZIAN_default,5,0.03,-400.086656,-281.58273,118.503926,37.57,370,143,80.23,99.913344,False,0.26
lorentzian,SOLUSDT,60,LORENTZIAN_default,10,0.03,-400.97277,-279.315528,121.657242,37.11,380,134,80.2483,99.02723,False,0.39
lorentzian,SOLUSDT,60,LORENTZIAN_default,20,0.03,-401.14863,-270.853874,130.294756,37.35,407,134,80.3002,98.85137,False,0.45
lorentzian,SOLUSDT,60,LORENTZIAN_default,50,0.03,-297.94071,-191.950288,105.990423,39.58,331,106,59.6979,202.05929,True,0.22
lorentzian,SOLUSDT,60,LORENTZIAN_raw,0,0.03,-400.633007,-270.633952,129.999054,30.05,406,104,80.344,99.366993,False,0.35
lorentzian,SOLUSDT,60,LORENTZIAN_raw,5,0.03,-400.532035,-252.005102,148.526933,29.53,464,83,80.324,99.467965,False,0.3
lorentzian,SOLUSDT,60,LORENTZIAN_raw,10,0.03,-401.355911,-244.220034,157.135877,28.51,491,70,80.487,98.644089,False,0.25
lorentzian,SOLUSDT,60,LORENTZIAN_raw,20,0.03,-400.23988,-242.120509,158.119372,27.94,494,69,80.2662,99.76012,False,0.26
lorentzian,SOLUSDT,60,LORENTZIAN_raw,50,0.03,-400.20963,-226.368446,173.841184,26.15,543,62,80.2603,99.79037,False,0.31
lorentzian,ETHUSDT,240,LORENTZIAN_default,0,0.03,-402.156712,-305.409259,96.747453,29.14,302,135,80.6567,97.843288,False,1.19
lorentzian,ETHUSDT,240,LORENTZIAN_default,5,0.03,-382.793874,-293.751339,89.042535,25.18,278,125,76.8848,117.206126,True,0.08
lorentzian,ETHUSDT,240,LORENTZIAN_default,10,0.03,-278.0379,-213.351888,64.686012,29.7,202,92,56.2494,221.9621,True,0.13
lorentzian,ETHUSDT,240,LORENTZIAN_default,20,0.03,-206.662953,-161.208274,45.454679,26.06,142,66,42.0489,293.337047,True,0.07
lorentzian,ETHUSDT,240,LORENTZIAN_default,50,0.03,-113.102521,-89.399301,23.70322,27.03,74,34,23.3952,386.897479,True,0.08
lorentzian,ETHUSDT,240,LORENTZIAN_raw,0,0.03,-402.609479,-275.738614,126.870865,26.77,396,106,80.6136,97.390521,False,0.1
lorentzian,ETHUSDT,240,LORENTZIAN_raw,5,0.03,-400.0882,-279.598154,120.490046,26.33,376,108,80.0746,99.9118,False,0.1
lorentzian,ETHUSDT,240,LORENTZIAN_raw,10,0.03,-337.964263,-232.569246,105.395017,27.36,329,83,67.8045,162.035737,True,0.1
lorentzian,ETHUSDT,240,LORENTZIAN_raw,20,0.03,-248.612795,-173.954269,74.658526,27.04,233,66,50.1679,251.387205,True,0.11
lorentzian,ETHUSDT,240,LORENTZIAN_raw,50,0.03,-142.636537,-106.738574,35.897963,25.89,112,37,28.5273,357.363463,True,0.11
lorentzian,ETHUSDT,60,LORENTZIAN_default,0,0.03,-402.357834,-255.024642,147.333192,34.78,460,98,80.671,97.642166,False,7.44
lorentzian,ETHUSDT,60,LORENTZIAN_default,5,0.03,-400.940488,-244.315739,156.62475,34.56,489,96,80.3904,99.059512,False,0.25
lorentzian,ETHUSDT,60,LORENTZIAN_default,10,0.03,-401.604916,-244.023116,157.5818,34.35,492,95,80.5219,98.395084,False,0.26
lorentzian,ETHUSDT,60,LORENTZIAN_default,20,0.03,-362.908448,-210.136496,152.771952,35.64,477,91,72.8616,137.091552,True,0.28
lorentzian,ETHUSDT,60,LORENTZIAN_default,50,0.03,-293.027506,-177.6868,115.340706,33.33,360,69,59.2125,206.972494,True,0.29
lorentzian,ETHUSDT,60,LORENTZIAN_raw,0,0.03,-400.010404,-172.378877,227.631526,27.85,711,50,80.0802,99.989596,False,0.32
lorentzian,ETHUSDT,60,LORENTZIAN_raw,5,0.03,-400.102776,-168.002419,232.100357,25.93,725,39,80.0986,99.897224,False,0.66
lorentzian,ETHUSDT,60,LORENTZIAN_raw,10,0.03,-401.405021,-157.758816,243.646205,27.07,761,39,80.358,98.594979,False,0.25
lorentzian,ETHUSDT,60,LORENTZIAN_raw,20,0.03,-401.724694,-162.253951,239.470742,26.74,748,36,80.4217,98.275306,False,0.34
lorentzian,ETHUSDT,60,LORENTZIAN_raw,50,0.03,-400.788254,-166.114358,234.673896,24.97,733,35,80.2351,99.211746,False,0.25
lorentzian,BTCUSDT,240,LORENTZIAN_default,0,0.03,-301.675963,-209.348848,92.327115,36.46,288,110,60.5754,198.324037,True,1.01
lorentzian,BTCUSDT,240,LORENTZIAN_default,5,0.03,-222.83277,-155.153246,67.679524,35.55,211,80,44.8888,277.16723,True,0.09
lorentzian,BTCUSDT,240,LORENTZIAN_default,10,0.03,-146.215281,-86.64203,59.573251,41.4,186,59,29.6543,353.784719,True,0.14
lorentzian,BTCUSDT,240,LORENTZIAN_default,20,0.03,-161.855079,-116.645249,45.20983,36.17,141,52,32.7641,338.144921,True,0.12
lorentzian,BTCUSDT,240,LORENTZIAN_default,50,0.03,-79.774399,-52.204035,27.570364,40.7,86,29,16.4434,420.225601,True,0.11
lorentzian,BTCUSDT,240,LORENTZIAN_raw,0,0.03,-400.620171,-277.261426,123.358745,27.79,385,92,80.2863,99.379829,False,0.14
lorentzian,BTCUSDT,240,LORENTZIAN_raw,5,0.03,-315.579349,-213.692899,101.886451,27.67,318,71,63.4169,184.420651,True,0.12
lorentzian,BTCUSDT,240,LORENTZIAN_raw,10,0.03,-263.035208,-175.900358,87.134849,28.31,272,59,52.9938,236.964792,True,0.13
lorentzian,BTCUSDT,240,LORENTZIAN_raw,20,0.03,-207.767213,-136.963942,70.803271,28.96,221,46,42.0305,292.232787,True,0.09
lorentzian,BTCUSDT,240,LORENTZIAN_raw,50,0.03,-126.772304,-81.601938,45.170365,30.5,141,30,25.9637,373.227696,True,0.08
lorentzian,BTCUSDT,60,LORENTZIAN_default,0,0.03,-335.315875,-182.873754,152.442121,33.4,476,73,67.4758,164.684125,True,5.9
lorentzian,BTCUSDT,60,LORENTZIAN_default,5,0.03,-283.177991,-143.873188,139.304803,34.25,435,58,57.2263,216.822009,True,0.26
lorentzian,BTCUSDT,60,LORENTZIAN_default,10,0.03,-270.422025,-133.69432,136.727705,34.19,427,51,55.21,229.577975,True,0.24
lorentzian,BTCUSDT,60,LORENTZIAN_default,20,0.03,-240.220443,-110.864851,129.355592,34.16,404,43,48.8436,259.779557,True,0.26
lorentzian,BTCUSDT,60,LORENTZIAN_default,50,0.03,-204.699593,-89.745807,114.953786,34.26,359,33,42.0695,295.300407,True,0.17
lorentzian,BTCUSDT,60,LORENTZIAN_raw,0,0.03,-400.344591,-151.569394,248.775197,25.1,777,40,80.1522,99.655409,False,0.26
lorentzian,BTCUSDT,60,LORENTZIAN_raw,5,0.03,-400.773051,-133.132226,267.640825,24.88,836,33,80.2407,99.226949,False,0.31
lorentzian,BTCUSDT,60,LORENTZIAN_raw,10,0.03,-400.322797,-117.962933,282.359864,25.06,882,32,80.1478,99.677203,False,0.2
lorentzian,BTCUSDT,60,LORENTZIAN_raw,20,0.03,-400.324608,-115.097636,285.226973,25.14,891,32,80.1482,99.675392,False,0.27
lorentzian,BTCUSDT,60,LORENTZIAN_raw,50,0.03,-364.677677,-89.386308,275.29137,26.05,860,28,73.0486,135.322323,True,0.28
lorentzian,XRPUSDT,240,LORENTZIAN_default,0,0.03,-403.273764,-303.103547,100.170216,26.2,313,130,80.8812,96.726236,False,0.93
lorentzian,XRPUSDT,240,LORENTZIAN_default,5,0.03,-402.065757,-320.178654,81.887104,18.75,256,123,80.5756,97.934243,False,0.08
lorentzian,XRPUSDT,240,LORENTZIAN_default,10,0.03,-355.115568,-281.861441,73.254127,20.52,229,102,71.2635,144.884432,True,0.1
lorentzian,XRPUSDT,240,LORENTZIAN_default,20,0.03,-227.997296,-176.143555,51.853742,20.99,162,67,46.0508,272.002704,True,0.12
lorentzian,XRPUSDT,240,LORENTZIAN_default,50,0.03,-110.439252,-83.871041,26.568211,26.51,83,34,22.7342,389.560748,True,0.08
lorentzian,XRPUSDT,240,LORENTZIAN_raw,0,0.03,-401.836653,-280.909407,120.927247,27.25,378,115,80.3673,98.163347,False,0.17
lorentzian,XRPUSDT,240,LORENTZIAN_raw,5,0.03,-401.959883,-293.24489,108.714993,22.06,340,108,80.392,98.040117,False,0.12
lorentzian,XRPUSDT,240,LORENTZIAN_raw,10,0.03,-366.56099,-264.21025,102.35074,22.19,320,96,73.3122,133.43901,True,0.08
lorentzian,XRPUSDT,240,LORENTZIAN_raw,20,0.03,-233.664359,-165.855612,67.808747,24.06,212,66,46.7329,266.335641,True,0.09
lorentzian,XRPUSDT,240,LORENTZIAN_raw,50,0.03,-140.842225,-97.344999,43.497225,22.06,136,33,28.1684,359.157775,True,0.07
lorentzian,XRPUSDT,60,LORENTZIAN_default,0,0.03,-400.652581,-286.370911,114.28167,31.93,357,109,80.2357,99.347419,False,4.81
lorentzian,XRPUSDT,60,LORENTZIAN_default,5,0.03,-402.954672,-271.019056,131.935616,33.74,412,102,80.6937,97.045328,False,0.31
lorentzian,XRPUSDT,60,LORENTZIAN_default,10,0.03,-400.841601,-268.947107,131.894494,33.01,412,105,80.2734,99.158399,False,0.22
lorentzian,XRPUSDT,60,LORENTZIAN_default,20,0.03,-401.278286,-267.161828,134.116459,34.61,419,110,80.3602,98.721714,False,0.27
lorentzian,XRPUSDT,60,LORENTZIAN_default,50,0.03,-315.782398,-204.341371,111.441027,34.48,348,84,63.6654,184.217602,True,0.21
lorentzian,XRPUSDT,60,LORENTZIAN_raw,0,0.03,-401.977614,-240.997729,160.979885,20.68,503,48,80.4465,98.022386,False,0.28
lorentzian,XRPUSDT,60,LORENTZIAN_raw,5,0.03,-400.316556,-217.597378,182.719178,24.17,571,52,80.1152,99.683444,False,0.33
lorentzian,XRPUSDT,60,LORENTZIAN_raw,10,0.03,-400.397226,-216.719629,183.677597,23.69,574,50,80.1313,99.602774,False,0.27
lorentzian,XRPUSDT,60,LORENTZIAN_raw,20,0.03,-400.273041,-205.092827,195.180213,23.61,610,43,80.1065,99.726959,False,0.34
lorentzian,XRPUSDT,60,LORENTZIAN_raw,50,0.03,-400.250393,-199.310345,200.940048,21.97,628,33,80.102,99.749607,False,0.28
lorentzian,DOGEUSDT,240,LORENTZIAN_default,0,0.03,-401.299346,-314.89956,86.399786,15.93,270,117,80.2599,98.700654,False,1.1
lorentzian,DOGEUSDT,240,LORENTZIAN_default,5,0.03,-400.592641,-314.82481,85.767831,19.4,268,121,80.1185,99.407359,False,0.11
lorentzian,DOGEUSDT,240,LORENTZIAN_default,10,0.03,-402.702772,-311.786071,90.916701,15.85,284,119,80.5406,97.297228,False,0.1
lorentzian,DOGEUSDT,240,LORENTZIAN_default,20,0.03,-274.174195,-214.635756,59.538439,18.82,186,81,54.8348,225.825805,True,0.1
lorentzian,DOGEUSDT,240,LORENTZIAN_default,50,0.03,-117.744442,-91.164466,26.579976,25.3,83,38,23.5489,382.255558,True,0.07
lorentzian,DOGEUSDT,240,LORENTZIAN_raw,0,0.03,-400.599583,-304.250082,96.3495,17.94,301,115,80.1254,99.400417,False,0.12
lorentzian,DOGEUSDT,240,LORENTZIAN_raw,5,0.03,-402.161302,-311.001794,91.159507,21.05,285,115,80.4377,97.838698,False,0.1
lorentzian,DOGEUSDT,240,LORENTZIAN_raw,10,0.03,-400.075281,-307.585738,92.489543,19.72,289,115,80.0206,99.924719,False,0.09
lorentzian,DOGEUSDT,240,LORENTZIAN_raw,20,0.03,-290.468118,-223.904591,66.563527,20.19,208,81,58.1052,209.531882,True,0.08
lorentzian,DOGEUSDT,240,LORENTZIAN_raw,50,0.03,-154.357907,-114.026556,40.331351,19.05,126,39,30.8907,345.642093,True,0.18
lorentzian,DOGEUSDT,60,LORENTZIAN_default,0,0.03,-400.922522,-301.09498,99.827542,30.45,312,127,80.1845,99.077478,False,5.04
lorentzian,DOGEUSDT,60,LORENTZIAN_default,5,0.03,-402.451141,-293.986119,108.465022,33.63,339,128,80.4902,97.548859,False,0.28
lorentzian,DOGEUSDT,60,LORENTZIAN_default,10,0.03,-401.697958,-273.030379,128.667579,36.07,402,130,80.3396,98.302042,False,0.38
lorentzian,DOGEUSDT,60,LORENTZIAN_default,20,0.03,-400.957857,-273.913651,127.044206,35.52,397,135,80.1916,99.042143,False,0.28
lorentzian,DOGEUSDT,60,LORENTZIAN_default,50,0.03,-372.955606,-267.969921,104.985685,31.71,328,116,74.5911,127.044394,True,0.23
lorentzian,DOGEUSDT,60,LORENTZIAN_raw,0,0.03,-400.983213,-277.126057,123.857157,28.42,387,115,80.3338,99.016787,False,0.27
lorentzian,DOGEUSDT,60,LORENTZIAN_raw,5,0.03,-402.746887,-275.343608,127.40328,28.64,398,99,80.6841,97.253113,False,0.34
lorentzian,DOGEUSDT,60,LORENTZIAN_raw,10,0.03,-400.236968,-235.758017,164.478951,29.77,514,83,80.1856,99.763032,False,0.23
lorentzian,DOGEUSDT,60,LORENTZIAN_raw,20,0.03,-400.68404,-227.534114,173.149926,29.94,541,84,80.2744,99.31596,False,0.29
lorentzian,DOGEUSDT,60,LORENTZIAN_raw,50,0.03,-400.060028,-232.986965,167.073063,29.69,522,79,80.1505,99.939972,False,0.22
