symbol,interval,strategy,n_trades,n_trades_total_baseline,n_trades_total_sized,n_trades_train1_entry_baseline,n_trades_train1_entry_sized,trade_count_invariant_ok,train1_net_pnl_baseline,train1_net_pnl_sized,train1_entry_net_pnl_baseline,train1_entry_net_pnl_sized,losing_month_floor_baseline,losing_month_floor_sized,stake_cv,stake_cv_ok,mean_mult_winners,mean_mult_losers,mean_mult_gap,seconds
SOLUSDT,240,BB_20_2_EMA200,33,33,33,31,31,True,85.546141,152.092188,42.287683,65.575271,3,3,0.516667,True,1.1136363636363635,0.85625,0.257386,0.15
ETHUSDT,240,BB_20_2_EMA200,38,38,38,37,37,True,20.978395,51.000166,20.49687,50.39826,8,8,0.529284,True,1.0,0.9821428571428571,0.017857,0.15
BTCUSDT,240,BB_20_2_EMA200,41,41,41,40,40,True,-40.807672,-29.143414,-42.253335,-30.950493,8,7,0.418305,True,1.3571428571428572,1.0909090909090908,0.266234,0.14
XRPUSDT,240,BB_20_2_EMA200,40,40,40,36,36,True,219.531213,483.280857,220.319917,484.858267,8,8,0.559285,True,1.375,0.975,0.4,0.16
DOGEUSDT,240,BB_20_2_EMA200,38,38,38,35,35,True,253.761911,137.962289,189.482916,57.613544,4,5,0.491273,True,0.7142857142857143,1.0357142857142858,-0.321429,0.15
SOLUSDT,60,BB_20_2_EMA200,125,125,125,115,115,True,46.410212,57.861904,64.29183,80.608697,5,6,0.486796,True,1.0443548387096775,1.0178571428571428,0.026498,0.38
ETHUSDT,60,BB_20_2_EMA200,130,130,130,125,125,True,-36.227902,25.778938,-39.072658,23.15267,8,8,0.488945,True,1.1290322580645162,0.9627659574468085,0.166266,0.37
BTCUSDT,60,BB_20_2_EMA200,110,110,110,103,103,True,5.684958,7.891272,5.130415,7.032598,9,7,0.469753,True,1.0390625,1.033450704225352,0.005612,0.39
XRPUSDT,60,BB_20_2_EMA200,126,126,126,114,114,True,262.683742,460.056246,262.022989,459.725869,7,8,0.52772,True,0.965,0.9929775280898876,-0.027978,0.36
DOGEUSDT,60,BB_20_2_EMA200,139,139,139,120,120,True,135.656989,119.546509,111.641152,89.250672,5,5,0.463482,True,1.2112068965517242,0.9903846153846154,0.220822,0.37
