arm,symbol,interval,strategy,take_profit_multiple,n_trades,train1_net_pnl,warmup_net_pnl,boundary_net_pnl,full_run_max_drawdown_pct,full_run_final_equity,n_valid_months,n_neg_months,all_valid_months_nonnegative,promotion_pass,promotion_pass_genuine,degenerate_pass,win_rate,avg_win,avg_loss,seconds
baseline,SOLUSDT,240,DONCHIAN_55,,20,-49.642671,-3.3155,0.0,12.4862,447.041829,12,9,False,False,False,False,5.0,9.788138,-3.302437,0.14
gated,SOLUSDT,240,DONCHIAN_55,2.0,20,-18.098,5.671,0.0,6.8468,487.573,12,6,False,False,False,False,30.0,5.677,-3.320643,0.1
baseline,SOLUSDT,240,BB_20_25_breakout,,38,15.274984,24.364097,0.0,9.2466,539.639081,12,6,False,False,False,False,26.3158,13.16179,-3.284958,0.1
gated,SOLUSDT,240,BB_20_25_breakout,2.0,59,3.0305,8.0265,0.0,6.8493,511.057,12,6,False,False,False,False,38.9831,5.679609,-3.3215,0.09
baseline,SOLUSDT,240,DONCHIAN_PULLBACK_55,,14,-13.746762,-3.3155,0.0,9.9565,482.937738,12,8,False,False,False,False,7.1429,26.111238,-3.321038,0.1
gated,SOLUSDT,240,DONCHIAN_PULLBACK_55,2.0,14,10.8445,-3.3155,0.0,3.6896,507.529,12,5,False,False,False,False,42.8571,5.683,-3.321125,0.1
baseline,SOLUSDT,60,DONCHIAN_55,,77,38.138406,13.830511,0.701751,12.5807,552.670669,12,7,False,False,False,False,31.1688,9.233732,-3.187527,0.23
gated,SOLUSDT,60,DONCHIAN_55,2.0,77,-15.610772,1.3775,0.701751,8.0554,486.468479,12,7,False,False,False,False,35.0649,5.556095,-3.270922,0.2
baseline,SOLUSDT,60,BB_20_25_breakout,,136,-83.01315,-9.54349,-1.19127,27.695,406.252091,12,8,False,False,False,False,21.3235,7.572911,-2.92862,0.31
gated,SOLUSDT,60,BB_20_25_breakout,2.0,187,-83.41462,-5.290997,0.0,19.5199,411.294383,12,9,False,False,False,False,31.016,5.334102,-3.085919,0.23
baseline,SOLUSDT,60,DONCHIAN_PULLBACK_55,,54,-38.373847,-7.500761,0.0,16.7367,454.125392,12,7,False,False,False,False,18.5185,10.019639,-3.319795,0.27
gated,SOLUSDT,60,DONCHIAN_PULLBACK_55,2.0,58,-8.2035,4.72,0.0,6.3037,496.5165,12,9,False,False,False,False,36.2069,5.683,-3.319635,0.21
baseline,ETHUSDT,240,DONCHIAN_55,,20,30.100531,38.21699,0.0,7.2196,568.317521,12,4,False,False,False,False,30.0,19.13442,-3.320643,0.11
gated,ETHUSDT,240,DONCHIAN_55,2.0,20,26.9155,5.671,0.0,2.953,532.5865,12,4,False,False,False,False,55.0,5.679182,-3.3205,0.09
baseline,ETHUSDT,240,BB_20_25_breakout,,37,60.729212,37.24684,0.0,5.4277,597.976052,12,4,False,False,False,False,37.8378,12.449682,-3.318239,0.09
gated,ETHUSDT,240,BB_20_25_breakout,2.0,57,4.0715,13.6975,0.0,4.6242,517.769,12,7,False,False,False,False,40.3509,5.679609,-3.319471,0.09
baseline,ETHUSDT,240,DONCHIAN_PULLBACK_55,,12,-11.361243,0.0,0.0,7.1306,488.638757,12,8,False,False,False,False,8.3333,25.163257,-3.320409,0.1
gated,ETHUSDT,240,DONCHIAN_PULLBACK_55,2.0,14,7.529,0.0,0.0,3.2355,507.529,12,5,False,False,False,False,42.8571,5.683,-3.321125,0.09
baseline,ETHUSDT,60,DONCHIAN_55,,78,-14.108667,33.178413,0.0,11.2137,519.069746,12,7,False,False,False,False,29.4872,7.757773,-2.897437,0.25
gated,ETHUSDT,60,DONCHIAN_55,2.0,78,-3.892886,-0.969,0.0,5.6893,495.138114,12,6,False,False,False,False,35.8974,5.319342,-3.076069,0.22
baseline,ETHUSDT,60,BB_20_25_breakout,,111,70.89605,8.14533,-1.070125,10.1937,577.971255,12,3,False,False,False,False,37.8378,6.031089,-2.541079,0.25
gated,ETHUSDT,60,BB_20_25_breakout,2.0,163,54.155927,0.888543,-1.285685,8.0042,553.758785,12,5,False,False,False,False,40.4908,4.810665,-2.719021,0.25
baseline,ETHUSDT,60,DONCHIAN_PULLBACK_55,,64,-75.703214,26.0001,0.0,18.9801,450.296885,12,9,False,False,False,False,18.75,9.779087,-3.212541,0.24
gated,ETHUSDT,60,DONCHIAN_PULLBACK_55,2.0,65,-61.138804,-0.969,0.0,13.5018,437.892196,12,8,False,False,False,False,26.1538,5.391491,-3.203399,0.26
baseline,BTCUSDT,240,DONCHIAN_55,,18,11.051945,38.056997,0.0,7.6017,549.108942,12,6,False,False,False,False,22.2222,23.901735,-3.321286,0.1
gated,BTCUSDT,240,DONCHIAN_55,2.0,18,-20.4985,5.671,0.0,4.5178,485.1725,12,7,False,False,False,False,27.7778,5.671,-3.321731,0.09
baseline,BTCUSDT,240,BB_20_25_breakout,,39,23.122836,19.615838,0.0,6.037,542.738674,12,6,False,False,False,False,28.2051,11.876752,-3.139486,0.1
gated,BTCUSDT,240,BB_20_25_breakout,2.0,60,-14.434079,-6.145803,0.0,5.5678,479.420118,12,8,False,False,False,False,31.6667,5.482941,-3.042823,0.1
baseline,BTCUSDT,240,DONCHIAN_PULLBACK_55,,11,56.429229,19.354499,0.0,6.8411,575.783727,12,5,False,False,False,False,36.3636,24.757057,-3.320643,0.1
gated,BTCUSDT,240,DONCHIAN_PULLBACK_55,2.0,12,-0.4975,5.671,0.0,2.9405,505.1735,12,5,False,False,False,False,41.6667,5.6818,-3.319357,0.14
baseline,BTCUSDT,60,DONCHIAN_55,,76,10.888091,4.305771,-0.503678,6.7252,514.690185,12,8,False,False,False,False,34.2105,5.929214,-2.789388,0.25
gated,BTCUSDT,60,DONCHIAN_55,2.0,76,10.459933,-7.609,0.0,5.736,502.850933,12,7,False,False,False,False,36.8421,5.020187,-2.869048,0.22
baseline,BTCUSDT,60,BB_20_25_breakout,,134,-52.420319,12.565751,-0.497931,15.1734,459.647502,12,7,False,False,False,False,29.8507,4.426362,-2.31284,0.25
gated,BTCUSDT,60,BB_20_25_breakout,2.0,161,-9.846737,7.764835,0.0,9.2705,497.918098,12,7,False,False,False,False,33.5404,4.62757,-2.354866,0.27
baseline,BTCUSDT,60,DONCHIAN_PULLBACK_55,,52,-9.852288,14.405847,-0.550371,9.0451,504.003189,12,7,False,False,False,False,30.7692,6.584036,-2.815038,0.25
gated,BTCUSDT,60,DONCHIAN_PULLBACK_55,2.0,59,40.276474,0.124867,-0.550371,3.5303,539.850971,12,6,False,False,False,False,42.3729,5.382814,-2.785864,0.25
baseline,XRPUSDT,240,DONCHIAN_55,,24,225.093446,-3.3155,0.0,20.2287,721.777946,12,8,False,False,False,False,12.5,96.328882,-3.200414,0.11
gated,XRPUSDT,240,DONCHIAN_55,2.0,24,-13.324,5.671,0.0,4.3843,492.347,12,6,False,False,False,False,33.3333,5.68225,-3.319437,0.09
baseline,XRPUSDT,240,BB_20_25_breakout,,47,223.309155,-2.107409,0.0,18.1838,721.201746,12,6,False,False,False,False,12.766,57.71611,-3.051095,0.09
gated,XRPUSDT,240,BB_20_25_breakout,2.0,65,27.844949,1.4045,0.0,6.81,529.249449,12,5,False,False,False,False,41.5385,5.679,-3.265357,0.11
baseline,XRPUSDT,240,DONCHIAN_PULLBACK_55,,21,-11.237264,-3.3155,0.0,12.1327,485.447236,12,7,False,False,False,False,14.2857,15.066079,-3.3195,0.1
gated,XRPUSDT,240,DONCHIAN_PULLBACK_55,2.0,21,5.627,-3.3155,0.0,3.4361,502.3115,12,3,False,False,False,False,38.0952,5.68225,-3.318962,0.1
baseline,XRPUSDT,60,DONCHIAN_55,,76,156.512601,-17.394034,0.0,12.5312,639.118567,12,7,False,False,False,False,22.3684,18.734995,-3.040277,0.22
gated,XRPUSDT,60,DONCHIAN_55,2.0,76,-15.135667,4.596533,0.0,9.3667,489.460866,12,6,False,False,False,False,35.5263,5.276676,-3.122641,0.21
baseline,XRPUSDT,60,BB_20_25_breakout,,140,143.074097,-26.17579,-0.671173,20.8088,616.227134,12,5,False,False,False,False,22.1429,13.217375,-2.692766,0.27
gated,XRPUSDT,60,BB_20_25_breakout,2.0,192,-40.841347,-26.670352,0.0,16.9562,432.488301,12,8,False,False,False,False,30.2083,5.379642,-2.83232,0.22
baseline,XRPUSDT,60,DONCHIAN_PULLBACK_55,,58,126.440507,-16.6045,-0.671291,11.2317,609.164716,12,7,False,False,False,False,22.4138,19.311197,-3.152908,0.23
gated,XRPUSDT,60,DONCHIAN_PULLBACK_55,2.0,59,-3.967806,-16.6045,0.0,6.4696,479.427694,12,7,False,False,False,False,33.8983,5.069877,-3.127432,0.21
baseline,DOGEUSDT,240,DONCHIAN_55,,18,-22.07782,-3.3155,0.0,9.0758,474.60668,12,7,False,False,False,False,16.6667,8.13406,-3.3197,0.09
gated,DOGEUSDT,240,DONCHIAN_55,2.0,18,-2.4445,-3.3155,0.0,3.9055,494.24,12,6,False,False,False,False,33.3333,5.68,-3.32,0.11
baseline,DOGEUSDT,240,BB_20_25_breakout,,35,109.096583,22.085892,0.0,17.3456,631.182475,12,7,False,False,False,False,20.0,32.017782,-3.319357,0.15
gated,DOGEUSDT,240,BB_20_25_breakout,2.0,59,0.729,1.3955,0.0,6.0438,502.1245,12,7,False,False,False,False,37.2881,5.68,-3.319878,0.12
baseline,DOGEUSDT,240,DONCHIAN_PULLBACK_55,,14,235.661082,43.966152,0.0,21.582,779.627234,12,8,False,False,False,False,14.2857,159.738117,-3.32075,0.1
gated,DOGEUSDT,240,DONCHIAN_PULLBACK_55,2.0,14,-7.1375,5.671,0.0,4.0799,498.5335,12,7,False,False,False,False,35.7143,5.6818,-3.3195,0.09
baseline,DOGEUSDT,60,DONCHIAN_55,,69,197.914664,-6.721975,-0.736106,10.1347,690.456583,12,2,False,False,False,False,33.3333,14.665039,-3.192159,0.25
gated,DOGEUSDT,60,DONCHIAN_55,2.0,69,32.44089,-4.2935,0.0,6.4582,528.14739,12,5,False,False,False,False,40.5797,5.68,-3.192503,0.21
baseline,DOGEUSDT,60,BB_20_25_breakout,,152,-22.2282,5.626586,-0.736106,19.7827,482.66228,12,6,False,False,False,False,21.7105,10.447957,-3.043028,0.24
gated,DOGEUSDT,60,BB_20_25_breakout,2.0,211,-103.511992,-3.20452,0.0,23.6809,393.283487,12,8,False,False,False,False,30.8057,5.379196,-3.125782,0.21
baseline,DOGEUSDT,60,DONCHIAN_PULLBACK_55,,50,123.667274,42.566457,-0.849333,12.8564,665.384397,12,5,False,False,False,False,20.0,29.626296,-3.271964,0.23
gated,DOGEUSDT,60,DONCHIAN_PULLBACK_55,2.0,54,1.725,0.961438,0.0,7.5937,502.686438,12,6,False,False,False,False,37.037,5.6809,-3.262693,0.23
