strategy,exit_cell,win_rate,mean_train1_net_pnl,h1_pass,n_series,n_trades,mean_trades_per_series,max_drawdown_pct,legacy_h2_series,sparse_h2_series,initial_sl_share
BB_20_25_EMA200,TRAIL_a0.03_t0.02,37.63157894736842,-107.58225169999999,False,10,1140,114.0,46.1717,0,0,0.4192982456140351
BB_20_25_EMA200,TP_x2,35.98369011213048,-5.207497399999999,False,10,981,98.1,11.9932,0,0,0.5524974515800204
BB_20_25_EMA200,TRAIL_a0.06_t0.04,31.175836030204962,-70.2559304,False,10,927,92.7,34.6488,0,0,0.5490830636461704
BB_20_25_EMA200,NO_TRAIL,25.535714285714285,82.90026200000001,True,10,560,56.0,25.1035,0,0,0.5714285714285714
BB_20_2_EMA200,TP_x2,35.39147040101846,3.6986092,True,10,1571,157.1,24.5969,0,0,0.5085932527052832
BB_20_2_EMA200,TRAIL_a0.03_t0.02,34.48461953588775,-187.0503312,False,10,1853,185.3,80.0725,0,0,0.3971937398812736
BB_20_2_EMA200,TRAIL_a0.06_t0.04,30.248618784530386,-112.552396,False,10,1448,144.8,44.9207,0,0,0.4937845303867403
BB_20_2_EMA200,NO_TRAIL,24.878048780487806,95.32179870000002,True,10,820,82.0,21.1115,0,0,0.4609756097560976
EMA3_13_50_200,TRAIL_a0.03_t0.02,44.675324675324674,-60.209299,False,10,770,77.0,25.1966,0,0,0.3961038961038961
EMA3_13_50_200,TP_x2,38.95184135977337,13.536444500000002,True,10,706,70.6,16.7768,0,0,0.5325779036827195
EMA3_13_50_200,TRAIL_a0.06_t0.04,36.67621776504298,-29.6454925,False,10,698,69.8,26.3796,0,0,0.5300859598853869
EMA3_13_50_200,NO_TRAIL,20.26143790849673,91.1483016,True,10,459,45.9,22.1603,0,0,0.6579520697167756
EMA3_21_50_200,TRAIL_a0.03_t0.02,44.99252615844544,-53.1263876,False,10,669,66.9,22.2153,0,0,0.4020926756352765
EMA3_21_50_200,TP_x2,38.73015873015873,8.774631399999999,True,10,630,63.0,14.91,0,0,0.5349206349206349
EMA3_21_50_200,TRAIL_a0.06_t0.04,36.42172523961661,-29.624244700000002,False,10,626,62.6,24.9018,0,0,0.5335463258785943
EMA3_21_50_200,NO_TRAIL,21.05263157894737,95.7250776,True,10,437,43.7,21.095,0,0,0.6521739130434783
EMA_50_200,TRAIL_a0.03_t0.02,46.7032967032967,-20.8107204,False,10,364,36.4,9.5242,0,0,0.3269230769230769
EMA_50_200,TP_x2,41.75824175824176,17.843669600000002,True,10,364,36.4,8.2593,0,0,0.45879120879120877
EMA_50_200,TRAIL_a0.06_t0.04,38.73626373626374,-6.974997000000002,False,10,364,36.4,10.985,0,0,0.4532967032967033
EMA_50_200,NO_TRAIL,22.252747252747252,72.6693115,True,10,364,36.4,20.1439,0,0,0.6098901098901099
