symbol,interval,strategy,exit_cell,n_calls,net_pnl,train1_net_pnl,win_rate,n_trades,n_wins,max_drawdown_pct,final_equity,n_valid_months,all_valid_months_nonnegative,legacy_h2,h2_sparse_absent_zero_trade,n_scored_months,train1_exit_n_trades,train1_exit_net_pnl,exit_initial_sl,exit_mix
SOLUSDT,240,EMA_50_200,NO_TRAIL,19,41.832054,8.323841,10.53,19,2,17.8947,541.832054,12,False,False,False,9,18,45.156554208125115,16,"{""initial_sl"": 16, ""signal_reverse"": 3}"
SOLUSDT,240,EMA_50_200,TP_x2,19,-0.098,-2.4445,36.84,19,7,3.0436,499.902,12,False,False,False,10,17,-2.44449999999998,12,"{""initial_sl"": 12, ""take_profit"": 7}"
SOLUSDT,240,EMA_50_200,TRAIL_a0.06_t0.04,19,-12.308245,-12.551878,31.58,19,6,3.2025,487.691755,12,False,False,False,10,17,-12.551878483900271,10,"{""initial_sl"": 10, ""trailing_sl"": 9}"
SOLUSDT,240,EMA_50_200,TRAIL_a0.03_t0.02,19,-24.210327,-23.126669,26.32,19,5,4.941,475.789673,12,False,False,False,10,17,-23.12666871807278,9,"{""initial_sl"": 9, ""trailing_sl"": 10}"
SOLUSDT,240,BB_20_25_EMA200,NO_TRAIL,54,68.203338,43.839241,28.0,25,7,11.0818,568.203338,12,False,False,False,9,25,68.20333814310656,17,"{""end_of_data"": 1, ""initial_sl"": 17, ""signal_reverse"": 7}"
SOLUSDT,240,BB_20_25_EMA200,TP_x2,54,14.915,6.8885,40.43,47,19,4.6034,514.915,12,False,False,False,12,44,6.888499999999993,28,"{""initial_sl"": 28, ""take_profit"": 19}"
SOLUSDT,240,BB_20_25_EMA200,TRAIL_a0.06_t0.04,54,-28.944913,-35.467732,41.3,46,19,8.1939,471.055087,12,False,False,False,12,43,-35.467731914918154,27,"{""initial_sl"": 27, ""trailing_sl"": 19}"
SOLUSDT,240,BB_20_25_EMA200,TRAIL_a0.03_t0.02,54,-77.06313,-69.906678,30.19,53,16,15.5156,422.93687,12,False,False,False,12,49,-69.9066779549912,26,"{""initial_sl"": 26, ""trailing_sl"": 27}"
SOLUSDT,240,EMA3_21_50_200,NO_TRAIL,34,25.200554,-8.307659,8.33,24,2,21.095,525.200554,12,False,False,False,10,23,28.525054208125155,21,"{""initial_sl"": 21, ""signal_reverse"": 3}"
SOLUSDT,240,EMA3_21_50_200,TP_x2,34,-1.5915,-6.2935,36.36,33,12,5.0951,498.4085,12,False,False,False,12,29,-6.293500000000029,21,"{""initial_sl"": 21, ""take_profit"": 12}"
SOLUSDT,240,EMA3_21_50_200,TRAIL_a0.06_t0.04,34,-29.195911,-31.080346,33.33,33,11,7.6931,470.804089,12,False,False,False,12,29,-31.080346158182543,19,"{""initial_sl"": 19, ""trailing_sl"": 14}"
SOLUSDT,240,EMA3_21_50_200,TRAIL_a0.03_t0.02,34,-53.466658,-48.862048,24.24,33,8,10.6933,446.533342,12,False,False,False,12,29,-48.86204752660611,17,"{""initial_sl"": 17, ""trailing_sl"": 16}"
SOLUSDT,240,EMA3_13_50_200,NO_TRAIL,35,18.560554,-14.947659,7.69,26,2,22.1603,518.560554,12,False,False,False,10,25,21.885054208125144,23,"{""initial_sl"": 23, ""signal_reverse"": 3}"
SOLUSDT,240,EMA3_13_50_200,TP_x2,35,-8.2315,-12.9335,34.29,35,12,6.9969,491.7685,12,False,False,False,12,31,-12.93350000000002,23,"{""initial_sl"": 23, ""take_profit"": 12}"
SOLUSDT,240,EMA3_13_50_200,TRAIL_a0.06_t0.04,35,-27.789907,-29.674341,31.43,35,11,7.9105,472.210093,12,False,False,False,12,31,-29.67434135983203,21,"{""initial_sl"": 21, ""trailing_sl"": 14}"
SOLUSDT,240,EMA3_13_50_200,TRAIL_a0.03_t0.02,35,-53.991237,-49.386626,25.71,35,9,10.7982,446.008763,12,False,False,False,12,31,-49.38662575751606,18,"{""initial_sl"": 18, ""trailing_sl"": 17}"
SOLUSDT,240,BB_20_2_EMA200,NO_TRAIL,107,106.594738,85.546141,36.36,33,12,7.5441,606.594738,12,False,False,False,11,32,109.91023798337956,19,"{""end_of_data"": 1, ""initial_sl"": 19, ""signal_reverse"": 13}"
SOLUSDT,240,BB_20_2_EMA200,TP_x2,107,3.8935,5.8135,37.36,91,34,9.3591,503.8935,12,False,False,False,12,85,5.813499999999959,57,"{""initial_sl"": 57, ""take_profit"": 34}"
SOLUSDT,240,BB_20_2_EMA200,TRAIL_a0.06_t0.04,107,-80.085594,-79.977414,34.09,88,30,19.5779,419.914406,12,False,False,False,12,83,-79.97741360971435,53,"{""initial_sl"": 53, ""trailing_sl"": 35}"
SOLUSDT,240,BB_20_2_EMA200,TRAIL_a0.03_t0.02,107,-158.503128,-141.400175,25.0,104,26,31.7006,341.496872,12,False,False,False,12,97,-141.4001754696434,50,"{""initial_sl"": 50, ""trailing_sl"": 54}"
SOLUSDT,240,DONCHIAN_55,NO_TRAIL,20,-52.958171,-49.642671,5.0,20,1,12.4862,447.041829,12,False,False,False,10,19,-49.64267147437156,18,"{""initial_sl"": 18, ""signal_reverse"": 2}"
SOLUSDT,60,EMA_50_200,NO_TRAIL,49,9.6408,8.634937,26.53,49,13,8.2782,509.6408,12,False,False,False,11,43,8.63493663118283,33,"{""initial_sl"": 33, ""signal_reverse"": 16}"
SOLUSDT,60,EMA_50_200,TP_x2,49,45.324331,37.2355,46.94,49,23,4.3501,545.324331,12,False,False,False,11,43,37.235499999999945,25,"{""initial_sl"": 25, ""signal_reverse"": 1, ""take_profit"": 23}"
SOLUSDT,60,EMA_50_200,TRAIL_a0.06_t0.04,49,17.581192,10.820514,46.94,49,23,4.8967,517.581192,12,False,False,False,11,43,10.820514074117334,25,"{""initial_sl"": 25, ""signal_reverse"": 1, ""trailing_sl"": 23}"
SOLUSDT,60,EMA_50_200,TRAIL_a0.03_t0.02,49,-35.911158,-29.024326,48.98,49,24,7.1822,464.088842,12,False,False,False,11,43,-29.024325997022487,20,"{""initial_sl"": 20, ""signal_reverse"": 1, ""trailing_sl"": 28}"
SOLUSDT,60,BB_20_25_EMA200,NO_TRAIL,201,95.114536,85.522585,26.25,80,21,11.3961,595.114536,12,False,False,False,12,73,78.06288738138326,48,"{""end_of_data"": 1, ""initial_sl"": 48, ""signal_reverse"": 31}"
SOLUSDT,60,BB_20_25_EMA200,TP_x2,201,-7.05017,-12.17867,35.53,152,54,10.4772,492.94983,12,False,False,False,12,140,-12.178670369242719,91,"{""initial_sl"": 91, ""signal_reverse"": 7, ""take_profit"": 54}"
SOLUSDT,60,BB_20_25_EMA200,TRAIL_a0.06_t0.04,201,-67.699219,-65.03875,35.21,142,50,18.7822,432.300781,12,False,False,False,12,132,-65.03875001166463,84,"{""initial_sl"": 84, ""signal_reverse"": 6, ""trailing_sl"": 52}"
SOLUSDT,60,BB_20_25_EMA200,TRAIL_a0.03_t0.02,201,-152.847387,-135.430293,43.68,174,76,30.9036,347.152613,12,False,False,False,12,160,-135.43029272542174,81,"{""initial_sl"": 81, ""signal_reverse"": 2, ""trailing_sl"": 91}"
SOLUSDT,60,EMA3_21_50_200,NO_TRAIL,106,57.407202,57.310536,26.23,61,16,9.1231,557.407202,12,False,False,False,11,54,20.983615199288252,42,"{""end_of_data"": 1, ""initial_sl"": 42, ""signal_reverse"": 18}"
SOLUSDT,60,EMA3_21_50_200,TP_x2,106,71.633056,67.828726,44.55,101,45,4.2421,571.633056,12,False,False,False,12,91,67.82872569444437,54,"{""initial_sl"": 54, ""signal_reverse"": 2, ""take_profit"": 45}"
SOLUSDT,60,EMA3_21_50_200,TRAIL_a0.06_t0.04,106,14.242647,13.868112,44.55,101,45,5.47,514.242647,12,False,False,False,12,91,13.868112489470175,54,"{""initial_sl"": 54, ""signal_reverse"": 2, ""trailing_sl"": 45}"
SOLUSDT,60,EMA3_21_50_200,TRAIL_a0.03_t0.02,106,-57.520715,-42.063651,52.94,102,54,12.1132,442.479285,12,False,False,False,12,92,-42.06365111907738,42,"{""initial_sl"": 42, ""signal_reverse"": 1, ""trailing_sl"": 59}"
SOLUSDT,60,EMA3_13_50_200,NO_TRAIL,130,48.205853,51.415953,24.24,66,16,9.7156,548.205853,12,False,False,False,11,58,13.561504971782163,47,"{""end_of_data"": 1, ""initial_sl"": 47, ""signal_reverse"": 18}"
SOLUSDT,60,EMA3_13_50_200,TP_x2,130,96.267331,99.103,46.09,115,53,4.7297,596.267331,12,False,False,False,12,103,99.10299999999984,61,"{""initial_sl"": 61, ""signal_reverse"": 1, ""take_profit"": 53}"
SOLUSDT,60,EMA3_13_50_200,TRAIL_a0.06_t0.04,130,40.956283,47.101671,46.49,114,53,5.863,540.956283,12,False,False,False,12,102,47.101670834778076,60,"{""initial_sl"": 60, ""signal_reverse"": 1, ""trailing_sl"": 53}"
SOLUSDT,60,EMA3_13_50_200,TRAIL_a0.03_t0.02,130,-46.523984,-33.035677,58.47,118,69,10.8652,453.476016,12,False,False,False,12,106,-33.03567735378945,43,"{""initial_sl"": 43, ""signal_reverse"": 1, ""trailing_sl"": 74}"
SOLUSDT,60,BB_20_2_EMA200,NO_TRAIL,440,61.85982,46.410212,26.4,125,33,11.0797,561.85982,12,False,False,False,12,115,38.06493744702377,56,"{""end_of_data"": 1, ""initial_sl"": 56, ""signal_reverse"": 68}"
SOLUSDT,60,BB_20_2_EMA200,TP_x2,440,-7.148214,-4.716135,35.02,257,90,10.8654,492.851786,12,False,False,False,12,235,-4.716134926415466,140,"{""initial_sl"": 140, ""signal_reverse"": 28, ""take_profit"": 89}"
SOLUSDT,60,BB_20_2_EMA200,TRAIL_a0.06_t0.04,440,-141.185797,-126.944415,32.89,228,75,31.3876,358.814203,12,False,False,False,12,209,-126.94441506829992,121,"{""initial_sl"": 121, ""signal_reverse"": 28, ""trailing_sl"": 79}"
SOLUSDT,60,BB_20_2_EMA200,TRAIL_a0.03_t0.02,440,-319.671343,-280.181288,38.76,307,119,64.1419,180.328657,12,False,False,False,12,277,-280.18128772261036,136,"{""initial_sl"": 136, ""signal_reverse"": 14, ""trailing_sl"": 157}"
SOLUSDT,60,DONCHIAN_55,NO_TRAIL,77,52.670669,38.138406,31.17,77,24,12.5807,552.670669,12,False,False,False,12,72,54.275667588863435,49,"{""end_of_data"": 1, ""initial_sl"": 49, ""signal_reverse"": 27}"
ETHUSDT,240,EMA_50_200,NO_TRAIL,19,5.646416,-39.788822,10.53,19,2,13.8146,505.646416,12,False,False,False,9,18,8.559246572756317,16,"{""initial_sl"": 16, ""signal_reverse"": 3}"
ETHUSDT,240,EMA_50_200,TP_x2,19,-8.69983,-11.458,31.58,19,6,4.5882,491.30017,12,False,False,False,9,17,-11.457999999999933,12,"{""initial_sl"": 12, ""signal_reverse"": 1, ""take_profit"": 6}"
ETHUSDT,240,EMA_50_200,TRAIL_a0.06_t0.04,19,-25.078783,-23.764673,26.32,19,5,6.8246,474.921217,12,False,False,False,9,17,-23.764673047478087,12,"{""initial_sl"": 12, ""signal_reverse"": 1, ""trailing_sl"": 6}"
ETHUSDT,240,EMA_50_200,TRAIL_a0.03_t0.02,19,-21.514646,-20.402414,42.11,19,8,4.893,478.485354,12,False,False,False,9,17,-20.40241434143038,8,"{""initial_sl"": 8, ""signal_reverse"": 1, ""trailing_sl"": 10}"
ETHUSDT,240,BB_20_25_EMA200,NO_TRAIL,53,54.125665,16.878825,36.36,22,8,10.1575,554.125665,12,False,False,False,9,21,57.44116545343141,13,"{""end_of_data"": 1, ""initial_sl"": 13, ""signal_reverse"": 8}"
ETHUSDT,240,BB_20_25_EMA200,TP_x2,53,11.6085,-2.089,39.58,48,19,4.5705,511.6085,12,False,False,False,12,44,-2.088999999999956,29,"{""initial_sl"": 29, ""take_profit"": 19}"
ETHUSDT,240,BB_20_25_EMA200,TRAIL_a0.06_t0.04,53,-28.65221,-52.440596,36.17,47,17,11.0766,471.34779,12,False,False,False,12,44,-52.440595700677136,28,"{""initial_sl"": 28, ""trailing_sl"": 19}"
ETHUSDT,240,BB_20_25_EMA200,TRAIL_a0.03_t0.02,53,-56.85246,-59.888782,32.65,49,16,12.4243,443.14754,12,False,False,False,12,45,-59.88878157023909,21,"{""initial_sl"": 21, ""trailing_sl"": 28}"
ETHUSDT,240,EMA3_21_50_200,NO_TRAIL,33,10.311312,-35.123926,11.11,27,3,16.5057,510.311312,12,False,False,False,11,26,13.224142462797928,23,"{""end_of_data"": 1, ""initial_sl"": 23, ""signal_reverse"": 3}"
ETHUSDT,240,EMA3_21_50_200,TP_x2,33,-19.17083,-21.929,30.3,33,10,7.7075,480.82917,12,False,False,False,12,31,-21.928999999999952,22,"{""initial_sl"": 22, ""signal_reverse"": 1, ""take_profit"": 10}"
ETHUSDT,240,EMA3_21_50_200,TRAIL_a0.06_t0.04,33,-52.997617,-51.683507,27.27,33,9,11.2841,447.002383,12,False,False,False,12,31,-51.683506838836905,22,"{""initial_sl"": 22, ""signal_reverse"": 1, ""trailing_sl"": 10}"
ETHUSDT,240,EMA3_21_50_200,TRAIL_a0.03_t0.02,33,-40.786602,-39.674371,39.39,33,13,8.4055,459.213398,12,False,False,False,12,31,-39.6743706035996,15,"{""initial_sl"": 15, ""signal_reverse"": 1, ""trailing_sl"": 17}"
ETHUSDT,240,EMA3_13_50_200,NO_TRAIL,37,10.311312,-35.123926,11.11,27,3,16.5057,510.311312,12,False,False,False,11,26,13.224142462797928,23,"{""end_of_data"": 1, ""initial_sl"": 23, ""signal_reverse"": 3}"
ETHUSDT,240,EMA3_13_50_200,TP_x2,37,-5.42833,-8.1865,35.14,37,13,5.8699,494.57167,12,False,False,False,12,35,-8.186499999999958,23,"{""initial_sl"": 23, ""signal_reverse"": 1, ""take_profit"": 13}"
ETHUSDT,240,EMA3_13_50_200,TRAIL_a0.06_t0.04,37,-53.899104,-52.584994,27.03,37,10,11.2166,446.100896,12,False,False,False,12,35,-52.58499371084802,23,"{""initial_sl"": 23, ""signal_reverse"": 1, ""trailing_sl"": 13}"
ETHUSDT,240,EMA3_13_50_200,TRAIL_a0.03_t0.02,37,-48.329976,-47.217744,35.14,37,13,9.6948,451.670024,12,False,False,False,12,35,-47.217743901281665,17,"{""initial_sl"": 17, ""signal_reverse"": 1, ""trailing_sl"": 19}"
ETHUSDT,240,BB_20_2_EMA200,NO_TRAIL,107,66.776905,20.978395,26.32,38,10,10.0889,566.776905,12,False,False,False,11,38,66.77690451932388,22,"{""end_of_data"": 1, ""initial_sl"": 22, ""signal_reverse"": 15}"
ETHUSDT,240,BB_20_2_EMA200,TP_x2,107,39.870063,23.817063,42.17,83,35,3.8178,539.870063,12,False,False,False,12,77,23.817062765344758,47,"{""initial_sl"": 47, ""signal_reverse"": 1, ""take_profit"": 35}"
ETHUSDT,240,BB_20_2_EMA200,TRAIL_a0.06_t0.04,107,-53.544795,-80.434212,35.44,79,28,16.6056,446.455205,12,False,False,False,12,75,-80.43421171102828,45,"{""initial_sl"": 45, ""signal_reverse"": 1, ""trailing_sl"": 33}"
ETHUSDT,240,BB_20_2_EMA200,TRAIL_a0.03_t0.02,107,-120.426886,-123.769604,30.85,94,29,25.3352,379.573114,12,False,False,False,12,85,-123.76960418483964,43,"{""initial_sl"": 43, ""trailing_sl"": 51}"
ETHUSDT,240,DONCHIAN_55,NO_TRAIL,20,68.317521,30.100531,30.0,20,6,7.2196,568.317521,12,False,False,False,9,20,68.3175212572174,14,"{""initial_sl"": 14, ""signal_reverse"": 6}"
ETHUSDT,60,EMA_50_200,NO_TRAIL,56,48.677199,4.097449,28.57,56,16,8.8101,548.677199,12,False,False,False,12,53,36.58022928002211,34,"{""end_of_data"": 1, ""initial_sl"": 34, ""signal_reverse"": 21}"
ETHUSDT,60,EMA_50_200,TP_x2,56,-6.558708,-9.303043,33.93,56,19,6.3831,493.441292,12,False,False,False,12,53,-9.303043170222502,31,"{""initial_sl"": 31, ""signal_reverse"": 6, ""take_profit"": 19}"
ETHUSDT,60,EMA_50_200,TRAIL_a0.06_t0.04,56,-46.082108,-45.471023,30.36,56,17,10.985,453.917892,12,False,False,False,12,53,-45.47102264373001,31,"{""initial_sl"": 31, ""signal_reverse"": 6, ""trailing_sl"": 19}"
ETHUSDT,60,EMA_50_200,TRAIL_a0.03_t0.02,56,-34.031756,-31.854853,48.21,56,27,7.0323,465.968244,12,False,False,False,12,53,-31.854853272366004,19,"{""initial_sl"": 19, ""signal_reverse"": 4, ""trailing_sl"": 33}"
ETHUSDT,60,BB_20_25_EMA200,NO_TRAIL,238,64.373162,30.386076,30.0,80,24,9.1518,564.373162,12,False,False,False,12,77,50.60592159552778,38,"{""end_of_data"": 1, ""initial_sl"": 38, ""signal_reverse"": 41}"
ETHUSDT,60,BB_20_25_EMA200,TP_x2,238,43.358409,23.226814,38.57,140,54,6.3446,543.358409,12,False,False,False,12,131,24.294385651903198,66,"{""end_of_data"": 1, ""initial_sl"": 66, ""signal_reverse"": 20, ""take_profit"": 53}"
ETHUSDT,60,BB_20_25_EMA200,TRAIL_a0.06_t0.04,238,-33.758781,-59.667383,34.13,126,43,13.8926,466.241219,12,False,False,False,12,121,-58.59981161379672,58,"{""end_of_data"": 1, ""initial_sl"": 58, ""signal_reverse"": 22, ""trailing_sl"": 45}"
ETHUSDT,60,BB_20_25_EMA200,TRAIL_a0.03_t0.02,238,-123.763391,-123.16749,46.51,172,80,26.0737,376.236609,12,False,False,False,12,160,-123.16748970210351,67,"{""initial_sl"": 67, ""signal_reverse"": 10, ""trailing_sl"": 95}"
ETHUSDT,60,EMA3_21_50_200,NO_TRAIL,120,35.640317,-8.939433,25.76,66,17,11.0488,535.640317,12,False,False,False,12,63,23.543347512486026,44,"{""end_of_data"": 1, ""initial_sl"": 44, ""signal_reverse"": 21}"
ETHUSDT,60,EMA3_21_50_200,TP_x2,120,-46.208776,-71.637111,30.61,98,30,14.91,453.791224,12,False,False,False,12,91,-71.63711075200686,62,"{""initial_sl"": 62, ""signal_reverse"": 6, ""take_profit"": 30}"
ETHUSDT,60,EMA3_21_50_200,TRAIL_a0.06_t0.04,120,-90.32057,-125.448914,27.84,97,27,24.9018,409.67943,12,False,False,False,12,91,-125.44891416227969,62,"{""initial_sl"": 62, ""signal_reverse"": 6, ""trailing_sl"": 29}"
ETHUSDT,60,EMA3_21_50_200,TRAIL_a0.03_t0.02,120,-100.911838,-112.278636,43.27,104,45,22.2153,399.088162,12,False,False,False,12,95,-112.27863595147025,50,"{""initial_sl"": 50, ""signal_reverse"": 3, ""trailing_sl"": 51}"
ETHUSDT,60,EMA3_13_50_200,NO_TRAIL,147,34.620516,-9.959234,25.76,66,17,11.1198,534.620516,12,False,False,False,12,63,22.52354645162955,44,"{""end_of_data"": 1, ""initial_sl"": 44, ""signal_reverse"": 21}"
ETHUSDT,60,EMA3_13_50_200,TP_x2,147,-51.320068,-76.748403,30.48,105,32,16.7768,448.679932,12,False,False,False,12,98,-76.74840259117772,66,"{""initial_sl"": 66, ""signal_reverse"": 7, ""take_profit"": 32}"
ETHUSDT,60,EMA3_13_50_200,TRAIL_a0.06_t0.04,147,-94.429029,-129.579103,28.16,103,29,26.3796,405.570971,12,False,False,False,12,97,-129.57910343773312,65,"{""initial_sl"": 65, ""signal_reverse"": 7, ""trailing_sl"": 31}"
ETHUSDT,60,EMA3_13_50_200,TRAIL_a0.03_t0.02,147,-96.162677,-111.14078,45.76,118,54,22.4109,403.837323,12,False,False,False,12,109,-111.14077989626652,53,"{""initial_sl"": 53, ""signal_reverse"": 4, ""trailing_sl"": 61}"
ETHUSDT,60,BB_20_2_EMA200,NO_TRAIL,449,-2.184976,-36.227902,24.62,130,32,16.5834,497.815024,12,False,False,False,12,125,-11.480285147112662,43,"{""end_of_data"": 1, ""initial_sl"": 43, ""signal_reverse"": 86}"
ETHUSDT,60,BB_20_2_EMA200,TP_x2,449,-82.463444,-88.502293,29.63,216,64,24.5969,417.536556,12,False,False,False,12,200,-88.50229337263099,93,"{""initial_sl"": 93, ""signal_reverse"": 65, ""take_profit"": 58}"
ETHUSDT,60,BB_20_2_EMA200,TRAIL_a0.06_t0.04,449,-164.315403,-178.06998,26.4,197,52,37.1474,335.684597,12,False,False,False,12,187,-178.06998045648325,82,"{""initial_sl"": 82, ""signal_reverse"": 65, ""trailing_sl"": 50}"
ETHUSDT,60,BB_20_2_EMA200,TRAIL_a0.03_t0.02,449,-248.439527,-249.085988,40.75,265,108,50.891,251.560473,12,False,False,False,12,248,-249.08598817856682,94,"{""initial_sl"": 94, ""signal_reverse"": 47, ""trailing_sl"": 124}"
ETHUSDT,60,DONCHIAN_55,NO_TRAIL,78,19.069746,-14.108667,29.49,78,23,11.2137,519.069746,12,False,False,False,12,76,25.70974604977342,40,"{""initial_sl"": 40, ""signal_reverse"": 38}"
BTCUSDT,240,EMA_50_200,NO_TRAIL,15,27.738126,-17.214657,20.0,15,3,10.6933,527.738126,12,False,False,False,8,14,31.06262576136258,11,"{""end_of_data"": 1, ""initial_sl"": 11, ""signal_reverse"": 3}"
BTCUSDT,240,EMA_50_200,TP_x2,15,31.182,28.8355,60.0,15,9,2.3183,531.182,12,False,False,False,8,13,28.8355,6,"{""initial_sl"": 6, ""take_profit"": 9}"
BTCUSDT,240,EMA_50_200,TRAIL_a0.06_t0.04,15,7.068865,8.603596,60.0,15,9,2.8217,507.068865,12,False,False,False,8,13,8.603596012674224,6,"{""initial_sl"": 6, ""trailing_sl"": 9}"
BTCUSDT,240,EMA_50_200,TRAIL_a0.03_t0.02,15,2.189741,4.092446,73.33,15,11,1.1377,502.189741,12,False,False,False,8,13,4.092445857384665,3,"{""initial_sl"": 3, ""trailing_sl"": 12}"
BTCUSDT,240,BB_20_25_EMA200,NO_TRAIL,48,49.895007,12.864551,25.0,24,6,8.2546,549.895007,12,False,False,False,10,23,53.2105070000318,18,"{""end_of_data"": 1, ""initial_sl"": 18, ""signal_reverse"": 5}"
BTCUSDT,240,BB_20_25_EMA200,TP_x2,48,-16.7825,-21.4935,32.56,43,14,7.032,483.2175,12,False,False,False,12,39,-21.49349999999999,29,"{""initial_sl"": 29, ""take_profit"": 14}"
BTCUSDT,240,BB_20_25_EMA200,TRAIL_a0.06_t0.04,48,-24.7374,-33.011026,28.21,39,11,8.6109,475.2626,12,False,False,False,12,35,-33.01102559945538,26,"{""initial_sl"": 26, ""trailing_sl"": 13}"
BTCUSDT,240,BB_20_25_EMA200,TRAIL_a0.03_t0.02,48,-58.752543,-57.809781,34.09,44,15,12.3582,441.247457,12,False,False,False,12,40,-57.80978131091627,23,"{""initial_sl"": 23, ""trailing_sl"": 21}"
BTCUSDT,240,EMA3_21_50_200,NO_TRAIL,30,65.632771,20.679988,21.05,19,4,10.1211,565.632771,12,False,False,False,10,18,68.95727074968913,14,"{""end_of_data"": 1, ""initial_sl"": 14, ""signal_reverse"": 4}"
BTCUSDT,240,EMA3_21_50_200,TP_x2,30,33.013,30.6665,50.0,28,14,2.7387,533.013,12,False,False,False,12,26,30.66649999999998,14,"{""initial_sl"": 14, ""take_profit"": 14}"
BTCUSDT,240,EMA3_21_50_200,TRAIL_a0.06_t0.04,30,10.149677,11.684408,50.0,28,14,3.3237,510.149677,12,False,False,False,12,26,11.684408410424403,14,"{""initial_sl"": 14, ""trailing_sl"": 14}"
BTCUSDT,240,EMA3_21_50_200,TRAIL_a0.03_t0.02,30,0.331528,2.234232,65.52,29,19,2.6312,500.331528,12,False,False,False,12,27,2.2342323029842572,8,"{""initial_sl"": 8, ""trailing_sl"": 21}"
BTCUSDT,240,EMA3_13_50_200,NO_TRAIL,37,59.09876,14.145977,19.05,21,4,11.2645,559.09876,12,False,False,False,10,20,62.423259667461366,16,"{""end_of_data"": 1, ""initial_sl"": 16, ""signal_reverse"": 4}"
BTCUSDT,240,EMA3_13_50_200,TP_x2,37,28.7195,26.373,46.88,32,15,3.5972,528.7195,12,False,False,False,11,30,26.373,17,"{""initial_sl"": 17, ""take_profit"": 15}"
BTCUSDT,240,EMA3_13_50_200,TRAIL_a0.06_t0.04,37,5.829129,7.363861,46.88,32,15,3.9324,505.829129,12,False,False,False,11,30,7.363860731064977,17,"{""initial_sl"": 17, ""trailing_sl"": 15}"
BTCUSDT,240,EMA3_13_50_200,TRAIL_a0.03_t0.02,37,-10.96527,-9.062566,59.46,37,22,5.2582,489.03473,12,False,False,False,11,35,-9.06256581337189,13,"{""initial_sl"": 13, ""trailing_sl"": 24}"
BTCUSDT,240,BB_20_2_EMA200,NO_TRAIL,103,1.540852,-40.807672,19.51,41,8,14.0546,501.540852,12,False,False,False,11,41,1.5408517265029644,31,"{""end_of_data"": 1, ""initial_sl"": 31, ""signal_reverse"": 9}"
BTCUSDT,240,BB_20_2_EMA200,TP_x2,103,-31.391836,-41.773836,32.0,75,24,10.4587,468.608164,12,False,False,False,12,70,-41.77383624832629,49,"{""initial_sl"": 49, ""signal_reverse"": 2, ""take_profit"": 24}"
BTCUSDT,240,BB_20_2_EMA200,TRAIL_a0.06_t0.04,103,-67.634876,-77.474557,27.94,68,19,16.5383,432.365124,12,False,False,False,12,64,-77.47455695686851,45,"{""initial_sl"": 45, ""signal_reverse"": 2, ""trailing_sl"": 21}"
BTCUSDT,240,BB_20_2_EMA200,TRAIL_a0.03_t0.02,103,-117.095116,-121.928867,33.73,83,28,24.539,382.904884,12,False,False,False,12,78,-121.92886666118164,45,"{""initial_sl"": 45, ""signal_reverse"": 1, ""trailing_sl"": 37}"
BTCUSDT,240,DONCHIAN_55,NO_TRAIL,18,49.108942,11.051945,22.22,18,4,7.6017,549.108942,12,False,False,False,8,18,49.10894167759777,14,"{""initial_sl"": 14, ""signal_reverse"": 4}"
BTCUSDT,60,EMA_50_200,NO_TRAIL,66,31.735598,-21.234842,24.24,66,16,11.1577,531.735598,12,False,False,False,12,65,19.35273756188646,27,"{""end_of_data"": 1, ""initial_sl"": 27, ""signal_reverse"": 38}"
BTCUSDT,60,EMA_50_200,TP_x2,66,-6.682399,-12.353399,31.82,66,21,8.2593,493.317601,12,False,False,False,12,65,-12.353398642377524,25,"{""initial_sl"": 25, ""signal_reverse"": 22, ""take_profit"": 19}"
BTCUSDT,60,EMA_50_200,TRAIL_a0.06_t0.04,66,1.349142,-3.862577,31.82,66,21,7.5308,501.349142,12,False,False,False,12,65,-3.8625769331255704,25,"{""initial_sl"": 25, ""signal_reverse"": 22, ""trailing_sl"": 19}"
BTCUSDT,60,EMA_50_200,TRAIL_a0.03_t0.02,66,-25.861284,-29.217657,43.94,66,29,9.5242,474.138716,12,False,False,False,12,65,-29.21765706809344,20,"{""initial_sl"": 20, ""signal_reverse"": 16, ""trailing_sl"": 30}"
BTCUSDT,60,BB_20_25_EMA200,NO_TRAIL,235,12.343151,-13.588079,30.12,83,25,10.1127,512.343151,12,False,False,False,12,78,-10.982560107033954,29,"{""end_of_data"": 1, ""initial_sl"": 29, ""signal_reverse"": 53}"
BTCUSDT,60,BB_20_25_EMA200,TP_x2,235,-3.683052,-20.094551,34.43,122,42,8.6589,496.316948,12,False,False,False,12,114,-20.09455104540241,51,"{""initial_sl"": 51, ""signal_reverse"": 34, ""take_profit"": 37}"
BTCUSDT,60,BB_20_25_EMA200,TRAIL_a0.06_t0.04,235,-28.417936,-49.852692,29.63,108,32,12.6841,471.582064,12,False,False,False,12,102,-49.8526919949521,44,"{""initial_sl"": 44, ""signal_reverse"": 35, ""trailing_sl"": 29}"
BTCUSDT,60,BB_20_25_EMA200,TRAIL_a0.03_t0.02,235,-99.011295,-97.941494,44.08,152,67,22.3109,400.988705,12,False,False,False,12,140,-97.94149392818099,50,"{""initial_sl"": 50, ""signal_reverse"": 24, ""trailing_sl"": 78}"
BTCUSDT,60,EMA3_21_50_200,NO_TRAIL,120,13.668869,-39.301571,21.74,69,15,14.2487,513.668869,12,False,False,False,12,68,1.2860093066941043,33,"{""end_of_data"": 1, ""initial_sl"": 33, ""signal_reverse"": 35}"
BTCUSDT,60,EMA3_21_50_200,TP_x2,120,-32.174579,-49.187579,30.34,89,27,11.4296,467.825421,12,False,False,False,12,86,-49.18757941350951,42,"{""initial_sl"": 42, ""signal_reverse"": 22, ""take_profit"": 25}"
BTCUSDT,60,EMA3_21_50_200,TRAIL_a0.06_t0.04,120,-8.807561,-45.142415,29.07,86,25,11.1668,491.192439,12,False,False,False,12,83,-45.142415186104785,41,"{""initial_sl"": 41, ""signal_reverse"": 22, ""trailing_sl"": 23}"
BTCUSDT,60,EMA3_21_50_200,TRAIL_a0.03_t0.02,120,-53.409819,-64.821681,48.0,100,48,14.28,446.590181,12,False,False,False,12,97,-64.82168090102058,38,"{""initial_sl"": 38, ""signal_reverse"": 13, ""trailing_sl"": 49}"
BTCUSDT,60,EMA3_13_50_200,NO_TRAIL,141,33.241853,-19.728587,23.88,67,16,10.9,533.241853,12,False,False,False,12,66,20.858993295593027,30,"{""end_of_data"": 1, ""initial_sl"": 30, ""signal_reverse"": 36}"
BTCUSDT,60,EMA3_13_50_200,TP_x2,141,-20.104302,-30.486302,31.91,94,30,8.0663,479.895698,12,False,False,False,12,89,-30.486302370410666,43,"{""initial_sl"": 43, ""signal_reverse"": 23, ""take_profit"": 28}"
BTCUSDT,60,EMA3_13_50_200,TRAIL_a0.06_t0.04,141,1.921655,-31.069547,31.46,89,28,8.6146,501.921655,12,False,False,False,12,85,-31.069546542651622,41,"{""initial_sl"": 41, ""signal_reverse"": 22, ""trailing_sl"": 26}"
BTCUSDT,60,EMA3_13_50_200,TRAIL_a0.03_t0.02,141,-56.992359,-61.764212,47.62,105,50,14.1345,443.007641,12,False,False,False,12,100,-61.76421209942886,40,"{""initial_sl"": 40, ""signal_reverse"": 14, ""trailing_sl"": 51}"
BTCUSDT,60,BB_20_2_EMA200,NO_TRAIL,435,29.787679,5.684958,31.82,110,35,7.7984,529.787679,12,False,False,False,12,103,8.290477350354635,24,"{""end_of_data"": 1, ""initial_sl"": 24, ""signal_reverse"": 85}"
BTCUSDT,60,BB_20_2_EMA200,TP_x2,435,8.821955,-2.285786,31.9,163,52,7.1135,508.821955,12,False,False,False,12,152,-2.285785776992343,54,"{""initial_sl"": 54, ""signal_reverse"": 62, ""take_profit"": 47}"
BTCUSDT,60,BB_20_2_EMA200,TRAIL_a0.06_t0.04,435,-15.850006,-35.451896,28.78,139,40,10.0064,484.149994,12,False,False,False,12,131,-35.4518961098446,40,"{""initial_sl"": 40, ""signal_reverse"": 62, ""trailing_sl"": 37}"
BTCUSDT,60,BB_20_2_EMA200,TRAIL_a0.03_t0.02,435,-121.285785,-117.863768,44.71,208,93,27.1658,378.714215,12,False,False,False,12,192,-117.86376831690409,58,"{""initial_sl"": 58, ""signal_reverse"": 47, ""trailing_sl"": 103}"
BTCUSDT,60,DONCHIAN_55,NO_TRAIL,76,14.690185,10.888091,34.21,76,26,6.7252,514.690185,12,False,False,False,12,70,-0.8102082971683355,33,"{""end_of_data"": 1, ""initial_sl"": 33, ""signal_reverse"": 42}"
XRPUSDT,240,EMA_50_200,NO_TRAIL,15,303.541131,299.735189,13.33,15,2,20.1192,803.541131,12,False,False,False,7,12,312.38151444073515,12,"{""initial_sl"": 12, ""signal_reverse"": 3}"
XRPUSDT,240,EMA_50_200,TP_x2,15,14.306117,17.4755,46.67,15,7,2.4342,514.306117,12,False,False,False,9,11,17.47550000000001,7,"{""initial_sl"": 7, ""signal_reverse"": 1, ""take_profit"": 7}"
XRPUSDT,240,EMA_50_200,TRAIL_a0.06_t0.04,15,-10.605819,-7.789388,33.33,15,5,3.7797,489.394181,12,False,False,False,9,11,-7.789388044115041,7,"{""initial_sl"": 7, ""signal_reverse"": 1, ""trailing_sl"": 7}"
XRPUSDT,240,EMA_50_200,TRAIL_a0.03_t0.02,15,-11.597745,-6.704434,33.33,15,5,2.6199,488.402255,12,False,False,False,9,11,-6.7044335370338946,3,"{""initial_sl"": 3, ""signal_reverse"": 1, ""trailing_sl"": 11}"
XRPUSDT,240,BB_20_25_EMA200,NO_TRAIL,61,227.554672,213.405353,17.24,29,5,20.6602,727.554672,12,False,False,False,11,28,227.71888727029418,21,"{""end_of_data"": 1, ""initial_sl"": 21, ""signal_reverse"": 7}"
XRPUSDT,240,BB_20_25_EMA200,TP_x2,61,29.02341,24.29441,43.14,51,22,6.1552,529.02341,12,False,False,False,12,47,24.294410306082874,28,"{""initial_sl"": 28, ""signal_reverse"": 1, ""take_profit"": 22}"
XRPUSDT,240,BB_20_25_EMA200,TRAIL_a0.06_t0.04,61,-42.473547,-44.520273,34.0,50,17,10.1175,457.526453,12,False,False,False,12,46,-44.52027274765447,27,"{""initial_sl"": 27, ""signal_reverse"": 1, ""trailing_sl"": 22}"
XRPUSDT,240,BB_20_25_EMA200,TRAIL_a0.03_t0.02,61,-71.813068,-68.170461,23.73,59,14,15.3377,428.186932,12,False,False,False,12,54,-68.17046108014138,22,"{""initial_sl"": 22, ""signal_reverse"": 1, ""trailing_sl"": 36}"
XRPUSDT,240,EMA3_21_50_200,NO_TRAIL,34,303.821275,300.015333,14.29,21,3,20.4695,803.821275,12,False,False,False,8,18,312.66165817480976,17,"{""end_of_data"": 1, ""initial_sl"": 17, ""signal_reverse"": 3}"
XRPUSDT,240,EMA3_21_50_200,TP_x2,34,56.902117,54.4005,56.25,32,18,3.0525,556.902117,12,False,False,False,11,27,54.40049999999994,13,"{""initial_sl"": 13, ""signal_reverse"": 1, ""take_profit"": 18}"
XRPUSDT,240,EMA3_21_50_200,TRAIL_a0.06_t0.04,34,-2.870268,0.105775,43.75,32,14,4.2198,497.129732,12,False,False,False,11,27,0.10577536529007814,13,"{""initial_sl"": 13, ""signal_reverse"": 1, ""trailing_sl"": 18}"
XRPUSDT,240,EMA3_21_50_200,TRAIL_a0.03_t0.02,34,-27.859264,-22.80634,31.25,32,10,5.6169,472.140736,12,False,False,False,11,27,-22.80633999952386,8,"{""initial_sl"": 8, ""signal_reverse"": 1, ""trailing_sl"": 23}"
XRPUSDT,240,EMA3_13_50_200,NO_TRAIL,35,300.016927,296.210985,13.64,22,3,20.4695,800.016927,12,False,False,False,8,19,308.8573105033298,18,"{""end_of_data"": 1, ""initial_sl"": 18, ""signal_reverse"": 3}"
XRPUSDT,240,EMA3_13_50_200,TP_x2,35,53.586617,51.085,54.55,33,18,3.0933,553.586617,12,False,False,False,12,28,51.084999999999994,14,"{""initial_sl"": 14, ""signal_reverse"": 1, ""take_profit"": 18}"
XRPUSDT,240,EMA3_13_50_200,TRAIL_a0.06_t0.04,35,-5.27183,-3.726058,45.45,33,15,3.6458,494.72817,12,False,False,False,12,28,-3.726058345398162,14,"{""initial_sl"": 14, ""signal_reverse"": 1, ""trailing_sl"": 18}"
XRPUSDT,240,EMA3_13_50_200,TRAIL_a0.03_t0.02,35,-31.909147,-27.922812,29.41,34,10,6.4273,468.090853,12,False,False,False,12,29,-27.922811689014306,9,"{""initial_sl"": 9, ""signal_reverse"": 1, ""trailing_sl"": 24}"
XRPUSDT,240,BB_20_2_EMA200,NO_TRAIL,107,225.530632,219.531213,17.5,40,7,20.2975,725.530632,12,False,False,False,11,37,233.84474706912894,28,"{""end_of_data"": 1, ""initial_sl"": 28, ""signal_reverse"": 11}"
XRPUSDT,240,BB_20_2_EMA200,TP_x2,107,53.826854,46.742354,44.3,79,35,4.2982,553.826854,12,False,False,False,12,73,46.74235445808146,42,"{""initial_sl"": 42, ""signal_reverse"": 2, ""take_profit"": 35}"
XRPUSDT,240,BB_20_2_EMA200,TRAIL_a0.06_t0.04,107,-70.921166,-69.492779,29.49,78,23,15.1923,429.078834,12,False,False,False,12,72,-69.49277940222176,38,"{""initial_sl"": 38, ""signal_reverse"": 2, ""trailing_sl"": 38}"
XRPUSDT,240,BB_20_2_EMA200,TRAIL_a0.03_t0.02,107,-104.954978,-100.346034,24.47,94,23,21.4963,395.045022,12,False,False,False,12,86,-100.3460335083491,33,"{""initial_sl"": 33, ""signal_reverse"": 1, ""trailing_sl"": 60}"
XRPUSDT,240,DONCHIAN_55,NO_TRAIL,24,221.777946,225.093446,12.5,24,3,20.2287,721.777946,12,False,False,False,11,23,225.09344578722144,19,"{""end_of_data"": 1, ""initial_sl"": 19, ""signal_reverse"": 4}"
XRPUSDT,60,EMA_50_200,NO_TRAIL,60,241.780679,247.626763,20.0,60,12,20.1439,741.780679,12,False,False,False,12,54,230.6129283609056,34,"{""end_of_data"": 1, ""initial_sl"": 34, ""signal_reverse"": 25}"
XRPUSDT,60,EMA_50_200,TP_x2,60,46.90216,42.510367,43.33,60,26,3.5617,546.90216,12,False,False,False,12,55,42.510366861972265,25,"{""initial_sl"": 25, ""signal_reverse"": 10, ""take_profit"": 25}"
XRPUSDT,60,EMA_50_200,TRAIL_a0.06_t0.04,60,-1.371267,-6.411662,38.33,60,23,6.0732,498.628733,12,False,False,False,12,55,-6.41166235534222,25,"{""initial_sl"": 25, ""signal_reverse"": 10, ""trailing_sl"": 25}"
XRPUSDT,60,EMA_50_200,TRAIL_a0.03_t0.02,60,-21.626726,-29.950343,48.33,60,29,6.4041,478.373274,12,False,False,False,12,55,-29.950343211391615,17,"{""initial_sl"": 17, ""signal_reverse"": 5, ""trailing_sl"": 38}"
XRPUSDT,60,BB_20_25_EMA200,NO_TRAIL,242,276.210863,295.322632,25.0,88,22,16.265,776.210863,12,False,False,False,12,77,277.08233839212954,47,"{""end_of_data"": 1, ""initial_sl"": 47, ""signal_reverse"": 40}"
XRPUSDT,60,BB_20_25_EMA200,TP_x2,242,-42.167258,-23.913584,33.12,154,51,10.7893,457.832742,12,False,False,False,12,142,-23.91358359342036,87,"{""initial_sl"": 87, ""signal_reverse"": 20, ""take_profit"": 47}"
XRPUSDT,60,BB_20_25_EMA200,TRAIL_a0.06_t0.04,242,-164.310061,-141.799963,26.32,152,40,34.119,335.689939,12,False,False,False,12,140,-141.79996339261945,85,"{""initial_sl"": 85, ""signal_reverse"": 20, ""trailing_sl"": 47}"
XRPUSDT,60,BB_20_25_EMA200,TRAIL_a0.03_t0.02,242,-209.585186,-188.373991,35.68,185,66,42.2089,290.414814,12,False,False,False,12,171,-188.37399058040856,76,"{""initial_sl"": 76, ""signal_reverse"": 11, ""trailing_sl"": 98}"
XRPUSDT,60,EMA3_21_50_200,NO_TRAIL,120,223.664362,231.544601,18.06,72,13,20.0121,723.664362,12,False,False,False,12,65,214.53076655070987,43,"{""end_of_data"": 1, ""initial_sl"": 43, ""signal_reverse"": 28}"
XRPUSDT,60,EMA3_21_50_200,TP_x2,120,-19.155282,-18.19742,32.99,97,32,7.8827,480.844718,12,False,False,False,12,90,-18.197420447097294,54,"{""initial_sl"": 54, ""signal_reverse"": 12, ""take_profit"": 31}"
XRPUSDT,60,EMA3_21_50_200,TRAIL_a0.06_t0.04,120,-54.467101,-54.157842,29.9,97,29,13.6334,445.532899,12,False,False,False,12,90,-54.15784212627102,54,"{""initial_sl"": 54, ""signal_reverse"": 12, ""trailing_sl"": 31}"
XRPUSDT,60,EMA3_21_50_200,TRAIL_a0.03_t0.02,120,-91.778577,-91.224814,40.19,107,43,19.5078,408.221423,12,False,False,False,12,96,-91.22481406482925,40,"{""initial_sl"": 40, ""signal_reverse"": 9, ""trailing_sl"": 58}"
XRPUSDT,60,EMA3_13_50_200,NO_TRAIL,146,212.211737,219.415138,16.88,77,13,20.5506,712.211737,12,False,False,False,12,70,202.4013031843408,45,"{""end_of_data"": 1, ""initial_sl"": 45, ""signal_reverse"": 31}"
XRPUSDT,60,EMA3_13_50_200,TP_x2,146,-7.425407,-3.828884,34.21,114,39,8.8277,492.574593,12,False,False,False,12,106,-3.828883813466451,61,"{""initial_sl"": 61, ""signal_reverse"": 15, ""take_profit"": 38}"
XRPUSDT,60,EMA3_13_50_200,TRAIL_a0.06_t0.04,146,-63.918725,-60.970804,31.58,114,36,15.6169,436.081275,12,False,False,False,12,106,-60.97080395463511,61,"{""initial_sl"": 61, ""signal_reverse"": 15, ""trailing_sl"": 38}"
XRPUSDT,60,EMA3_13_50_200,TRAIL_a0.03_t0.02,146,-116.404712,-113.239387,40.77,130,53,24.23,383.595288,12,False,False,False,12,118,-113.23938663118203,49,"{""initial_sl"": 49, ""signal_reverse"": 11, ""trailing_sl"": 70}"
XRPUSDT,60,BB_20_2_EMA200,NO_TRAIL,448,241.927919,262.683742,22.22,126,28,19.0609,741.927919,12,False,False,False,12,113,244.44344836107655,50,"{""end_of_data"": 1, ""initial_sl"": 50, ""signal_reverse"": 75}"
XRPUSDT,60,BB_20_2_EMA200,TP_x2,448,16.081882,34.157471,35.47,234,83,11.2988,516.081882,12,False,False,False,12,217,34.15747114339362,108,"{""initial_sl"": 108, ""signal_reverse"": 47, ""take_profit"": 79}"
XRPUSDT,60,BB_20_2_EMA200,TRAIL_a0.06_t0.04,448,-194.150244,-177.115862,28.9,218,63,41.2721,305.849756,12,False,False,False,12,203,-177.11586210197578,98,"{""initial_sl"": 98, ""signal_reverse"": 47, ""trailing_sl"": 73}"
XRPUSDT,60,BB_20_2_EMA200,TRAIL_a0.03_t0.02,448,-271.266983,-242.169436,35.61,278,99,56.0738,228.733017,12,False,False,False,12,258,-242.16943623967137,94,"{""initial_sl"": 94, ""signal_reverse"": 33, ""trailing_sl"": 151}"
XRPUSDT,60,DONCHIAN_55,NO_TRAIL,76,139.118567,156.512601,22.37,76,17,12.5312,639.118567,12,False,False,False,12,69,156.5126010310631,50,"{""initial_sl"": 50, ""signal_reverse"": 26}"
DOGEUSDT,240,EMA_50_200,NO_TRAIL,13,83.267149,38.057393,23.08,13,3,14.7012,583.267149,12,False,False,False,7,12,85.73634598637608,9,"{""initial_sl"": 9, ""signal_reverse"": 4}"
DOGEUSDT,240,EMA_50_200,TP_x2,13,29.690803,26.489,61.54,13,8,1.9493,529.690803,12,False,False,False,8,11,26.48899999999997,4,"{""initial_sl"": 4, ""signal_reverse"": 1, ""take_profit"": 8}"
DOGEUSDT,240,EMA_50_200,TRAIL_a0.06_t0.04,13,2.915719,0.981856,46.15,13,6,2.3741,502.915719,12,False,False,False,8,11,0.9818562433826781,4,"{""initial_sl"": 4, ""signal_reverse"": 1, ""trailing_sl"": 8}"
DOGEUSDT,240,EMA_50_200,TRAIL_a0.03_t0.02,13,-11.717533,-7.63452,30.77,13,4,2.4244,488.282467,12,False,False,False,8,11,-7.634519667538618,3,"{""initial_sl"": 3, ""signal_reverse"": 1, ""trailing_sl"": 9}"
DOGEUSDT,240,BB_20_25_EMA200,NO_TRAIL,56,133.989115,111.903223,17.86,28,5,18.1546,633.989115,12,False,False,False,10,25,143.93561504061114,23,"{""end_of_data"": 1, ""initial_sl"": 23, ""signal_reverse"": 4}"
DOGEUSDT,240,BB_20_25_EMA200,TP_x2,56,7.378,5.9825,38.46,52,20,4.9427,507.378,12,False,False,False,12,47,5.982500000000028,32,"{""initial_sl"": 32, ""take_profit"": 20}"
DOGEUSDT,240,BB_20_25_EMA200,TRAIL_a0.06_t0.04,56,-73.636713,-68.869765,28.85,52,15,14.7419,426.363287,12,False,False,False,12,47,-68.86976538812317,32,"{""initial_sl"": 32, ""trailing_sl"": 20}"
DOGEUSDT,240,BB_20_25_EMA200,TRAIL_a0.03_t0.02,56,-74.101563,-63.722894,18.18,55,10,14.8348,425.898437,12,False,False,False,12,49,-63.722894295228116,23,"{""initial_sl"": 23, ""trailing_sl"": 32}"
DOGEUSDT,240,EMA3_21_50_200,NO_TRAIL,22,271.138616,225.928859,29.41,17,5,20.0067,771.138616,12,False,False,False,9,16,273.60781251824574,11,"{""end_of_data"": 1, ""initial_sl"": 11, ""signal_reverse"": 5}"
DOGEUSDT,240,EMA3_21_50_200,TP_x2,22,39.103803,35.902,57.14,21,12,1.9357,539.103803,12,False,False,False,11,19,35.901999999999944,8,"{""initial_sl"": 8, ""signal_reverse"": 1, ""take_profit"": 12}"
DOGEUSDT,240,EMA3_21_50_200,TRAIL_a0.06_t0.04,22,-2.305946,-4.239808,47.62,21,10,3.9767,497.694054,12,False,False,False,11,19,-4.239808438478288,8,"{""initial_sl"": 8, ""signal_reverse"": 1, ""trailing_sl"": 12}"
DOGEUSDT,240,EMA3_21_50_200,TRAIL_a0.03_t0.02,22,-17.022477,-15.303135,36.36,22,8,3.4956,482.977523,12,False,False,False,11,19,-15.303134839852724,6,"{""initial_sl"": 6, ""signal_reverse"": 1, ""trailing_sl"": 15}"
DOGEUSDT,240,EMA3_13_50_200,NO_TRAIL,33,254.061141,208.851384,22.73,22,5,20.3005,754.061141,12,False,False,False,9,21,256.53033766151134,16,"{""end_of_data"": 1, ""initial_sl"": 16, ""signal_reverse"": 5}"
DOGEUSDT,240,EMA3_13_50_200,TP_x2,33,41.930803,33.058,51.61,31,16,1.9136,541.930803,12,False,False,False,12,28,33.05800000000001,14,"{""initial_sl"": 14, ""signal_reverse"": 1, ""take_profit"": 16}"
DOGEUSDT,240,EMA3_13_50_200,TRAIL_a0.06_t0.04,33,-13.409673,-22.761032,38.71,31,12,5.1487,486.590327,12,False,False,False,12,28,-22.76103249902588,14,"{""initial_sl"": 14, ""signal_reverse"": 1, ""trailing_sl"": 16}"
DOGEUSDT,240,EMA3_13_50_200,TRAIL_a0.03_t0.02,33,-35.286443,-31.32704,30.3,33,10,7.0573,464.713557,12,False,False,False,12,28,-31.32703993416703,11,"{""initial_sl"": 11, ""signal_reverse"": 1, ""trailing_sl"": 21}"
DOGEUSDT,240,BB_20_2_EMA200,NO_TRAIL,106,295.667322,253.761911,21.05,38,8,17.6683,795.667322,12,False,False,False,10,36,301.10721079837174,29,"{""end_of_data"": 1, ""initial_sl"": 29, ""signal_reverse"": 8}"
DOGEUSDT,240,BB_20_2_EMA200,TP_x2,106,-1.537389,-6.4795,36.56,93,34,6.3017,498.462611,12,False,False,False,12,86,-6.4794999999999,58,"{""initial_sl"": 58, ""signal_reverse"": 1, ""take_profit"": 34}"
DOGEUSDT,240,BB_20_2_EMA200,TRAIL_a0.06_t0.04,106,-120.534995,-117.810454,28.26,92,26,24.3756,379.465005,12,False,False,False,12,85,-117.81045351156497,55,"{""initial_sl"": 55, ""signal_reverse"": 1, ""trailing_sl"": 36}"
DOGEUSDT,240,BB_20_2_EMA200,TRAIL_a0.03_t0.02,106,-142.217854,-132.160531,18.0,100,18,28.4558,357.782146,12,False,False,False,12,92,-132.16053072661495,42,"{""initial_sl"": 42, ""signal_reverse"": 1, ""trailing_sl"": 57}"
DOGEUSDT,240,DONCHIAN_55,NO_TRAIL,18,-25.39332,-22.07782,16.67,18,3,9.0758,474.60668,12,False,False,False,8,17,-22.077819943716452,15,"{""initial_sl"": 15, ""signal_reverse"": 3}"
DOGEUSDT,60,EMA_50_200,NO_TRAIL,52,231.594637,198.455864,23.08,52,12,13.5956,731.594637,12,False,False,False,12,45,214.09907565076577,30,"{""end_of_data"": 1, ""initial_sl"": 30, ""signal_reverse"": 21}"
DOGEUSDT,60,EMA_50_200,TP_x2,52,71.098127,61.449771,50.0,52,26,2.2215,571.098127,12,False,False,False,12,45,61.44977064225547,20,"{""initial_sl"": 20, ""signal_reverse"": 6, ""take_profit"": 26}"
DOGEUSDT,60,EMA_50_200,TRAIL_a0.06_t0.04,52,17.514517,9.695265,50.0,52,26,3.3965,517.514517,12,False,False,False,12,45,9.69526483763045,20,"{""initial_sl"": 20, ""signal_reverse"": 6, ""trailing_sl"": 26}"
DOGEUSDT,60,EMA_50_200,TRAIL_a0.03_t0.02,52,-36.194667,-34.284434,53.85,52,28,8.6737,463.805333,12,False,False,False,12,45,-34.284434400005686,17,"{""initial_sl"": 17, ""signal_reverse"": 5, ""trailing_sl"": 30}"
DOGEUSDT,60,BB_20_25_EMA200,NO_TRAIL,224,37.204934,32.468213,19.8,101,20,25.1035,537.204934,12,False,False,False,12,89,45.25820625089003,66,"{""end_of_data"": 1, ""initial_sl"": 66, ""signal_reverse"": 34}"
DOGEUSDT,60,BB_20_25_EMA200,TP_x2,224,-35.612218,-32.697893,33.72,172,58,11.9932,464.387782,12,False,False,False,12,158,-32.69789265845838,101,"{""initial_sl"": 101, ""signal_reverse"": 14, ""take_profit"": 57}"
DOGEUSDT,60,BB_20_25_EMA200,TRAIL_a0.06_t0.04,224,-163.557072,-151.891124,27.27,165,45,34.6488,336.442928,12,False,False,False,12,151,-151.89112367158657,98,"{""initial_sl"": 98, ""signal_reverse"": 13, ""trailing_sl"": 54}"
DOGEUSDT,60,BB_20_25_EMA200,TRAIL_a0.03_t0.02,224,-229.810732,-211.410653,35.03,197,69,46.1717,270.189268,12,False,False,False,12,181,-211.41065292498996,89,"{""initial_sl"": 89, ""signal_reverse"": 5, ""trailing_sl"": 103}"
DOGEUSDT,60,EMA3_21_50_200,NO_TRAIL,115,246.532599,213.444048,22.95,61,14,14.9594,746.532599,12,False,False,False,12,54,229.08725889154115,37,"{""end_of_data"": 1, ""initial_sl"": 37, ""signal_reverse"": 23}"
DOGEUSDT,60,EMA3_21_50_200,TP_x2,115,81.462334,66.193198,44.9,98,44,3.1138,581.462334,12,False,False,False,12,90,66.19319778851202,47,"{""initial_sl"": 47, ""signal_reverse"": 7, ""take_profit"": 44}"
DOGEUSDT,60,EMA3_21_50_200,TRAIL_a0.06_t0.04,115,0.063689,-10.14791,44.9,98,44,5.9337,500.063689,12,False,False,False,12,90,-10.14790963964628,47,"{""initial_sl"": 47, ""signal_reverse"": 7, ""trailing_sl"": 44}"
DOGEUSDT,60,EMA3_21_50_200,TRAIL_a0.03_t0.02,115,-94.684425,-96.463432,49.53,107,53,20.1896,405.315575,12,False,False,False,12,97,-96.46343246186774,45,"{""initial_sl"": 45, ""signal_reverse"": 5, ""trailing_sl"": 57}"
DOGEUSDT,60,EMA3_13_50_200,NO_TRAIL,141,233.940341,201.202985,21.54,65,14,15.4904,733.940341,12,False,False,False,12,58,216.84619625374768,40,"{""end_of_data"": 1, ""initial_sl"": 40, ""signal_reverse"": 24}"
DOGEUSDT,60,EMA3_13_50_200,TP_x2,141,70.355308,57.929034,42.73,110,47,3.7814,570.355308,12,False,False,False,12,101,57.9290344055527,54,"{""initial_sl"": 54, ""signal_reverse"": 9, ""take_profit"": 47}"
DOGEUSDT,60,EMA3_13_50_200,TRAIL_a0.06_t0.04,141,-12.340698,-20.554578,42.73,110,47,7.45,487.659302,12,False,False,False,12,101,-20.554577559057062,54,"{""initial_sl"": 54, ""signal_reverse"": 9, ""trailing_sl"": 47}"
DOGEUSDT,60,EMA3_13_50_200,TRAIL_a0.03_t0.02,141,-122.8109,-117.996146,43.9,123,54,25.1966,377.1891,12,False,False,False,12,112,-117.99614590612242,52,"{""initial_sl"": 52, ""signal_reverse"": 7, ""trailing_sl"": 64}"
DOGEUSDT,60,BB_20_2_EMA200,NO_TRAIL,451,128.20673,135.656989,22.3,139,31,21.1115,628.20673,12,False,False,False,12,120,150.8519080908779,76,"{""end_of_data"": 1, ""initial_sl"": 76, ""signal_reverse"": 62}"
DOGEUSDT,60,BB_20_2_EMA200,TP_x2,451,46.076023,70.213254,37.5,280,105,7.7953,546.076023,12,False,False,False,12,257,70.213254317828,151,"{""initial_sl"": 151, ""signal_reverse"": 25, ""take_profit"": 104}"
DOGEUSDT,60,BB_20_2_EMA200,TRAIL_a0.06_t0.04,451,-213.736942,-182.752391,31.42,261,82,44.9207,286.263058,12,False,False,False,12,238,-182.75239099903686,138,"{""initial_sl"": 138, ""signal_reverse"": 25, ""trailing_sl"": 98}"
DOGEUSDT,60,BB_20_2_EMA200,TRAIL_a0.03_t0.02,451,-400.112152,-361.597621,30.0,320,96,80.0725,99.887848,12,False,False,False,12,293,-361.59762080435996,141,"{""initial_sl"": 141, ""signal_reverse"": 15, ""trailing_sl"": 164}"
DOGEUSDT,60,DONCHIAN_55,NO_TRAIL,69,190.456583,197.914664,33.33,69,23,10.1347,690.456583,12,False,False,False,12,64,179.4708248103715,42,"{""end_of_data"": 1, ""initial_sl"": 42, ""signal_reverse"": 26}"
