symbol,month,n_trades,net_pnl,shared_losing
SOLUSDT,2024-03,396,-142.965711,True
SOLUSDT,2024-04,350,-77.6525,True
SOLUSDT,2024-05,250,-68.036527,True
SOLUSDT,2024-06,0,0.0,False
SOLUSDT,2024-07,0,0.0,False
SOLUSDT,2024-08,0,0.0,True
SOLUSDT,2024-09,0,0.0,True
SOLUSDT,2024-10,0,0.0,False
SOLUSDT,2024-11,0,0.0,False
SOLUSDT,2024-12,0,0.0,True
SOLUSDT,2025-01,0,0.0,False
SOLUSDT,2025-02,0,0.0,False
ETHUSDT,2024-03,379,-101.87379,True
ETHUSDT,2024-04,375,-99.096663,True
ETHUSDT,2024-05,252,-79.290806,True
ETHUSDT,2024-06,0,0.0,False
ETHUSDT,2024-07,0,0.0,False
ETHUSDT,2024-08,0,0.0,True
ETHUSDT,2024-09,0,0.0,True
ETHUSDT,2024-10,0,0.0,False
ETHUSDT,2024-11,0,0.0,False
ETHUSDT,2024-12,0,0.0,True
ETHUSDT,2025-01,0,0.0,False
ETHUSDT,2025-02,0,0.0,False
BTCUSDT,2024-03,379,-136.918638,True
BTCUSDT,2024-04,356,-102.723471,True
BTCUSDT,2024-05,0,0.0,True
BTCUSDT,2024-06,0,0.0,False
BTCUSDT,2024-07,0,0.0,False
BTCUSDT,2024-08,0,0.0,True
BTCUSDT,2024-09,0,0.0,True
BTCUSDT,2024-10,0,0.0,False
BTCUSDT,2024-11,0,0.0,False
BTCUSDT,2024-12,0,0.0,True
BTCUSDT,2025-01,0,0.0,False
BTCUSDT,2025-02,0,0.0,False
XRPUSDT,2024-03,373,-76.619744,True
XRPUSDT,2024-04,371,-58.539273,True
XRPUSDT,2024-05,344,-144.865156,True
XRPUSDT,2024-06,0,0.0,False
XRPUSDT,2024-07,0,0.0,False
XRPUSDT,2024-08,0,0.0,True
XRPUSDT,2024-09,0,0.0,True
XRPUSDT,2024-10,0,0.0,False
XRPUSDT,2024-11,0,0.0,False
XRPUSDT,2024-12,0,0.0,True
XRPUSDT,2025-01,0,0.0,False
XRPUSDT,2025-02,0,0.0,False
DOGEUSDT,2024-03,379,-147.236924,True
DOGEUSDT,2024-04,343,-141.034218,True
DOGEUSDT,2024-05,7,-4.633325,True
DOGEUSDT,2024-06,0,0.0,False
DOGEUSDT,2024-07,0,0.0,False
DOGEUSDT,2024-08,0,0.0,True
DOGEUSDT,2024-09,0,0.0,True
DOGEUSDT,2024-10,0,0.0,False
DOGEUSDT,2024-11,0,0.0,False
DOGEUSDT,2024-12,0,0.0,True
DOGEUSDT,2025-01,0,0.0,False
DOGEUSDT,2025-02,0,0.0,False
