symbol,interval,strategy,max_sl_pct,net_pnl,win_rate,n_trades,max_drawdown_pct,final_equity,survived
SOLUSDT,240,EMA_8_21,0.03,-401.682394,28.16,309,80.3669,98.317606,False
SOLUSDT,240,EMA_8_21,0.05,-403.56414,29.25,253,80.7128,96.43586,False
SOLUSDT,240,EMA_8_21,0.08,-405.065797,33.18,223,81.0132,94.934203,False
SOLUSDT,240,EMA_8_21,0.12,-402.550542,33.33,213,80.5101,97.449458,False
SOLUSDT,240,EMA_13_34_RSI14_55,0.03,-400.569136,27.84,291,80.2793,99.430864,False
SOLUSDT,240,EMA_13_34_RSI14_55,0.05,-400.716174,32.05,234,80.1432,99.283826,False
SOLUSDT,240,EMA_13_34_RSI14_55,0.08,-407.800185,38.18,220,81.6526,92.199815,False
SOLUSDT,240,EMA_13_34_RSI14_55,0.12,-402.225488,38.83,206,80.5433,97.774512,False
SOLUSDT,240,RSI14_7030,0.03,-401.412376,25.82,275,80.3369,98.587624,False
SOLUSDT,240,RSI14_7030,0.05,-395.636097,32.56,215,79.2583,104.363903,True
SOLUSDT,240,RSI14_7030,0.08,-401.957661,33.54,158,80.5051,98.042339,False
SOLUSDT,240,RSI14_7030,0.12,-339.924327,35.82,134,68.1702,160.075673,True
SOLUSDT,240,MACD_12_26_hist,0.03,-400.536178,24.57,289,80.138,99.463822,False
SOLUSDT,240,MACD_12_26_hist,0.05,-402.24436,26.72,232,80.4489,97.75564,False
SOLUSDT,240,MACD_12_26_hist,0.08,-403.873158,28.37,208,80.7746,96.126842,False
SOLUSDT,240,MACD_12_26_hist,0.12,-403.824365,29.23,195,80.7649,96.175635,False
SOLUSDT,240,MACD_RSI14_50,0.03,-400.431346,25.0,272,80.1266,99.568654,False
SOLUSDT,240,MACD_RSI14_50,0.05,-402.464712,27.65,217,80.4929,97.535288,False
SOLUSDT,240,MACD_RSI14_50,0.08,-402.282256,29.67,182,80.5546,97.717744,False
SOLUSDT,240,MACD_RSI14_50,0.12,-404.136002,30.46,174,80.9235,95.863998,False
SOLUSDT,240,BB_20_25_breakout,0.03,-99.540989,28.77,73,20.0057,400.459011,True
SOLUSDT,240,BB_20_25_breakout,0.05,-109.710883,34.72,72,22.1529,390.289117,True
SOLUSDT,240,BB_20_25_breakout,0.08,-122.52741,38.89,72,24.7093,377.47259,True
SOLUSDT,240,BB_20_25_breakout,0.12,-117.517944,40.28,72,23.7101,382.482056,True
SOLUSDT,240,BB_20_2_RSI14,0.03,-261.846536,22.4,183,52.3693,238.153464,True
SOLUSDT,240,BB_20_2_RSI14,0.05,-298.884728,27.68,177,59.7769,201.115272,True
SOLUSDT,240,BB_20_2_RSI14,0.08,-312.772624,34.88,172,62.5545,187.227376,True
SOLUSDT,240,BB_20_2_RSI14,0.12,-340.906763,35.5,169,68.1814,159.093237,True
SOLUSDT,240,ADX14_DI_20,0.03,-400.012393,23.76,282,80.1525,99.987607,False
SOLUSDT,240,ADX14_DI_20,0.05,-403.322076,26.1,249,80.8418,96.677924,False
SOLUSDT,240,ADX14_DI_20,0.08,-401.318399,28.63,234,80.4447,98.681601,False
SOLUSDT,240,ADX14_DI_20,0.12,-400.773743,28.76,226,80.3368,99.226257,False
SOLUSDT,240,STOCH14_cross,0.03,-401.400232,14.7,313,80.28,98.599768,False
SOLUSDT,240,STOCH14_cross,0.05,-400.002159,17.17,297,80.0004,99.997841,False
SOLUSDT,240,STOCH14_cross,0.08,-400.228829,18.58,296,80.0458,99.771171,False
SOLUSDT,240,STOCH14_cross,0.12,-400.1368,18.33,300,80.0274,99.8632,False
SOLUSDT,240,TS_13_34_200_14,0.03,-401.857155,24.54,269,80.4112,98.142845,False
SOLUSDT,240,TS_13_34_200_14,0.05,-401.383587,27.27,209,80.2767,98.616413,False
SOLUSDT,240,TS_13_34_200_14,0.08,-400.649877,37.44,195,80.3951,99.350123,False
SOLUSDT,240,TS_13_34_200_14,0.12,-402.288906,37.91,182,80.5559,97.711094,False
SOLUSDT,60,EMA_8_21,0.03,-403.235859,33.24,349,80.7331,96.764141,False
SOLUSDT,60,EMA_8_21,0.05,-400.214546,37.5,328,80.1315,99.785454,False
SOLUSDT,60,EMA_8_21,0.08,-401.149954,40.1,384,80.3516,98.850046,False
SOLUSDT,60,EMA_8_21,0.12,-400.872627,41.77,395,80.2626,99.127373,False
SOLUSDT,60,EMA_13_34_RSI14_55,0.03,-400.792551,39.55,354,80.3408,99.207449,False
SOLUSDT,60,EMA_13_34_RSI14_55,0.05,-402.638268,45.04,353,80.7134,97.361732,False
SOLUSDT,60,EMA_13_34_RSI14_55,0.08,-400.032988,48.26,402,80.1974,99.967012,False
SOLUSDT,60,EMA_13_34_RSI14_55,0.12,-400.258099,50.92,436,80.2419,99.741901,False
SOLUSDT,60,RSI14_7030,0.03,-400.198575,45.14,432,80.1196,99.801425,False
SOLUSDT,60,RSI14_7030,0.05,-401.315661,51.72,319,80.3421,98.684339,False
SOLUSDT,60,RSI14_7030,0.08,-401.045267,54.13,303,80.2882,98.954733,False
SOLUSDT,60,RSI14_7030,0.12,-331.604528,56.52,276,67.6314,168.395472,True
SOLUSDT,60,MACD_12_26_hist,0.03,-400.834314,29.38,371,80.1992,99.165686,False
SOLUSDT,60,MACD_12_26_hist,0.05,-400.180923,30.03,333,80.0687,99.819077,False
SOLUSDT,60,MACD_12_26_hist,0.08,-400.638152,30.7,342,80.1626,99.361848,False
SOLUSDT,60,MACD_12_26_hist,0.12,-400.885531,31.14,334,80.2094,99.114469,False
SOLUSDT,60,MACD_RSI14_50,0.03,-402.414886,32.45,379,80.5328,97.585114,False
SOLUSDT,60,MACD_RSI14_50,0.05,-400.705661,34.43,334,80.1919,99.294339,False
SOLUSDT,60,MACD_RSI14_50,0.08,-400.018175,34.39,346,80.0547,99.981825,False
SOLUSDT,60,MACD_RSI14_50,0.12,-400.403871,34.81,339,80.1317,99.596129,False
SOLUSDT,60,BB_20_25_breakout,0.03,-243.216015,40.35,228,48.8904,256.783985,True
SOLUSDT,60,BB_20_25_breakout,0.05,-300.285615,46.36,220,60.2493,199.714385,True
SOLUSDT,60,BB_20_25_breakout,0.08,-347.028342,49.3,213,69.5529,152.971658,True
SOLUSDT,60,BB_20_25_breakout,0.12,-371.935199,50.48,210,74.5103,128.064801,True
SOLUSDT,60,BB_20_2_RSI14,0.03,-401.158161,37.98,366,80.3454,98.841839,False
SOLUSDT,60,BB_20_2_RSI14,0.05,-401.168286,46.11,334,80.3475,98.831714,False
SOLUSDT,60,BB_20_2_RSI14,0.08,-405.550242,48.76,322,81.3008,94.449758,False
SOLUSDT,60,BB_20_2_RSI14,0.12,-403.185795,50.0,314,81.0702,96.814205,False
SOLUSDT,60,ADX14_DI_20,0.03,-400.184141,27.3,370,80.0368,99.815859,False
SOLUSDT,60,ADX14_DI_20,0.05,-401.429634,27.63,333,80.2859,98.570366,False
SOLUSDT,60,ADX14_DI_20,0.08,-402.942017,28.17,323,80.5884,97.057983,False
SOLUSDT,60,ADX14_DI_20,0.12,-402.818476,28.26,322,80.5637,97.181524,False
SOLUSDT,60,STOCH14_cross,0.03,-400.558451,22.65,627,80.1692,99.441549,False
SOLUSDT,60,STOCH14_cross,0.05,-401.79712,22.68,626,80.4162,98.20288,False
SOLUSDT,60,STOCH14_cross,0.08,-401.85368,22.72,625,80.4275,98.14632,False
SOLUSDT,60,STOCH14_cross,0.12,-400.832635,22.7,630,80.2239,99.167365,False
SOLUSDT,60,TS_13_34_200_14,0.03,-400.881691,40.56,355,80.3585,99.118309,False
SOLUSDT,60,TS_13_34_200_14,0.05,-400.748174,44.78,297,80.339,99.251826,False
SOLUSDT,60,TS_13_34_200_14,0.08,-402.542583,51.93,337,80.7902,97.457417,False
SOLUSDT,60,TS_13_34_200_14,0.12,-401.324552,52.38,336,80.4532,98.675448,False
ETHUSDT,240,EMA_8_21,0.03,-401.690156,32.35,371,80.5663,98.309844,False
ETHUSDT,240,EMA_8_21,0.05,-400.348651,34.38,317,80.4583,99.651349,False
ETHUSDT,240,EMA_8_21,0.08,-400.708667,35.19,287,80.6354,99.291333,False
ETHUSDT,240,EMA_8_21,0.12,-400.153513,34.3,277,80.5271,99.846487,False
ETHUSDT,240,EMA_13_34_RSI14_55,0.03,-402.087532,33.44,323,81.0417,97.912468,False
ETHUSDT,240,EMA_13_34_RSI14_55,0.05,-402.876766,39.34,272,81.3484,97.123234,False
ETHUSDT,240,EMA_13_34_RSI14_55,0.08,-379.558735,40.17,229,77.0395,120.441265,True
ETHUSDT,240,EMA_13_34_RSI14_55,0.12,-380.559168,40.27,221,77.2302,119.440832,True
ETHUSDT,240,RSI14_7030,0.03,-332.290085,29.95,207,66.6212,167.709915,True
ETHUSDT,240,RSI14_7030,0.05,-289.103425,38.0,150,57.9932,210.896575,True
ETHUSDT,240,RSI14_7030,0.08,-286.053596,41.88,117,57.3841,213.946404,True
ETHUSDT,240,RSI14_7030,0.12,-250.036082,49.47,95,50.1907,249.963918,True
ETHUSDT,240,MACD_12_26_hist,0.03,-402.759326,27.89,380,80.5519,97.240674,False
ETHUSDT,240,MACD_12_26_hist,0.05,-400.52981,29.68,347,80.106,99.47019,False
ETHUSDT,240,MACD_12_26_hist,0.08,-400.005232,30.86,337,80.001,99.994768,False
ETHUSDT,240,MACD_12_26_hist,0.12,-404.318944,31.66,338,80.8638,95.681056,False
ETHUSDT,240,MACD_RSI14_50,0.03,-400.615532,30.52,344,80.1231,99.384468,False
ETHUSDT,240,MACD_RSI14_50,0.05,-404.024092,32.9,307,80.8048,95.975908,False
ETHUSDT,240,MACD_RSI14_50,0.08,-406.532911,33.97,312,81.3066,93.467089,False
ETHUSDT,240,MACD_RSI14_50,0.12,-407.396419,34.64,306,81.4793,92.603581,False
ETHUSDT,240,BB_20_25_breakout,0.03,-89.047947,30.67,75,19.1327,410.952053,True
ETHUSDT,240,BB_20_25_breakout,0.05,-130.502946,32.0,75,27.2902,369.497054,True
ETHUSDT,240,BB_20_25_breakout,0.08,-141.875311,35.14,74,29.9686,358.124689,True
ETHUSDT,240,BB_20_25_breakout,0.12,-151.649456,36.99,73,31.8919,348.350544,True
ETHUSDT,240,BB_20_2_RSI14,0.03,-239.401532,25.73,171,48.939,260.598468,True
ETHUSDT,240,BB_20_2_RSI14,0.05,-283.933179,30.72,166,57.8117,216.066821,True
ETHUSDT,240,BB_20_2_RSI14,0.08,-257.964219,35.03,157,52.7411,242.035781,True
ETHUSDT,240,BB_20_2_RSI14,0.12,-279.606519,35.03,157,56.9669,220.393481,True
ETHUSDT,240,ADX14_DI_20,0.03,-400.124519,29.64,388,80.0249,99.875481,False
ETHUSDT,240,ADX14_DI_20,0.05,-400.530644,30.59,353,80.1276,99.469356,False
ETHUSDT,240,ADX14_DI_20,0.08,-404.298275,31.77,362,80.8597,95.701725,False
ETHUSDT,240,ADX14_DI_20,0.12,-402.237382,31.64,354,80.4475,97.762618,False
ETHUSDT,240,STOCH14_cross,0.03,-400.558937,24.02,562,80.1652,99.441063,False
ETHUSDT,240,STOCH14_cross,0.05,-400.211088,24.55,558,80.0958,99.788912,False
ETHUSDT,240,STOCH14_cross,0.08,-401.117771,24.33,559,80.2766,98.882229,False
ETHUSDT,240,STOCH14_cross,0.12,-401.302071,24.46,556,80.3134,98.697929,False
ETHUSDT,240,TS_13_34_200_14,0.03,-401.445213,32.14,308,80.9686,98.554787,False
ETHUSDT,240,TS_13_34_200_14,0.05,-385.255194,37.86,243,77.9643,114.744806,True
ETHUSDT,240,TS_13_34_200_14,0.08,-332.521923,42.33,189,68.0726,167.478077,True
ETHUSDT,240,TS_13_34_200_14,0.12,-309.986829,43.27,171,63.7766,190.013171,True
ETHUSDT,60,EMA_8_21,0.03,-400.61696,28.95,532,80.1302,99.38304,False
ETHUSDT,60,EMA_8_21,0.05,-401.894265,30.73,524,80.3856,98.105735,False
ETHUSDT,60,EMA_8_21,0.08,-400.308493,31.37,542,80.0686,99.691507,False
ETHUSDT,60,EMA_8_21,0.12,-400.001622,31.05,525,80.0338,99.998378,False
ETHUSDT,60,EMA_13_34_RSI14_55,0.03,-400.98594,36.73,471,80.2919,99.01406,False
ETHUSDT,60,EMA_13_34_RSI14_55,0.05,-404.850525,39.04,456,81.0611,95.149475,False
ETHUSDT,60,EMA_13_34_RSI14_55,0.08,-402.624444,39.37,447,80.618,97.375556,False
ETHUSDT,60,EMA_13_34_RSI14_55,0.12,-400.1769,39.73,443,80.2462,99.8231,False
ETHUSDT,60,RSI14_7030,0.03,-403.218545,45.96,446,80.7358,96.781455,False
ETHUSDT,60,RSI14_7030,0.05,-320.741792,53.6,347,64.8436,179.258208,True
ETHUSDT,60,RSI14_7030,0.08,-288.485107,57.43,296,59.9725,211.514893,True
ETHUSDT,60,RSI14_7030,0.12,-242.415646,57.31,260,50.1698,257.584354,True
ETHUSDT,60,MACD_12_26_hist,0.03,-401.805749,30.72,625,80.3679,98.194251,False
ETHUSDT,60,MACD_12_26_hist,0.05,-400.414699,30.4,602,80.0898,99.585301,False
ETHUSDT,60,MACD_12_26_hist,0.08,-400.265715,30.51,613,80.06,99.734285,False
ETHUSDT,60,MACD_12_26_hist,0.12,-400.851035,30.36,616,80.177,99.148965,False
ETHUSDT,60,MACD_RSI14_50,0.03,-400.573758,31.4,570,80.1538,99.426242,False
ETHUSDT,60,MACD_RSI14_50,0.05,-401.385981,31.44,547,80.3388,98.614019,False
ETHUSDT,60,MACD_RSI14_50,0.08,-400.249568,31.43,544,80.0891,99.750432,False
ETHUSDT,60,MACD_RSI14_50,0.12,-400.446626,31.49,543,80.1284,99.553374,False
ETHUSDT,60,BB_20_25_breakout,0.03,-148.326733,44.39,223,30.3585,351.673267,True
ETHUSDT,60,BB_20_25_breakout,0.05,-160.819571,49.28,209,33.4334,339.180429,True
ETHUSDT,60,BB_20_25_breakout,0.08,-170.882745,50.99,202,35.8053,329.117255,True
ETHUSDT,60,BB_20_25_breakout,0.12,-177.089385,51.27,197,37.0365,322.910615,True
ETHUSDT,60,BB_20_2_RSI14,0.03,-390.450756,35.71,392,78.1371,109.549244,True
ETHUSDT,60,BB_20_2_RSI14,0.05,-402.282079,38.48,356,80.4983,97.717921,False
ETHUSDT,60,BB_20_2_RSI14,0.08,-401.682844,39.08,348,80.3787,98.317156,False
ETHUSDT,60,BB_20_2_RSI14,0.12,-400.055914,39.13,345,80.054,99.944086,False
ETHUSDT,60,ADX14_DI_20,0.03,-401.545638,27.09,646,80.3159,98.454362,False
ETHUSDT,60,ADX14_DI_20,0.05,-402.171841,27.16,626,80.4411,97.828159,False
ETHUSDT,60,ADX14_DI_20,0.08,-400.888321,27.03,629,80.1845,99.111679,False
ETHUSDT,60,ADX14_DI_20,0.12,-400.202278,27.2,625,80.0473,99.797722,False
ETHUSDT,60,STOCH14_cross,0.03,-401.956529,20.73,873,80.4395,98.043471,False
ETHUSDT,60,STOCH14_cross,0.05,-402.382463,20.78,871,80.5244,97.617537,False
ETHUSDT,60,STOCH14_cross,0.08,-400.136929,20.66,847,80.0764,99.863071,False
ETHUSDT,60,STOCH14_cross,0.12,-402.395238,20.83,869,80.527,97.604762,False
ETHUSDT,60,TS_13_34_200_14,0.03,-402.866323,39.61,414,80.6497,97.133677,False
ETHUSDT,60,TS_13_34_200_14,0.05,-379.931328,45.8,369,76.4929,120.068672,True
ETHUSDT,60,TS_13_34_200_14,0.08,-327.340497,47.26,328,66.6042,172.659503,True
ETHUSDT,60,TS_13_34_200_14,0.12,-342.897852,47.08,325,69.6256,157.102148,True
BTCUSDT,240,EMA_8_21,0.03,-376.382001,33.14,350,75.3892,123.617999,True
BTCUSDT,240,EMA_8_21,0.05,-284.814655,37.36,265,57.1347,215.185345,True
BTCUSDT,240,EMA_8_21,0.08,-272.975007,40.08,237,54.7762,227.024993,True
BTCUSDT,240,EMA_8_21,0.12,-269.878468,39.74,229,54.1594,230.121532,True
BTCUSDT,240,EMA_13_34_RSI14_55,0.03,-278.787942,35.77,246,56.5128,221.212058,True
BTCUSDT,240,EMA_13_34_RSI14_55,0.05,-216.810191,44.39,196,44.5947,283.189809,True
BTCUSDT,240,EMA_13_34_RSI14_55,0.08,-208.933116,46.07,178,43.0536,291.066884,True
BTCUSDT,240,EMA_13_34_RSI14_55,0.12,-207.784127,46.29,175,42.8288,292.215873,True
BTCUSDT,240,RSI14_7030,0.03,-251.112984,33.89,180,50.7473,248.887016,True
BTCUSDT,240,RSI14_7030,0.05,-218.526856,44.96,129,44.3217,281.473144,True
BTCUSDT,240,RSI14_7030,0.08,-191.600246,50.51,99,38.9711,308.399754,True
BTCUSDT,240,RSI14_7030,0.12,-159.369956,53.75,80,32.5665,340.630044,True
BTCUSDT,240,MACD_12_26_hist,0.03,-401.699564,30.08,389,80.3399,98.300436,False
BTCUSDT,240,MACD_12_26_hist,0.05,-405.205838,31.36,354,81.0412,94.794162,False
BTCUSDT,240,MACD_12_26_hist,0.08,-402.541225,31.87,342,80.5082,97.458775,False
BTCUSDT,240,MACD_12_26_hist,0.12,-401.785298,32.34,334,80.3571,98.214702,False
BTCUSDT,240,MACD_RSI14_50,0.03,-347.165003,32.63,331,70.0185,152.834997,True
BTCUSDT,240,MACD_RSI14_50,0.05,-309.505547,36.1,277,62.6309,190.494453,True
BTCUSDT,240,MACD_RSI14_50,0.08,-313.814619,37.04,270,63.4762,186.185381,True
BTCUSDT,240,MACD_RSI14_50,0.12,-311.645097,37.17,269,63.0506,188.354903,True
BTCUSDT,240,BB_20_25_breakout,0.03,-89.900174,35.14,74,18.0694,410.099826,True
BTCUSDT,240,BB_20_25_breakout,0.05,-104.036324,39.73,73,20.8936,395.963676,True
BTCUSDT,240,BB_20_25_breakout,0.08,-106.78794,44.29,70,21.4433,393.21206,True
BTCUSDT,240,BB_20_25_breakout,0.12,-129.169979,44.29,70,25.9148,370.830021,True
BTCUSDT,240,BB_20_2_RSI14,0.03,-177.921374,33.33,141,35.8587,322.078626,True
BTCUSDT,240,BB_20_2_RSI14,0.05,-163.590786,41.67,132,33.0047,336.409214,True
BTCUSDT,240,BB_20_2_RSI14,0.08,-178.215964,43.75,128,35.9173,321.784036,True
BTCUSDT,240,BB_20_2_RSI14,0.12,-187.366858,43.2,125,37.7397,312.633142,True
BTCUSDT,240,ADX14_DI_20,0.03,-400.129644,26.27,373,80.2478,99.870356,False
BTCUSDT,240,ADX14_DI_20,0.05,-400.605823,27.53,356,80.342,99.394177,False
BTCUSDT,240,ADX14_DI_20,0.08,-401.408153,27.68,354,80.5007,98.591847,False
BTCUSDT,240,ADX14_DI_20,0.12,-398.979956,27.64,351,80.0204,101.020044,True
BTCUSDT,240,STOCH14_cross,0.03,-400.360592,24.92,614,80.1166,99.639408,False
BTCUSDT,240,STOCH14_cross,0.05,-402.665406,25.0,608,80.5765,97.334594,False
BTCUSDT,240,STOCH14_cross,0.08,-401.038945,24.96,609,80.2519,98.961055,False
BTCUSDT,240,STOCH14_cross,0.12,-400.414138,24.92,606,80.1272,99.585862,False
BTCUSDT,240,TS_13_34_200_14,0.03,-228.531232,37.5,208,46.902,271.468768,True
BTCUSDT,240,TS_13_34_200_14,0.05,-186.063406,44.94,158,38.9899,313.936594,True
BTCUSDT,240,TS_13_34_200_14,0.08,-163.9035,50.38,131,34.6834,336.0965,True
BTCUSDT,240,TS_13_34_200_14,0.12,-175.674484,50.39,127,36.971,324.325516,True
BTCUSDT,60,EMA_8_21,0.03,-400.288485,28.07,659,80.2905,99.711515,False
BTCUSDT,60,EMA_8_21,0.05,-371.492819,29.07,633,74.7092,128.507181,True
BTCUSDT,60,EMA_8_21,0.08,-365.232377,29.01,624,73.4717,134.767623,True
BTCUSDT,60,EMA_8_21,0.12,-362.951926,28.99,621,73.021,137.048074,True
BTCUSDT,60,EMA_13_34_RSI14_55,0.03,-301.75602,34.84,419,61.4241,198.24398,True
BTCUSDT,60,EMA_13_34_RSI14_55,0.05,-288.320426,36.04,394,58.9172,211.679574,True
BTCUSDT,60,EMA_13_34_RSI14_55,0.08,-289.794485,36.5,389,59.2567,210.205515,True
BTCUSDT,60,EMA_13_34_RSI14_55,0.12,-291.617293,36.6,388,59.6182,208.382707,True
BTCUSDT,60,RSI14_7030,0.03,-232.78869,51.78,394,48.5381,267.21131,True
BTCUSDT,60,RSI14_7030,0.05,-184.095232,56.63,309,39.976,315.904768,True
BTCUSDT,60,RSI14_7030,0.08,-181.350742,57.51,273,39.5179,318.649258,True
BTCUSDT,60,RSI14_7030,0.12,-147.349683,57.55,245,32.91,352.650317,True
BTCUSDT,60,MACD_12_26_hist,0.03,-402.571695,29.67,738,80.7231,97.428305,False
BTCUSDT,60,MACD_12_26_hist,0.05,-400.440003,30.17,716,80.3013,99.559997,False
BTCUSDT,60,MACD_12_26_hist,0.08,-400.243881,30.56,733,80.2625,99.756119,False
BTCUSDT,60,MACD_12_26_hist,0.12,-400.153804,30.48,725,80.2516,99.846196,False
BTCUSDT,60,MACD_RSI14_50,0.03,-378.082996,32.4,716,75.7893,121.917004,True
BTCUSDT,60,MACD_RSI14_50,0.05,-355.736913,33.48,693,71.3312,144.263087,True
BTCUSDT,60,MACD_RSI14_50,0.08,-344.33951,33.48,687,69.0574,155.66049,True
BTCUSDT,60,MACD_RSI14_50,0.12,-343.369652,33.48,687,68.8639,156.630348,True
BTCUSDT,60,BB_20_25_breakout,0.03,-151.823283,40.49,205,32.0932,348.176717,True
BTCUSDT,60,BB_20_25_breakout,0.05,-151.912944,43.46,191,32.6763,348.087056,True
BTCUSDT,60,BB_20_25_breakout,0.08,-171.741755,43.68,190,36.6065,328.258245,True
BTCUSDT,60,BB_20_25_breakout,0.12,-176.747719,44.15,188,37.5987,323.252281,True
BTCUSDT,60,BB_20_2_RSI14,0.03,-248.407913,35.24,332,51.7156,251.592087,True
BTCUSDT,60,BB_20_2_RSI14,0.05,-236.994697,36.59,317,50.0089,263.005303,True
BTCUSDT,60,BB_20_2_RSI14,0.08,-252.411469,36.39,316,53.0824,247.588531,True
BTCUSDT,60,BB_20_2_RSI14,0.12,-257.666296,36.39,316,54.13,242.333704,True
BTCUSDT,60,ADX14_DI_20,0.03,-400.605109,24.03,770,80.236,99.394891,False
BTCUSDT,60,ADX14_DI_20,0.05,-400.74691,24.35,772,80.2642,99.25309,False
BTCUSDT,60,ADX14_DI_20,0.08,-401.377002,24.52,783,80.3894,98.622998,False
BTCUSDT,60,ADX14_DI_20,0.12,-401.766686,24.55,782,80.4669,98.233314,False
BTCUSDT,60,STOCH14_cross,0.03,-400.380495,20.02,959,80.2143,99.619505,False
BTCUSDT,60,STOCH14_cross,0.05,-400.084748,19.94,958,80.1556,99.915252,False
BTCUSDT,60,STOCH14_cross,0.08,-400.23462,19.79,960,80.1853,99.76538,False
BTCUSDT,60,STOCH14_cross,0.12,-400.23462,19.79,960,80.1853,99.76538,False
BTCUSDT,60,TS_13_34_200_14,0.03,-217.735284,41.51,318,45.0095,282.264716,True
BTCUSDT,60,TS_13_34_200_14,0.05,-196.133342,45.13,277,40.6971,303.866658,True
BTCUSDT,60,TS_13_34_200_14,0.08,-207.859804,45.63,263,43.0167,292.140196,True
BTCUSDT,60,TS_13_34_200_14,0.12,-211.211996,45.56,259,43.6799,288.788004,True
XRPUSDT,240,EMA_8_21,0.03,-400.120743,27.6,337,80.0241,99.879257,False
XRPUSDT,240,EMA_8_21,0.05,-403.807135,29.18,305,80.7614,96.192865,False
XRPUSDT,240,EMA_8_21,0.08,-406.747639,28.67,279,81.3495,93.252361,False
XRPUSDT,240,EMA_8_21,0.12,-404.964947,28.24,262,80.993,95.035053,False
XRPUSDT,240,EMA_13_34_RSI14_55,0.03,-403.199157,26.81,317,80.6923,96.800843,False
XRPUSDT,240,EMA_13_34_RSI14_55,0.05,-404.287102,28.14,263,80.9093,95.712898,False
XRPUSDT,240,EMA_13_34_RSI14_55,0.08,-403.228694,31.06,235,80.6982,96.771306,False
XRPUSDT,240,EMA_13_34_RSI14_55,0.12,-411.006468,30.52,213,82.2495,88.993532,False
XRPUSDT,240,RSI14_7030,0.03,-403.129634,22.48,258,80.6741,96.870366,False
XRPUSDT,240,RSI14_7030,0.05,-403.250163,27.64,199,80.7719,96.749837,False
XRPUSDT,240,RSI14_7030,0.08,-404.900241,31.01,158,81.0998,95.099759,False
XRPUSDT,240,RSI14_7030,0.12,-374.748179,34.53,139,75.3494,125.251821,True
XRPUSDT,240,MACD_12_26_hist,0.03,-400.747198,25.32,308,80.1494,99.252802,False
XRPUSDT,240,MACD_12_26_hist,0.05,-401.149014,26.22,267,80.2298,98.850986,False
XRPUSDT,240,MACD_12_26_hist,0.08,-400.670349,27.56,254,80.1341,99.329651,False
XRPUSDT,240,MACD_12_26_hist,0.12,-400.988024,26.46,257,80.1976,99.011976,False
XRPUSDT,240,MACD_RSI14_50,0.03,-400.399971,25.64,351,80.0891,99.600029,False
XRPUSDT,240,MACD_RSI14_50,0.05,-403.731232,26.82,302,80.755,96.268768,False
XRPUSDT,240,MACD_RSI14_50,0.08,-406.863998,28.52,284,81.3813,93.136002,False
XRPUSDT,240,MACD_RSI14_50,0.12,-401.316633,28.27,283,80.2723,98.683367,False
XRPUSDT,240,BB_20_25_breakout,0.03,-121.522803,18.68,91,25.1817,378.477197,True
XRPUSDT,240,BB_20_25_breakout,0.05,-144.405923,25.56,90,29.7132,355.594077,True
XRPUSDT,240,BB_20_25_breakout,0.08,-184.706472,27.78,90,37.6939,315.293528,True
XRPUSDT,240,BB_20_25_breakout,0.12,-226.857495,28.09,89,46.041,273.142505,True
XRPUSDT,240,BB_20_2_RSI14,0.03,-232.127262,18.89,180,46.5579,267.872738,True
XRPUSDT,240,BB_20_2_RSI14,0.05,-272.775168,22.99,174,54.6874,227.224832,True
XRPUSDT,240,BB_20_2_RSI14,0.08,-308.466924,25.88,170,61.8258,191.533076,True
XRPUSDT,240,BB_20_2_RSI14,0.12,-343.293458,26.47,170,70.4873,156.706542,True
XRPUSDT,240,ADX14_DI_20,0.03,-400.714233,24.77,323,80.2194,99.285767,False
XRPUSDT,240,ADX14_DI_20,0.05,-400.653391,26.12,268,80.2106,99.346609,False
XRPUSDT,240,ADX14_DI_20,0.08,-400.540885,26.77,254,80.1849,99.459115,False
XRPUSDT,240,ADX14_DI_20,0.12,-400.320371,26.17,256,80.141,99.679629,False
XRPUSDT,240,STOCH14_cross,0.03,-400.418232,22.2,509,80.1279,99.581768,False
XRPUSDT,240,STOCH14_cross,0.05,-401.717869,22.31,493,80.3873,98.282131,False
XRPUSDT,240,STOCH14_cross,0.08,-402.435677,22.31,493,80.5305,97.564323,False
XRPUSDT,240,STOCH14_cross,0.12,-400.970086,22.31,493,80.2381,99.029914,False
XRPUSDT,240,TS_13_34_200_14,0.03,-402.333832,24.67,300,80.5197,97.666168,False
XRPUSDT,240,TS_13_34_200_14,0.05,-401.970063,27.98,243,80.4471,98.029937,False
XRPUSDT,240,TS_13_34_200_14,0.08,-402.117553,31.58,209,80.4766,97.882447,False
XRPUSDT,240,TS_13_34_200_14,0.12,-400.103364,32.28,189,81.2394,99.896636,False
XRPUSDT,60,EMA_8_21,0.03,-402.424903,28.0,425,80.6728,97.575097,False
XRPUSDT,60,EMA_8_21,0.05,-400.855063,29.55,396,80.3618,99.144937,False
XRPUSDT,60,EMA_8_21,0.08,-401.849489,27.78,396,80.5588,98.150511,False
XRPUSDT,60,EMA_8_21,0.12,-400.31688,27.11,391,80.4189,99.68312,False
XRPUSDT,60,EMA_13_34_RSI14_55,0.03,-401.621522,30.96,394,80.3568,98.378478,False
XRPUSDT,60,EMA_13_34_RSI14_55,0.05,-400.43954,32.65,340,80.1702,99.56046,False
XRPUSDT,60,EMA_13_34_RSI14_55,0.08,-400.362131,32.09,349,80.1053,99.637869,False
XRPUSDT,60,EMA_13_34_RSI14_55,0.12,-400.024972,33.24,367,80.4769,99.975028,False
XRPUSDT,60,RSI14_7030,0.03,-402.301395,39.57,374,80.5457,97.698605,False
XRPUSDT,60,RSI14_7030,0.05,-405.28712,44.77,306,81.3008,94.71288,False
XRPUSDT,60,RSI14_7030,0.08,-406.534189,49.65,286,81.4372,93.465811,False
XRPUSDT,60,RSI14_7030,0.12,-394.074339,52.03,296,81.2225,105.925661,True
XRPUSDT,60,MACD_12_26_hist,0.03,-402.564007,25.0,488,80.6136,97.435993,False
XRPUSDT,60,MACD_12_26_hist,0.05,-402.149728,27.01,485,80.5312,97.850272,False
XRPUSDT,60,MACD_12_26_hist,0.08,-400.596745,26.82,481,80.2476,99.403255,False
XRPUSDT,60,MACD_12_26_hist,0.12,-400.614116,27.16,475,80.2827,99.385884,False
XRPUSDT,60,MACD_RSI14_50,0.03,-402.160476,27.78,450,80.4644,97.839524,False
XRPUSDT,60,MACD_RSI14_50,0.05,-404.075478,28.34,427,80.8467,95.924522,False
XRPUSDT,60,MACD_RSI14_50,0.08,-401.396404,28.71,425,80.7188,98.603596,False
XRPUSDT,60,MACD_RSI14_50,0.12,-406.045504,28.54,417,81.2401,93.954496,False
XRPUSDT,60,BB_20_25_breakout,0.03,-317.164318,31.78,258,63.7706,182.835682,True
XRPUSDT,60,BB_20_25_breakout,0.05,-364.666562,36.65,251,74.1746,135.333438,True
XRPUSDT,60,BB_20_25_breakout,0.08,-401.487133,36.24,229,80.31,98.512867,False
XRPUSDT,60,BB_20_25_breakout,0.12,-402.541391,36.24,218,80.5207,97.458609,False
XRPUSDT,60,BB_20_2_RSI14,0.03,-402.647099,28.93,363,80.5619,97.352901,False
XRPUSDT,60,BB_20_2_RSI14,0.05,-400.693297,33.03,327,80.1717,99.306703,False
XRPUSDT,60,BB_20_2_RSI14,0.08,-400.317926,35.14,313,80.0968,99.682074,False
XRPUSDT,60,BB_20_2_RSI14,0.12,-400.686901,35.26,312,80.1705,99.313099,False
XRPUSDT,60,ADX14_DI_20,0.03,-400.465765,25.14,529,80.2198,99.534235,False
XRPUSDT,60,ADX14_DI_20,0.05,-401.388941,25.79,508,80.4033,98.611059,False
XRPUSDT,60,ADX14_DI_20,0.08,-400.206998,25.65,503,80.1684,99.793002,False
XRPUSDT,60,ADX14_DI_20,0.12,-401.101757,25.8,500,80.3927,98.898243,False
XRPUSDT,60,STOCH14_cross,0.03,-400.248426,23.03,851,80.1416,99.751574,False
XRPUSDT,60,STOCH14_cross,0.05,-401.263192,22.85,827,80.3436,98.736808,False
XRPUSDT,60,STOCH14_cross,0.08,-400.396229,23.0,813,80.171,99.603771,False
XRPUSDT,60,STOCH14_cross,0.12,-400.440851,23.17,807,80.1799,99.559149,False
XRPUSDT,60,TS_13_34_200_14,0.03,-400.819998,34.39,378,80.2995,99.180002,False
XRPUSDT,60,TS_13_34_200_14,0.05,-401.422657,38.15,325,80.4192,98.577343,False
XRPUSDT,60,TS_13_34_200_14,0.08,-400.056694,39.08,325,80.9084,99.943306,False
XRPUSDT,60,TS_13_34_200_14,0.12,-408.643947,39.02,305,81.8536,91.356053,False
DOGEUSDT,240,EMA_8_21,0.03,-403.157333,17.79,298,80.6315,96.842667,False
DOGEUSDT,240,EMA_8_21,0.05,-402.131474,24.9,253,80.4263,97.868526,False
DOGEUSDT,240,EMA_8_21,0.08,-403.887376,25.34,221,80.7775,96.112624,False
DOGEUSDT,240,EMA_8_21,0.12,-400.458583,27.83,212,80.4851,99.541417,False
DOGEUSDT,240,EMA_13_34_RSI14_55,0.03,-402.836143,18.48,276,80.5914,97.163857,False
DOGEUSDT,240,EMA_13_34_RSI14_55,0.05,-403.8552,25.21,238,80.795,96.1448,False
DOGEUSDT,240,EMA_13_34_RSI14_55,0.08,-402.124428,27.23,213,80.4493,97.875572,False
DOGEUSDT,240,EMA_13_34_RSI14_55,0.12,-405.535218,29.0,200,81.1306,94.464782,False
DOGEUSDT,240,RSI14_7030,0.03,-400.0065,16.67,240,80.2645,99.9935,False
DOGEUSDT,240,RSI14_7030,0.05,-400.490113,22.67,172,80.2305,99.509887,False
DOGEUSDT,240,RSI14_7030,0.08,-401.551616,24.03,129,80.4334,98.448384,False
DOGEUSDT,240,RSI14_7030,0.12,-406.669031,27.93,111,81.4505,93.330969,False
DOGEUSDT,240,MACD_12_26_hist,0.03,-401.827734,17.42,287,80.3655,98.172266,False
DOGEUSDT,240,MACD_12_26_hist,0.05,-401.50231,21.16,241,80.3005,98.49769,False
DOGEUSDT,240,MACD_12_26_hist,0.08,-400.176077,22.48,218,80.1234,99.823923,False
DOGEUSDT,240,MACD_12_26_hist,0.12,-402.793198,23.44,209,80.5586,97.206802,False
DOGEUSDT,240,MACD_RSI14_50,0.03,-400.096946,19.27,275,80.0194,99.903054,False
DOGEUSDT,240,MACD_RSI14_50,0.05,-402.478082,23.08,221,80.4956,97.521918,False
DOGEUSDT,240,MACD_RSI14_50,0.08,-401.853897,26.15,195,80.4953,98.146103,False
DOGEUSDT,240,MACD_RSI14_50,0.12,-405.697502,26.92,182,81.1395,94.302498,False
DOGEUSDT,240,BB_20_25_breakout,0.03,-111.609554,16.47,85,22.3351,388.390446,True
DOGEUSDT,240,BB_20_25_breakout,0.05,-142.098828,19.05,84,28.432,357.901172,True
DOGEUSDT,240,BB_20_25_breakout,0.08,-166.209865,22.62,84,33.5819,333.790135,True
DOGEUSDT,240,BB_20_25_breakout,0.12,-170.574868,22.22,81,34.4505,329.425132,True
DOGEUSDT,240,BB_20_2_RSI14,0.03,-307.242078,15.28,216,61.455,192.757922,True
DOGEUSDT,240,BB_20_2_RSI14,0.05,-323.431355,21.95,205,64.6923,176.568645,True
DOGEUSDT,240,BB_20_2_RSI14,0.08,-381.779745,23.65,203,76.36,118.220255,True
DOGEUSDT,240,BB_20_2_RSI14,0.12,-401.724569,22.96,196,80.3483,98.275431,False
DOGEUSDT,240,ADX14_DI_20,0.03,-400.509563,18.45,309,80.2431,99.490437,False
DOGEUSDT,240,ADX14_DI_20,0.05,-404.00346,24.25,268,80.9369,95.99654,False
DOGEUSDT,240,ADX14_DI_20,0.08,-401.796822,25.1,243,80.4987,98.203178,False
DOGEUSDT,240,ADX14_DI_20,0.12,-400.833961,26.75,228,80.3075,99.166039,False
DOGEUSDT,240,STOCH14_cross,0.03,-400.515352,14.45,339,80.1574,99.484648,False
DOGEUSDT,240,STOCH14_cross,0.05,-402.580274,14.98,307,80.5693,97.419726,False
DOGEUSDT,240,STOCH14_cross,0.08,-401.589451,15.43,311,80.3716,98.410549,False
DOGEUSDT,240,STOCH14_cross,0.12,-400.552367,15.29,314,80.1648,99.447633,False
DOGEUSDT,240,TS_13_34_200_14,0.03,-401.761666,18.7,262,80.3768,98.238334,False
DOGEUSDT,240,TS_13_34_200_14,0.05,-400.557935,26.2,229,80.3713,99.442065,False
DOGEUSDT,240,TS_13_34_200_14,0.08,-403.267702,27.89,190,80.6777,96.732298,False
DOGEUSDT,240,TS_13_34_200_14,0.12,-400.503543,28.14,167,80.1255,99.496457,False
DOGEUSDT,60,EMA_8_21,0.03,-400.557997,29.46,353,80.2789,99.442003,False
DOGEUSDT,60,EMA_8_21,0.05,-402.785043,33.44,302,80.7205,97.214957,False
DOGEUSDT,60,EMA_8_21,0.08,-400.149846,36.21,301,80.1979,99.850154,False
DOGEUSDT,60,EMA_8_21,0.12,-400.871827,35.91,298,80.3411,99.128173,False
DOGEUSDT,60,EMA_13_34_RSI14_55,0.03,-401.936184,30.5,318,80.4791,98.063816,False
DOGEUSDT,60,EMA_13_34_RSI14_55,0.05,-401.835999,37.46,283,80.4591,98.164001,False
DOGEUSDT,60,EMA_13_34_RSI14_55,0.08,-403.251574,38.21,246,80.7409,96.748426,False
DOGEUSDT,60,EMA_13_34_RSI14_55,0.12,-400.589243,38.33,240,80.211,99.410757,False
DOGEUSDT,60,RSI14_7030,0.03,-401.091166,40.57,350,80.3715,98.908834,False
DOGEUSDT,60,RSI14_7030,0.05,-402.145836,52.04,319,80.6488,97.854164,False
DOGEUSDT,60,RSI14_7030,0.08,-406.359363,54.0,250,81.482,93.640637,False
DOGEUSDT,60,RSI14_7030,0.12,-401.39429,55.74,244,80.5001,98.60571,False
DOGEUSDT,60,MACD_12_26_hist,0.03,-400.263482,26.4,356,80.1751,99.736518,False
DOGEUSDT,60,MACD_12_26_hist,0.05,-400.060323,27.74,310,80.1347,99.939677,False
DOGEUSDT,60,MACD_12_26_hist,0.08,-404.913611,27.84,291,81.0994,95.086389,False
DOGEUSDT,60,MACD_12_26_hist,0.12,-401.13153,27.93,290,80.3476,98.86847,False
DOGEUSDT,60,MACD_RSI14_50,0.03,-400.210204,26.87,335,80.0801,99.789796,False
DOGEUSDT,60,MACD_RSI14_50,0.05,-400.18679,28.62,283,80.0755,99.81321,False
DOGEUSDT,60,MACD_RSI14_50,0.08,-403.935896,29.1,268,80.8238,96.064104,False
DOGEUSDT,60,MACD_RSI14_50,0.12,-400.885394,27.88,269,80.2149,99.114606,False
DOGEUSDT,60,BB_20_25_breakout,0.03,-314.020124,34.96,266,63.1166,185.979876,True
DOGEUSDT,60,BB_20_25_breakout,0.05,-350.65251,40.87,252,71.0901,149.34749,True
DOGEUSDT,60,BB_20_25_breakout,0.08,-390.544682,43.62,243,79.0509,109.455318,True
DOGEUSDT,60,BB_20_25_breakout,0.12,-406.942066,44.35,230,81.4295,93.057934,False
DOGEUSDT,60,BB_20_2_RSI14,0.03,-401.098247,31.52,330,80.2693,98.901753,False
DOGEUSDT,60,BB_20_2_RSI14,0.05,-401.451557,39.09,307,80.3397,98.548443,False
DOGEUSDT,60,BB_20_2_RSI14,0.08,-400.44073,40.75,292,80.1381,99.55927,False
DOGEUSDT,60,BB_20_2_RSI14,0.12,-400.184637,40.91,264,80.087,99.815363,False
DOGEUSDT,60,ADX14_DI_20,0.03,-402.186253,27.55,392,80.5469,97.813747,False
DOGEUSDT,60,ADX14_DI_20,0.05,-401.342405,28.21,358,80.3791,98.657595,False
DOGEUSDT,60,ADX14_DI_20,0.08,-401.59607,27.89,337,80.4295,98.40393,False
DOGEUSDT,60,ADX14_DI_20,0.12,-402.342634,27.27,330,80.578,97.657366,False
DOGEUSDT,60,STOCH14_cross,0.03,-400.023051,16.79,554,80.0438,99.976949,False
DOGEUSDT,60,STOCH14_cross,0.05,-404.23345,17.16,542,80.8842,95.76655,False
DOGEUSDT,60,STOCH14_cross,0.08,-400.265005,17.55,547,80.0921,99.734995,False
DOGEUSDT,60,STOCH14_cross,0.12,-402.063692,17.49,549,80.4511,97.936308,False
DOGEUSDT,60,TS_13_34_200_14,0.03,-400.909027,31.91,329,80.2746,99.090973,False
DOGEUSDT,60,TS_13_34_200_14,0.05,-402.926046,35.96,292,80.6761,97.073954,False
DOGEUSDT,60,TS_13_34_200_14,0.08,-402.006925,37.3,244,80.4932,97.993075,False
DOGEUSDT,60,TS_13_34_200_14,0.12,-404.347582,40.47,257,80.9591,95.652418,False
