symbol,interval,strategy,adx_threshold,net_pnl,win_rate,n_trades,max_drawdown_pct,final_equity,survived
SOLUSDT,240,EMA_8_21,none,-401.682394,28.16,309,80.3669,98.317606,False
SOLUSDT,240,EMA_8_21,15,-401.362394,28.25,308,80.303,98.637606,False
SOLUSDT,240,EMA_8_21,20,-403.291147,27.69,307,80.6881,96.708853,False
SOLUSDT,240,EMA_8_21,25,-402.77814,25.62,281,80.5857,97.22186,False
SOLUSDT,240,EMA_8_21,30,-402.361186,25.95,289,80.5024,97.638814,False
SOLUSDT,240,EMA_13_34_RSI14_55,none,-400.569136,27.84,291,80.2793,99.430864,False
SOLUSDT,240,EMA_13_34_RSI14_55,15,-400.976368,27.53,287,80.2354,99.023632,False
SOLUSDT,240,EMA_13_34_RSI14_55,20,-400.59747,27.62,286,80.1598,99.40253,False
SOLUSDT,240,EMA_13_34_RSI14_55,25,-402.271455,27.57,272,80.4939,97.728545,False
SOLUSDT,240,EMA_13_34_RSI14_55,30,-401.445592,27.7,278,80.3291,98.554408,False
SOLUSDT,240,RSI14_7030,none,-401.412376,25.82,275,80.3369,98.587624,False
SOLUSDT,240,RSI14_7030,15,-401.403376,25.82,275,80.3351,98.596624,False
SOLUSDT,240,RSI14_7030,20,-400.348646,25.0,272,80.1247,99.651354,False
SOLUSDT,240,RSI14_7030,25,-368.613909,24.51,253,73.8688,131.386091,True
SOLUSDT,240,RSI14_7030,30,-333.526507,25.11,235,66.8707,166.473493,True
SOLUSDT,240,MACD_12_26_hist,none,-400.536178,24.57,289,80.138,99.463822,False
SOLUSDT,240,MACD_12_26_hist,15,-400.216178,24.65,288,80.0741,99.783822,False
SOLUSDT,240,MACD_12_26_hist,20,-402.98412,24.38,283,80.6268,97.01588,False
SOLUSDT,240,MACD_12_26_hist,25,-401.776294,23.53,272,80.3856,98.223706,False
SOLUSDT,240,MACD_12_26_hist,30,-401.034472,25.36,280,80.2375,98.965528,False
SOLUSDT,240,MACD_RSI14_50,none,-400.431346,25.0,272,80.1266,99.568654,False
SOLUSDT,240,MACD_RSI14_50,15,-400.111346,25.09,271,80.0627,99.888654,False
SOLUSDT,240,MACD_RSI14_50,20,-402.845683,25.47,267,80.6085,97.154317,False
SOLUSDT,240,MACD_RSI14_50,25,-402.318725,25.9,278,80.5033,97.681275,False
SOLUSDT,240,MACD_RSI14_50,30,-401.912424,22.75,255,80.4222,98.087576,False
SOLUSDT,240,BB_20_25_breakout,none,-99.540989,28.77,73,20.0057,400.459011,True
SOLUSDT,240,BB_20_25_breakout,15,-99.540989,28.77,73,20.0057,400.459011,True
SOLUSDT,240,BB_20_25_breakout,20,-86.260989,30.43,69,17.3529,413.739011,True
SOLUSDT,240,BB_20_25_breakout,25,-68.589294,33.33,57,13.8229,431.410706,True
SOLUSDT,240,BB_20_25_breakout,30,-68.171317,26.53,49,13.7394,431.828683,True
SOLUSDT,240,BB_20_2_RSI14,none,-261.846536,22.4,183,52.3693,238.153464,True
SOLUSDT,240,BB_20_2_RSI14,15,-261.526536,22.53,182,52.3053,238.473464,True
SOLUSDT,240,BB_20_2_RSI14,20,-244.97986,23.43,175,48.996,255.02014,True
SOLUSDT,240,BB_20_2_RSI14,25,-222.503707,24.52,155,44.5007,277.496293,True
SOLUSDT,240,BB_20_2_RSI14,30,-194.565029,21.97,132,38.913,305.434971,True
SOLUSDT,240,ADX14_DI_20,none,-400.012393,23.76,282,80.1525,99.987607,False
SOLUSDT,240,ADX14_DI_20,15,-400.012393,23.76,282,80.1525,99.987607,False
SOLUSDT,240,ADX14_DI_20,20,-400.012393,23.76,282,80.1525,99.987607,False
SOLUSDT,240,ADX14_DI_20,25,-402.918043,27.06,303,80.7292,97.081957,False
SOLUSDT,240,ADX14_DI_20,30,-401.447504,25.34,296,80.4373,98.552496,False
SOLUSDT,240,STOCH14_cross,none,-401.400232,14.7,313,80.28,98.599768,False
SOLUSDT,240,STOCH14_cross,15,-400.579265,14.84,310,80.1159,99.420735,False
SOLUSDT,240,STOCH14_cross,20,-401.226254,16.03,312,80.2453,98.773746,False
SOLUSDT,240,STOCH14_cross,25,-401.076369,14.05,299,80.2153,98.923631,False
SOLUSDT,240,STOCH14_cross,30,-400.673908,18.56,361,80.1348,99.326092,False
SOLUSDT,240,TS_13_34_200_14,none,-401.857155,24.54,269,80.4112,98.142845,False
SOLUSDT,240,TS_13_34_200_14,15,-401.537155,24.63,268,80.3473,98.462845,False
SOLUSDT,240,TS_13_34_200_14,20,-402.96851,25.83,271,80.633,97.03149,False
SOLUSDT,240,TS_13_34_200_14,25,-400.557182,26.05,261,80.1517,99.442818,False
SOLUSDT,240,TS_13_34_200_14,30,-403.300707,26.67,270,80.6993,96.699293,False
SOLUSDT,60,EMA_8_21,none,-403.235859,33.24,349,80.7331,96.764141,False
SOLUSDT,60,EMA_8_21,15,-401.819597,33.52,349,80.4511,98.180403,False
SOLUSDT,60,EMA_8_21,20,-402.819551,33.04,336,80.6502,97.180449,False
SOLUSDT,60,EMA_8_21,25,-400.60922,33.52,361,80.2101,99.39078,False
SOLUSDT,60,EMA_8_21,30,-403.21385,35.12,373,80.7287,96.78615,False
SOLUSDT,60,EMA_13_34_RSI14_55,none,-400.792551,39.55,354,80.3408,99.207449,False
SOLUSDT,60,EMA_13_34_RSI14_55,15,-400.411583,39.61,356,80.2653,99.588417,False
SOLUSDT,60,EMA_13_34_RSI14_55,20,-400.636787,40.22,358,80.3099,99.363213,False
SOLUSDT,60,EMA_13_34_RSI14_55,25,-400.478929,40.21,373,80.2787,99.521071,False
SOLUSDT,60,EMA_13_34_RSI14_55,30,-400.026376,37.76,339,80.189,99.973624,False
SOLUSDT,60,RSI14_7030,none,-400.198575,45.14,432,80.1196,99.801425,False
SOLUSDT,60,RSI14_7030,15,-400.198575,45.14,432,80.1196,99.801425,False
SOLUSDT,60,RSI14_7030,20,-401.097006,45.45,440,80.2985,98.902994,False
SOLUSDT,60,RSI14_7030,25,-400.354683,44.81,453,80.1507,99.645317,False
SOLUSDT,60,RSI14_7030,30,-381.126159,45.07,446,76.3204,118.873841,True
SOLUSDT,60,MACD_12_26_hist,none,-400.834314,29.38,371,80.1992,99.165686,False
SOLUSDT,60,MACD_12_26_hist,15,-401.500028,29.49,373,80.3321,98.499972,False
SOLUSDT,60,MACD_12_26_hist,20,-401.870372,28.65,356,80.4061,98.129628,False
SOLUSDT,60,MACD_12_26_hist,25,-400.446368,29.75,353,80.1217,99.553632,False
SOLUSDT,60,MACD_12_26_hist,30,-400.25712,30.56,396,80.0839,99.74288,False
SOLUSDT,60,MACD_RSI14_50,none,-402.414886,32.45,379,80.5328,97.585114,False
SOLUSDT,60,MACD_RSI14_50,15,-402.392015,32.45,379,80.5283,97.607985,False
SOLUSDT,60,MACD_RSI14_50,20,-400.458942,32.41,361,80.1426,99.541058,False
SOLUSDT,60,MACD_RSI14_50,25,-400.155579,32.13,361,80.0821,99.844421,False
SOLUSDT,60,MACD_RSI14_50,30,-401.744334,32.3,356,80.3991,98.255666,False
SOLUSDT,60,BB_20_25_breakout,none,-243.216015,40.35,228,48.8904,256.783985,True
SOLUSDT,60,BB_20_25_breakout,15,-243.216015,40.35,228,48.8904,256.783985,True
SOLUSDT,60,BB_20_25_breakout,20,-248.399298,40.0,225,49.922,251.600702,True
SOLUSDT,60,BB_20_25_breakout,25,-248.183225,37.81,201,49.879,251.816775,True
SOLUSDT,60,BB_20_25_breakout,30,-193.576442,37.11,159,39.0102,306.423558,True
SOLUSDT,60,BB_20_2_RSI14,none,-401.158161,37.98,366,80.3454,98.841839,False
SOLUSDT,60,BB_20_2_RSI14,15,-401.158161,37.98,366,80.3454,98.841839,False
SOLUSDT,60,BB_20_2_RSI14,20,-400.593406,38.08,365,80.2891,99.406594,False
SOLUSDT,60,BB_20_2_RSI14,25,-401.348935,36.01,336,80.3834,98.651065,False
SOLUSDT,60,BB_20_2_RSI14,30,-402.76291,35.38,342,80.6645,97.23709,False
SOLUSDT,60,ADX14_DI_20,none,-400.184141,27.3,370,80.0368,99.815859,False
SOLUSDT,60,ADX14_DI_20,15,-400.184141,27.3,370,80.0368,99.815859,False
SOLUSDT,60,ADX14_DI_20,20,-400.184141,27.3,370,80.0368,99.815859,False
SOLUSDT,60,ADX14_DI_20,25,-400.219904,29.15,398,80.044,99.780096,False
SOLUSDT,60,ADX14_DI_20,30,-400.577789,28.29,403,80.1156,99.422211,False
SOLUSDT,60,STOCH14_cross,none,-400.558451,22.65,627,80.1692,99.441549,False
SOLUSDT,60,STOCH14_cross,15,-400.123682,22.76,624,80.0825,99.876318,False
SOLUSDT,60,STOCH14_cross,20,-400.261148,23.82,655,80.1099,99.738852,False
SOLUSDT,60,STOCH14_cross,25,-400.854099,26.15,654,80.2282,99.145901,False
SOLUSDT,60,STOCH14_cross,30,-401.431081,24.83,584,80.3432,98.568919,False
SOLUSDT,60,TS_13_34_200_14,none,-400.881691,40.56,355,80.3585,99.118309,False
SOLUSDT,60,TS_13_34_200_14,15,-400.85882,40.56,355,80.3539,99.14118,False
SOLUSDT,60,TS_13_34_200_14,20,-401.823717,40.63,347,80.5451,98.176283,False
SOLUSDT,60,TS_13_34_200_14,25,-401.311975,38.51,348,80.4437,98.688025,False
SOLUSDT,60,TS_13_34_200_14,30,-401.182474,36.74,313,80.4181,98.817526,False
ETHUSDT,240,EMA_8_21,none,-401.690156,32.35,371,80.5663,98.309844,False
ETHUSDT,240,EMA_8_21,15,-401.690156,32.35,371,80.5663,98.309844,False
ETHUSDT,240,EMA_8_21,20,-403.120783,32.07,368,80.8804,96.879217,False
ETHUSDT,240,EMA_8_21,25,-403.016392,31.65,357,80.8472,96.983608,False
ETHUSDT,240,EMA_8_21,30,-382.602703,31.18,340,76.834,117.397297,True
ETHUSDT,240,EMA_13_34_RSI14_55,none,-402.087532,33.44,323,81.0417,97.912468,False
ETHUSDT,240,EMA_13_34_RSI14_55,15,-400.374376,33.54,319,80.71,99.625624,False
ETHUSDT,240,EMA_13_34_RSI14_55,20,-400.623782,32.81,317,80.7393,99.376218,False
ETHUSDT,240,EMA_13_34_RSI14_55,25,-401.707908,32.15,311,80.9048,98.292092,False
ETHUSDT,240,EMA_13_34_RSI14_55,30,-335.25244,32.37,278,67.8339,164.74756,True
ETHUSDT,240,RSI14_7030,none,-332.290085,29.95,207,66.6212,167.709915,True
ETHUSDT,240,RSI14_7030,15,-332.290085,29.95,207,66.6212,167.709915,True
ETHUSDT,240,RSI14_7030,20,-328.459796,29.76,205,65.8563,171.540204,True
ETHUSDT,240,RSI14_7030,25,-324.575717,27.69,195,65.0805,175.424283,True
ETHUSDT,240,RSI14_7030,30,-296.971077,27.17,173,59.5673,203.028923,True
ETHUSDT,240,MACD_12_26_hist,none,-402.759326,27.89,380,80.5519,97.240674,False
ETHUSDT,240,MACD_12_26_hist,15,-400.951769,27.89,380,80.1904,99.048231,False
ETHUSDT,240,MACD_12_26_hist,20,-400.265331,27.72,368,80.0531,99.734669,False
ETHUSDT,240,MACD_12_26_hist,25,-402.329722,27.57,370,80.4659,97.670278,False
ETHUSDT,240,MACD_12_26_hist,30,-401.248419,28.57,364,80.2497,98.751581,False
ETHUSDT,240,MACD_RSI14_50,none,-400.615532,30.52,344,80.1231,99.384468,False
ETHUSDT,240,MACD_RSI14_50,15,-400.615532,30.52,344,80.1231,99.384468,False
ETHUSDT,240,MACD_RSI14_50,20,-402.512398,30.52,344,80.5025,97.487602,False
ETHUSDT,240,MACD_RSI14_50,25,-400.283024,30.37,326,80.0566,99.716976,False
ETHUSDT,240,MACD_RSI14_50,30,-375.514655,29.55,308,75.1029,124.485345,True
ETHUSDT,240,BB_20_25_breakout,none,-89.047947,30.67,75,19.1327,410.952053,True
ETHUSDT,240,BB_20_25_breakout,15,-89.047947,30.67,75,19.1327,410.952053,True
ETHUSDT,240,BB_20_25_breakout,20,-82.416947,31.51,73,17.8279,417.583053,True
ETHUSDT,240,BB_20_25_breakout,25,-66.123669,34.38,64,14.4304,433.876331,True
ETHUSDT,240,BB_20_25_breakout,30,-52.829761,35.19,54,10.8701,447.170239,True
ETHUSDT,240,BB_20_2_RSI14,none,-239.401532,25.73,171,48.939,260.598468,True
ETHUSDT,240,BB_20_2_RSI14,15,-239.401532,25.73,171,48.939,260.598468,True
ETHUSDT,240,BB_20_2_RSI14,20,-220.194826,26.67,165,45.1757,279.805174,True
ETHUSDT,240,BB_20_2_RSI14,25,-193.957169,28.48,151,40.33,306.042831,True
ETHUSDT,240,BB_20_2_RSI14,30,-159.39075,27.13,129,32.9352,340.60925,True
ETHUSDT,240,ADX14_DI_20,none,-400.124519,29.64,388,80.0249,99.875481,False
ETHUSDT,240,ADX14_DI_20,15,-400.124519,29.64,388,80.0249,99.875481,False
ETHUSDT,240,ADX14_DI_20,20,-400.124519,29.64,388,80.0249,99.875481,False
ETHUSDT,240,ADX14_DI_20,25,-400.915686,28.26,368,80.1831,99.084314,False
ETHUSDT,240,ADX14_DI_20,30,-400.413781,27.27,341,80.0828,99.586219,False
ETHUSDT,240,STOCH14_cross,none,-400.558937,24.02,562,80.1652,99.441063,False
ETHUSDT,240,STOCH14_cross,15,-400.002244,24.11,564,80.0541,99.997756,False
ETHUSDT,240,STOCH14_cross,20,-401.460337,23.93,560,80.345,98.539663,False
ETHUSDT,240,STOCH14_cross,25,-401.324639,25.08,594,80.3179,98.675361,False
ETHUSDT,240,STOCH14_cross,30,-401.376713,24.29,531,80.303,98.623287,False
ETHUSDT,240,TS_13_34_200_14,none,-401.445213,32.14,308,80.9686,98.554787,False
ETHUSDT,240,TS_13_34_200_14,15,-400.255034,32.03,306,80.7387,99.744966,False
ETHUSDT,240,TS_13_34_200_14,20,-401.63672,31.58,304,81.0056,98.36328,False
ETHUSDT,240,TS_13_34_200_14,25,-369.607066,31.72,290,74.783,130.392934,True
ETHUSDT,240,TS_13_34_200_14,30,-302.493623,31.76,255,61.4379,197.506377,True
ETHUSDT,60,EMA_8_21,none,-400.61696,28.95,532,80.1302,99.38304,False
ETHUSDT,60,EMA_8_21,15,-400.291992,29.21,541,80.0653,99.708008,False
ETHUSDT,60,EMA_8_21,20,-400.820627,29.8,537,80.171,99.179373,False
ETHUSDT,60,EMA_8_21,25,-402.215536,30.26,499,80.4498,97.784464,False
ETHUSDT,60,EMA_8_21,30,-400.497535,32.11,489,80.1064,99.502465,False
ETHUSDT,60,EMA_13_34_RSI14_55,none,-400.98594,36.73,471,80.2919,99.01406,False
ETHUSDT,60,EMA_13_34_RSI14_55,15,-400.98594,36.73,471,80.2919,99.01406,False
ETHUSDT,60,EMA_13_34_RSI14_55,20,-400.965853,37.2,465,80.2879,99.034147,False
ETHUSDT,60,EMA_13_34_RSI14_55,25,-402.374566,37.69,451,80.5517,97.625434,False
ETHUSDT,60,EMA_13_34_RSI14_55,30,-402.123491,37.15,428,80.5017,97.876509,False
ETHUSDT,60,RSI14_7030,none,-403.218545,45.96,446,80.7358,96.781455,False
ETHUSDT,60,RSI14_7030,15,-403.285487,45.95,444,80.7492,96.714513,False
ETHUSDT,60,RSI14_7030,20,-400.99642,45.62,434,80.2935,99.00358,False
ETHUSDT,60,RSI14_7030,25,-395.852592,44.93,414,79.6399,104.147408,True
ETHUSDT,60,RSI14_7030,30,-351.390405,45.91,379,70.8244,148.609595,True
ETHUSDT,60,MACD_12_26_hist,none,-401.805749,30.72,625,80.3679,98.194251,False
ETHUSDT,60,MACD_12_26_hist,15,-400.671705,30.78,627,80.1412,99.328295,False
ETHUSDT,60,MACD_12_26_hist,20,-400.31533,31.01,632,80.0699,99.68467,False
ETHUSDT,60,MACD_12_26_hist,25,-400.415967,31.74,627,80.0901,99.584033,False
ETHUSDT,60,MACD_12_26_hist,30,-400.894878,32.32,625,80.1858,99.105122,False
ETHUSDT,60,MACD_RSI14_50,none,-400.573758,31.4,570,80.1538,99.426242,False
ETHUSDT,60,MACD_RSI14_50,15,-400.215646,31.51,568,80.0823,99.784354,False
ETHUSDT,60,MACD_RSI14_50,20,-402.598706,31.68,565,80.558,97.401294,False
ETHUSDT,60,MACD_RSI14_50,25,-403.159431,33.51,582,80.6699,96.840569,False
ETHUSDT,60,MACD_RSI14_50,30,-400.1548,33.99,559,80.0701,99.8452,False
ETHUSDT,60,BB_20_25_breakout,none,-148.326733,44.39,223,30.3585,351.673267,True
ETHUSDT,60,BB_20_25_breakout,15,-148.578147,44.39,223,30.4084,351.421853,True
ETHUSDT,60,BB_20_25_breakout,20,-141.051973,44.44,216,28.9154,358.948027,True
ETHUSDT,60,BB_20_25_breakout,25,-129.332449,44.61,204,26.5905,370.667551,True
ETHUSDT,60,BB_20_25_breakout,30,-137.164698,43.09,181,27.5548,362.835302,True
ETHUSDT,60,BB_20_2_RSI14,none,-390.450756,35.71,392,78.1371,109.549244,True
ETHUSDT,60,BB_20_2_RSI14,15,-390.441153,35.81,391,78.1352,109.558847,True
ETHUSDT,60,BB_20_2_RSI14,20,-357.65666,36.97,376,71.5726,142.34334,True
ETHUSDT,60,BB_20_2_RSI14,25,-348.195525,36.69,357,69.6831,151.804475,True
ETHUSDT,60,BB_20_2_RSI14,30,-296.051025,36.42,313,59.2102,203.948975,True
ETHUSDT,60,ADX14_DI_20,none,-401.545638,27.09,646,80.3159,98.454362,False
ETHUSDT,60,ADX14_DI_20,15,-401.545638,27.09,646,80.3159,98.454362,False
ETHUSDT,60,ADX14_DI_20,20,-401.545638,27.09,646,80.3159,98.454362,False
ETHUSDT,60,ADX14_DI_20,25,-400.088896,26.33,581,80.0247,99.911104,False
ETHUSDT,60,ADX14_DI_20,30,-400.758904,26.19,546,80.1586,99.241096,False
ETHUSDT,60,STOCH14_cross,none,-401.956529,20.73,873,80.4395,98.043471,False
ETHUSDT,60,STOCH14_cross,15,-400.196466,20.55,866,80.0883,99.803534,False
ETHUSDT,60,STOCH14_cross,20,-400.640193,21.2,882,80.1768,99.359807,False
ETHUSDT,60,STOCH14_cross,25,-400.430686,20.94,874,80.135,99.569314,False
ETHUSDT,60,STOCH14_cross,30,-400.551693,20.38,834,80.1592,99.448307,False
ETHUSDT,60,TS_13_34_200_14,none,-402.866323,39.61,414,80.6497,97.133677,False
ETHUSDT,60,TS_13_34_200_14,15,-400.084688,39.71,413,80.0956,99.915312,False
ETHUSDT,60,TS_13_34_200_14,20,-402.457093,39.9,411,80.5682,97.542907,False
ETHUSDT,60,TS_13_34_200_14,25,-402.971942,39.85,399,80.6707,97.028058,False
ETHUSDT,60,TS_13_34_200_14,30,-400.238338,40.16,386,80.1262,99.761662,False
BTCUSDT,240,EMA_8_21,none,-376.382001,33.14,350,75.3892,123.617999,True
BTCUSDT,240,EMA_8_21,15,-371.422057,33.14,347,74.5701,128.577943,True
BTCUSDT,240,EMA_8_21,20,-365.94657,32.34,334,73.4872,134.05343,True
BTCUSDT,240,EMA_8_21,25,-329.80754,32.79,305,66.3396,170.19246,True
BTCUSDT,240,EMA_8_21,30,-301.301367,33.94,277,60.7017,198.698633,True
BTCUSDT,240,EMA_13_34_RSI14_55,none,-278.787942,35.77,246,56.5128,221.212058,True
BTCUSDT,240,EMA_13_34_RSI14_55,15,-283.179084,35.63,247,57.3761,216.820916,True
BTCUSDT,240,EMA_13_34_RSI14_55,20,-273.708962,35.83,240,55.5352,226.291038,True
BTCUSDT,240,EMA_13_34_RSI14_55,25,-244.707658,37.39,222,49.8366,255.292342,True
BTCUSDT,240,EMA_13_34_RSI14_55,30,-234.067555,36.36,209,47.7459,265.932445,True
BTCUSDT,240,RSI14_7030,none,-251.112984,33.89,180,50.7473,248.887016,True
BTCUSDT,240,RSI14_7030,15,-251.112984,33.89,180,50.7473,248.887016,True
BTCUSDT,240,RSI14_7030,20,-247.465519,33.14,175,49.9548,252.534481,True
BTCUSDT,240,RSI14_7030,25,-249.648197,32.74,168,50.3456,250.351803,True
BTCUSDT,240,RSI14_7030,30,-224.071266,33.33,159,45.2467,275.928734,True
BTCUSDT,240,MACD_12_26_hist,none,-401.699564,30.08,389,80.3399,98.300436,False
BTCUSDT,240,MACD_12_26_hist,15,-402.07748,30.46,394,80.5279,97.92252,False
BTCUSDT,240,MACD_12_26_hist,20,-400.813309,30.39,385,80.2779,99.186691,False
BTCUSDT,240,MACD_12_26_hist,25,-399.723166,28.77,365,80.0598,100.276834,True
BTCUSDT,240,MACD_12_26_hist,30,-362.657525,29.75,326,72.6892,137.342475,True
BTCUSDT,240,MACD_RSI14_50,none,-347.165003,32.63,331,70.0185,152.834997,True
BTCUSDT,240,MACD_RSI14_50,15,-346.183837,32.73,330,69.826,153.816163,True
BTCUSDT,240,MACD_RSI14_50,20,-336.726368,32.38,315,67.9148,163.273632,True
BTCUSDT,240,MACD_RSI14_50,25,-329.301827,30.56,288,66.3319,170.698173,True
BTCUSDT,240,MACD_RSI14_50,30,-278.375844,32.81,256,56.2619,221.624156,True
BTCUSDT,240,BB_20_25_breakout,none,-89.900174,35.14,74,18.0694,410.099826,True
BTCUSDT,240,BB_20_25_breakout,15,-89.900174,35.14,74,18.0694,410.099826,True
BTCUSDT,240,BB_20_25_breakout,20,-81.125044,35.21,71,16.3163,418.874956,True
BTCUSDT,240,BB_20_25_breakout,25,-71.441247,35.38,65,14.3816,428.558753,True
BTCUSDT,240,BB_20_25_breakout,30,-62.411979,38.6,57,12.5778,437.588021,True
BTCUSDT,240,BB_20_2_RSI14,none,-177.921374,33.33,141,35.8587,322.078626,True
BTCUSDT,240,BB_20_2_RSI14,15,-178.348549,32.86,140,35.9437,321.651451,True
BTCUSDT,240,BB_20_2_RSI14,20,-165.954887,32.59,135,33.457,334.045113,True
BTCUSDT,240,BB_20_2_RSI14,25,-143.467491,33.87,124,29.1279,356.532509,True
BTCUSDT,240,BB_20_2_RSI14,30,-120.450126,37.27,110,24.4852,379.549874,True
BTCUSDT,240,ADX14_DI_20,none,-400.129644,26.27,373,80.2478,99.870356,False
BTCUSDT,240,ADX14_DI_20,15,-400.129644,26.27,373,80.2478,99.870356,False
BTCUSDT,240,ADX14_DI_20,20,-400.129644,26.27,373,80.2478,99.870356,False
BTCUSDT,240,ADX14_DI_20,25,-373.577574,25.94,347,74.9964,126.422426,True
BTCUSDT,240,ADX14_DI_20,30,-315.719774,27.84,291,63.5534,184.280226,True
BTCUSDT,240,STOCH14_cross,none,-400.360592,24.92,614,80.1166,99.639408,False
BTCUSDT,240,STOCH14_cross,15,-401.210304,24.63,605,80.2861,98.789696,False
BTCUSDT,240,STOCH14_cross,20,-400.261676,25.52,623,80.0968,99.738324,False
BTCUSDT,240,STOCH14_cross,25,-400.509823,24.35,612,80.1463,99.490177,False
BTCUSDT,240,STOCH14_cross,30,-400.278111,23.43,589,80.1001,99.721889,False
BTCUSDT,240,TS_13_34_200_14,none,-228.531232,37.5,208,46.902,271.468768,True
BTCUSDT,240,TS_13_34_200_14,15,-228.531232,37.5,208,46.902,271.468768,True
BTCUSDT,240,TS_13_34_200_14,20,-225.84144,36.45,203,46.3759,274.15856,True
BTCUSDT,240,TS_13_34_200_14,25,-204.644908,37.7,191,42.23,295.355092,True
BTCUSDT,240,TS_13_34_200_14,30,-189.179219,37.22,180,39.2049,310.820781,True
BTCUSDT,60,EMA_8_21,none,-400.288485,28.07,659,80.2905,99.711515,False
BTCUSDT,60,EMA_8_21,15,-400.395502,28.2,656,80.3117,99.604498,False
BTCUSDT,60,EMA_8_21,20,-399.421294,28.12,640,80.2297,100.578706,True
BTCUSDT,60,EMA_8_21,25,-365.067935,30.07,572,73.4392,134.932065,True
BTCUSDT,60,EMA_8_21,30,-336.224463,30.96,491,67.9576,163.775537,True
BTCUSDT,60,EMA_13_34_RSI14_55,none,-301.75602,34.84,419,61.4241,198.24398,True
BTCUSDT,60,EMA_13_34_RSI14_55,15,-300.599781,34.93,418,61.1948,199.400219,True
BTCUSDT,60,EMA_13_34_RSI14_55,20,-300.728244,34.95,412,61.2202,199.271756,True
BTCUSDT,60,EMA_13_34_RSI14_55,25,-294.98914,35.26,397,60.1899,205.01086,True
BTCUSDT,60,EMA_13_34_RSI14_55,30,-278.966684,35.69,367,56.5592,221.033316,True
BTCUSDT,60,RSI14_7030,none,-232.78869,51.78,394,48.5381,267.21131,True
BTCUSDT,60,RSI14_7030,15,-229.723966,51.91,393,47.9344,270.276034,True
BTCUSDT,60,RSI14_7030,20,-222.411972,51.68,387,46.7596,277.588028,True
BTCUSDT,60,RSI14_7030,25,-209.284254,51.66,362,44.1143,290.715746,True
BTCUSDT,60,RSI14_7030,30,-193.925089,51.79,336,41.7629,306.074911,True
BTCUSDT,60,MACD_12_26_hist,none,-402.571695,29.67,738,80.7231,97.428305,False
BTCUSDT,60,MACD_12_26_hist,15,-402.347314,29.84,734,80.6787,97.652686,False
BTCUSDT,60,MACD_12_26_hist,20,-400.134792,30.18,729,80.2409,99.865208,False
BTCUSDT,60,MACD_12_26_hist,25,-401.997157,30.32,696,80.6094,98.002843,False
BTCUSDT,60,MACD_12_26_hist,30,-400.596535,29.6,642,80.3323,99.403465,False
BTCUSDT,60,MACD_RSI14_50,none,-378.082996,32.4,716,75.7893,121.917004,True
BTCUSDT,60,MACD_RSI14_50,15,-374.544477,32.44,712,75.0834,125.455523,True
BTCUSDT,60,MACD_RSI14_50,20,-374.462971,32.32,690,75.0671,125.537029,True
BTCUSDT,60,MACD_RSI14_50,25,-362.941665,33.02,639,72.7686,137.058335,True
BTCUSDT,60,MACD_RSI14_50,30,-344.296466,32.97,558,69.0488,155.703534,True
BTCUSDT,60,BB_20_25_breakout,none,-151.823283,40.49,205,32.0932,348.176717,True
BTCUSDT,60,BB_20_25_breakout,15,-151.823283,40.49,205,32.0932,348.176717,True
BTCUSDT,60,BB_20_25_breakout,20,-151.321455,40.1,202,31.9937,348.678545,True
BTCUSDT,60,BB_20_25_breakout,25,-141.596087,39.58,192,30.0661,358.403913,True
BTCUSDT,60,BB_20_25_breakout,30,-139.81697,38.32,167,29.3079,360.18303,True
BTCUSDT,60,BB_20_2_RSI14,none,-248.407913,35.24,332,51.7156,251.592087,True
BTCUSDT,60,BB_20_2_RSI14,15,-248.373016,35.24,332,51.7087,251.626984,True
BTCUSDT,60,BB_20_2_RSI14,20,-239.275302,35.71,322,49.7301,260.724698,True
BTCUSDT,60,BB_20_2_RSI14,25,-239.012921,35.62,306,49.6778,260.987079,True
BTCUSDT,60,BB_20_2_RSI14,30,-211.431409,35.87,276,43.7781,288.568591,True
BTCUSDT,60,ADX14_DI_20,none,-400.605109,24.03,770,80.236,99.394891,False
BTCUSDT,60,ADX14_DI_20,15,-400.605109,24.03,770,80.236,99.394891,False
BTCUSDT,60,ADX14_DI_20,20,-400.605109,24.03,770,80.236,99.394891,False
BTCUSDT,60,ADX14_DI_20,25,-400.244371,23.45,708,80.2216,99.755629,False
BTCUSDT,60,ADX14_DI_20,30,-400.192598,25.19,643,80.14,99.807402,False
BTCUSDT,60,STOCH14_cross,none,-400.380495,20.02,959,80.2143,99.619505,False
BTCUSDT,60,STOCH14_cross,15,-400.181765,19.94,943,80.1748,99.818235,False
BTCUSDT,60,STOCH14_cross,20,-400.276606,20.11,900,80.1832,99.723394,False
BTCUSDT,60,STOCH14_cross,25,-401.590169,19.8,889,80.4435,98.409831,False
BTCUSDT,60,STOCH14_cross,30,-400.002522,18.74,870,80.1201,99.997478,False
BTCUSDT,60,TS_13_34_200_14,none,-217.735284,41.51,318,45.0095,282.264716,True
BTCUSDT,60,TS_13_34_200_14,15,-217.742495,41.51,318,45.0109,282.257505,True
BTCUSDT,60,TS_13_34_200_14,20,-217.811192,41.9,315,45.0246,282.188808,True
BTCUSDT,60,TS_13_34_200_14,25,-220.186069,40.59,303,45.3352,279.813931,True
BTCUSDT,60,TS_13_34_200_14,30,-213.053552,41.75,297,44.1751,286.946448,True
XRPUSDT,240,EMA_8_21,none,-400.120743,27.6,337,80.0241,99.879257,False
XRPUSDT,240,EMA_8_21,15,-400.532211,27.41,332,80.1064,99.467789,False
XRPUSDT,240,EMA_8_21,20,-401.950291,27.86,359,80.3901,98.049709,False
XRPUSDT,240,EMA_8_21,25,-400.352165,26.74,344,80.0704,99.647835,False
XRPUSDT,240,EMA_8_21,30,-401.83643,22.7,326,80.3673,98.16357,False
XRPUSDT,240,EMA_13_34_RSI14_55,none,-403.199157,26.81,317,80.6923,96.800843,False
XRPUSDT,240,EMA_13_34_RSI14_55,15,-401.849545,26.98,315,80.4231,98.150455,False
XRPUSDT,240,EMA_13_34_RSI14_55,20,-401.229933,25.79,318,80.2995,98.770067,False
XRPUSDT,240,EMA_13_34_RSI14_55,25,-401.813038,26.54,324,80.4158,98.186962,False
XRPUSDT,240,EMA_13_34_RSI14_55,30,-402.365051,22.56,297,80.5259,97.634949,False
XRPUSDT,240,RSI14_7030,none,-403.129634,22.48,258,80.6741,96.870366,False
XRPUSDT,240,RSI14_7030,15,-400.371417,22.27,256,80.1238,99.628583,False
XRPUSDT,240,RSI14_7030,20,-398.02087,21.26,254,79.6548,101.97913,True
XRPUSDT,240,RSI14_7030,25,-379.600721,21.63,245,75.98,120.399279,True
XRPUSDT,240,RSI14_7030,30,-348.792932,22.17,230,69.8337,151.207068,True
XRPUSDT,240,MACD_12_26_hist,none,-400.747198,25.32,308,80.1494,99.252802,False
XRPUSDT,240,MACD_12_26_hist,15,-403.315065,26.18,317,80.663,96.684935,False
XRPUSDT,240,MACD_12_26_hist,20,-400.253549,26.09,322,80.0507,99.746451,False
XRPUSDT,240,MACD_12_26_hist,25,-401.780093,26.11,337,80.356,98.219907,False
XRPUSDT,240,MACD_12_26_hist,30,-400.387692,22.4,317,80.0775,99.612308,False
XRPUSDT,240,MACD_RSI14_50,none,-400.399971,25.64,351,80.0891,99.600029,False
XRPUSDT,240,MACD_RSI14_50,15,-400.87304,25.79,349,80.1836,99.12696,False
XRPUSDT,240,MACD_RSI14_50,20,-400.59682,25.29,340,80.1284,99.40318,False
XRPUSDT,240,MACD_RSI14_50,25,-401.623185,24.35,345,80.3336,98.376815,False
XRPUSDT,240,MACD_RSI14_50,30,-402.744761,20.7,314,80.5498,97.255239,False
XRPUSDT,240,BB_20_25_breakout,none,-121.522803,18.68,91,25.1817,378.477197,True
XRPUSDT,240,BB_20_25_breakout,15,-121.522803,18.68,91,25.1817,378.477197,True
XRPUSDT,240,BB_20_25_breakout,20,-117.367143,19.1,89,24.3588,382.632857,True
XRPUSDT,240,BB_20_25_breakout,25,-116.339394,14.63,82,23.6142,383.660606,True
XRPUSDT,240,BB_20_25_breakout,30,-113.398832,13.89,72,23.0277,386.601168,True
XRPUSDT,240,BB_20_2_RSI14,none,-232.127262,18.89,180,46.5579,267.872738,True
XRPUSDT,240,BB_20_2_RSI14,15,-232.127262,18.89,180,46.5579,267.872738,True
XRPUSDT,240,BB_20_2_RSI14,20,-225.055858,18.64,177,45.1436,274.944142,True
XRPUSDT,240,BB_20_2_RSI14,25,-205.724793,18.67,166,41.2774,294.275207,True
XRPUSDT,240,BB_20_2_RSI14,30,-199.391409,16.55,145,40.0107,300.608591,True
XRPUSDT,240,ADX14_DI_20,none,-400.714233,24.77,323,80.2194,99.285767,False
XRPUSDT,240,ADX14_DI_20,15,-400.714233,24.77,323,80.2194,99.285767,False
XRPUSDT,240,ADX14_DI_20,20,-400.714233,24.77,323,80.2194,99.285767,False
XRPUSDT,240,ADX14_DI_20,25,-401.621829,23.35,334,80.4003,98.378171,False
XRPUSDT,240,ADX14_DI_20,30,-402.759931,19.09,309,80.627,97.240069,False
XRPUSDT,240,STOCH14_cross,none,-400.418232,22.2,509,80.1279,99.581768,False
XRPUSDT,240,STOCH14_cross,15,-401.882117,22.07,503,80.4201,98.117883,False
XRPUSDT,240,STOCH14_cross,20,-400.343465,22.2,500,80.113,99.656535,False
XRPUSDT,240,STOCH14_cross,25,-400.686141,21.43,490,80.1814,99.313859,False
XRPUSDT,240,STOCH14_cross,30,-402.736647,22.86,525,80.5906,97.263353,False
XRPUSDT,240,TS_13_34_200_14,none,-402.333832,24.67,300,80.5197,97.666168,False
XRPUSDT,240,TS_13_34_200_14,15,-402.333832,24.67,300,80.5197,97.666168,False
XRPUSDT,240,TS_13_34_200_14,20,-401.605402,24.25,301,80.3744,98.394598,False
XRPUSDT,240,TS_13_34_200_14,25,-400.509901,25.59,297,80.1559,99.490099,False
XRPUSDT,240,TS_13_34_200_14,30,-400.816502,22.15,298,80.2171,99.183498,False
XRPUSDT,60,EMA_8_21,none,-402.424903,28.0,425,80.6728,97.575097,False
XRPUSDT,60,EMA_8_21,15,-402.627744,28.07,424,80.7129,97.372256,False
XRPUSDT,60,EMA_8_21,20,-400.028385,28.5,421,80.1981,99.971615,False
XRPUSDT,60,EMA_8_21,25,-400.440757,26.8,388,80.2798,99.559243,False
XRPUSDT,60,EMA_8_21,30,-400.204267,25.79,380,80.1595,99.795733,False
XRPUSDT,60,EMA_13_34_RSI14_55,none,-401.621522,30.96,394,80.3568,98.378478,False
XRPUSDT,60,EMA_13_34_RSI14_55,15,-401.669098,32.01,403,80.3663,98.330902,False
XRPUSDT,60,EMA_13_34_RSI14_55,20,-400.997319,32.07,396,80.2321,99.002681,False
XRPUSDT,60,EMA_13_34_RSI14_55,25,-401.711425,31.25,384,80.3747,98.288575,False
XRPUSDT,60,EMA_13_34_RSI14_55,30,-402.811718,31.32,380,80.5944,97.188282,False
XRPUSDT,60,RSI14_7030,none,-402.301395,39.57,374,80.5457,97.698605,False
XRPUSDT,60,RSI14_7030,15,-400.170059,39.73,370,80.1213,99.829941,False
XRPUSDT,60,RSI14_7030,20,-401.604321,39.34,366,80.4069,98.395679,False
XRPUSDT,60,RSI14_7030,25,-400.412129,38.81,353,80.1656,99.587871,False
XRPUSDT,60,RSI14_7030,30,-402.640173,39.46,370,80.6333,97.359827,False
XRPUSDT,60,MACD_12_26_hist,none,-402.564007,25.0,488,80.6136,97.435993,False
XRPUSDT,60,MACD_12_26_hist,15,-400.514936,25.21,484,80.2059,99.485064,False
XRPUSDT,60,MACD_12_26_hist,20,-400.904446,26.37,493,80.2834,99.095554,False
XRPUSDT,60,MACD_12_26_hist,25,-400.79347,25.58,473,80.2613,99.20653,False
XRPUSDT,60,MACD_12_26_hist,30,-401.109781,26.57,463,80.3243,98.890219,False
XRPUSDT,60,MACD_RSI14_50,none,-402.160476,27.78,450,80.4644,97.839524,False
XRPUSDT,60,MACD_RSI14_50,15,-400.964408,28.06,449,80.2255,99.035592,False
XRPUSDT,60,MACD_RSI14_50,20,-400.016254,27.99,443,80.0362,99.983746,False
XRPUSDT,60,MACD_RSI14_50,25,-400.229477,26.78,422,80.0788,99.770523,False
XRPUSDT,60,MACD_RSI14_50,30,-400.582879,26.1,410,80.1494,99.417121,False
XRPUSDT,60,BB_20_25_breakout,none,-317.164318,31.78,258,63.7706,182.835682,True
XRPUSDT,60,BB_20_25_breakout,15,-314.707289,31.91,257,63.2796,185.292711,True
XRPUSDT,60,BB_20_25_breakout,20,-298.389179,32.4,250,60.018,201.610821,True
XRPUSDT,60,BB_20_25_breakout,25,-290.998014,30.34,234,58.5407,209.001986,True
XRPUSDT,60,BB_20_25_breakout,30,-247.92617,31.53,203,49.8999,252.07383,True
XRPUSDT,60,BB_20_2_RSI14,none,-402.647099,28.93,363,80.5619,97.352901,False
XRPUSDT,60,BB_20_2_RSI14,15,-401.123378,28.89,360,80.2576,98.876622,False
XRPUSDT,60,BB_20_2_RSI14,20,-401.783544,28.97,359,80.3894,98.216456,False
XRPUSDT,60,BB_20_2_RSI14,25,-400.849389,30.59,353,80.187,99.150611,False
XRPUSDT,60,BB_20_2_RSI14,30,-401.620507,29.2,339,80.3411,98.379493,False
XRPUSDT,60,ADX14_DI_20,none,-400.465765,25.14,529,80.2198,99.534235,False
XRPUSDT,60,ADX14_DI_20,15,-400.465765,25.14,529,80.2198,99.534235,False
XRPUSDT,60,ADX14_DI_20,20,-400.465765,25.14,529,80.2198,99.534235,False
XRPUSDT,60,ADX14_DI_20,25,-402.761587,23.48,494,80.6971,97.238413,False
XRPUSDT,60,ADX14_DI_20,30,-400.063292,23.69,439,80.0326,99.936708,False
XRPUSDT,60,STOCH14_cross,none,-400.248426,23.03,851,80.1416,99.751574,False
XRPUSDT,60,STOCH14_cross,15,-400.45483,23.44,866,80.1827,99.54517,False
XRPUSDT,60,STOCH14_cross,20,-400.18964,23.56,853,80.1299,99.81036,False
XRPUSDT,60,STOCH14_cross,25,-400.351993,22.37,845,80.1622,99.648007,False
XRPUSDT,60,STOCH14_cross,30,-400.26339,21.51,911,80.1446,99.73661,False
XRPUSDT,60,TS_13_34_200_14,none,-400.819998,34.39,378,80.2995,99.180002,False
XRPUSDT,60,TS_13_34_200_14,15,-403.113556,34.47,380,80.7551,96.886444,False
XRPUSDT,60,TS_13_34_200_14,20,-400.548724,34.56,379,80.2456,99.451276,False
XRPUSDT,60,TS_13_34_200_14,25,-400.180016,34.15,369,80.1724,99.819984,False
XRPUSDT,60,TS_13_34_200_14,30,-401.765996,33.7,362,80.4874,98.234004,False
DOGEUSDT,240,EMA_8_21,none,-403.157333,17.79,298,80.6315,96.842667,False
DOGEUSDT,240,EMA_8_21,15,-401.929583,17.63,295,80.3859,98.070417,False
DOGEUSDT,240,EMA_8_21,20,-401.32406,17.75,293,80.2648,98.67594,False
DOGEUSDT,240,EMA_8_21,25,-403.135011,19.33,300,80.627,96.864989,False
DOGEUSDT,240,EMA_8_21,30,-403.017514,18.06,288,80.6035,96.982486,False
DOGEUSDT,240,EMA_13_34_RSI14_55,none,-402.836143,18.48,276,80.5914,97.163857,False
DOGEUSDT,240,EMA_13_34_RSI14_55,15,-400.078072,19.86,282,80.0405,99.921928,False
DOGEUSDT,240,EMA_13_34_RSI14_55,20,-401.392646,20.21,282,80.3031,98.607354,False
DOGEUSDT,240,EMA_13_34_RSI14_55,25,-402.892465,19.42,278,80.6027,97.107535,False
DOGEUSDT,240,EMA_13_34_RSI14_55,30,-401.690829,17.71,271,80.3627,98.309171,False
DOGEUSDT,240,RSI14_7030,none,-400.0065,16.67,240,80.2645,99.9935,False
DOGEUSDT,240,RSI14_7030,15,-400.0065,16.67,240,80.2645,99.9935,False
DOGEUSDT,240,RSI14_7030,20,-400.084596,17.01,241,80.2799,99.915404,False
DOGEUSDT,240,RSI14_7030,25,-401.037269,17.41,247,80.4667,98.962731,False
DOGEUSDT,240,RSI14_7030,30,-400.287806,16.12,242,80.3721,99.712194,False
DOGEUSDT,240,MACD_12_26_hist,none,-401.827734,17.42,287,80.3655,98.172266,False
DOGEUSDT,240,MACD_12_26_hist,15,-402.428604,17.01,288,80.4857,97.571396,False
DOGEUSDT,240,MACD_12_26_hist,20,-403.288427,17.42,287,80.6577,96.711573,False
DOGEUSDT,240,MACD_12_26_hist,25,-400.673962,18.75,288,80.1348,99.326038,False
DOGEUSDT,240,MACD_12_26_hist,30,-402.407588,18.44,282,80.4815,97.592412,False
DOGEUSDT,240,MACD_RSI14_50,none,-400.096946,19.27,275,80.0194,99.903054,False
DOGEUSDT,240,MACD_RSI14_50,15,-400.417011,18.61,274,80.0834,99.582989,False
DOGEUSDT,240,MACD_RSI14_50,20,-402.257182,18.15,270,80.4514,97.742818,False
DOGEUSDT,240,MACD_RSI14_50,25,-402.268478,19.19,271,80.4537,97.731522,False
DOGEUSDT,240,MACD_RSI14_50,30,-402.749087,18.52,270,80.5498,97.250913,False
DOGEUSDT,240,BB_20_25_breakout,none,-111.609554,16.47,85,22.3351,388.390446,True
DOGEUSDT,240,BB_20_25_breakout,15,-111.609554,16.47,85,22.3351,388.390446,True
DOGEUSDT,240,BB_20_25_breakout,20,-109.155724,16.05,81,21.8445,390.844276,True
DOGEUSDT,240,BB_20_25_breakout,25,-107.590144,14.67,75,21.5314,392.409856,True
DOGEUSDT,240,BB_20_25_breakout,30,-75.082098,13.56,59,15.0309,424.917902,True
DOGEUSDT,240,BB_20_2_RSI14,none,-307.242078,15.28,216,61.455,192.757922,True
DOGEUSDT,240,BB_20_2_RSI14,15,-307.242078,15.28,216,61.455,192.757922,True
DOGEUSDT,240,BB_20_2_RSI14,20,-295.874189,15.79,209,59.1818,204.125811,True
DOGEUSDT,240,BB_20_2_RSI14,25,-289.296705,14.87,195,57.8665,210.703295,True
DOGEUSDT,240,BB_20_2_RSI14,30,-243.686797,12.12,165,48.7461,256.313203,True
DOGEUSDT,240,ADX14_DI_20,none,-400.509563,18.45,309,80.2431,99.490437,False
DOGEUSDT,240,ADX14_DI_20,15,-400.509563,18.45,309,80.2431,99.490437,False
DOGEUSDT,240,ADX14_DI_20,20,-400.509563,18.45,309,80.2431,99.490437,False
DOGEUSDT,240,ADX14_DI_20,25,-401.704173,18.69,305,80.4803,98.295827,False
DOGEUSDT,240,ADX14_DI_20,30,-401.623191,17.47,292,80.4642,98.376809,False
DOGEUSDT,240,STOCH14_cross,none,-400.515352,14.45,339,80.1574,99.484648,False
DOGEUSDT,240,STOCH14_cross,15,-400.710575,15.27,347,80.1964,99.289425,False
DOGEUSDT,240,STOCH14_cross,20,-402.332028,15.56,347,80.5198,97.667972,False
DOGEUSDT,240,STOCH14_cross,25,-400.714623,14.63,335,80.1972,99.285377,False
DOGEUSDT,240,STOCH14_cross,30,-401.399388,15.57,334,80.3337,98.600612,False
DOGEUSDT,240,TS_13_34_200_14,none,-401.761666,18.7,262,80.3768,98.238334,False
DOGEUSDT,240,TS_13_34_200_14,15,-400.108885,18.53,259,80.0467,99.891115,False
DOGEUSDT,240,TS_13_34_200_14,20,-400.284781,19.85,267,80.0818,99.715219,False
DOGEUSDT,240,TS_13_34_200_14,25,-401.802492,20.45,269,80.385,98.197508,False
DOGEUSDT,240,TS_13_34_200_14,30,-400.376597,18.99,258,80.1002,99.623403,False
DOGEUSDT,60,EMA_8_21,none,-400.557997,29.46,353,80.2789,99.442003,False
DOGEUSDT,60,EMA_8_21,15,-400.837391,29.46,353,80.3343,99.162609,False
DOGEUSDT,60,EMA_8_21,20,-400.280206,28.78,344,80.2238,99.719794,False
DOGEUSDT,60,EMA_8_21,25,-400.757213,29.67,337,80.3184,99.242787,False
DOGEUSDT,60,EMA_8_21,30,-401.504344,32.45,339,80.4665,98.495656,False
DOGEUSDT,60,EMA_13_34_RSI14_55,none,-401.936184,30.5,318,80.4791,98.063816,False
DOGEUSDT,60,EMA_13_34_RSI14_55,15,-400.098526,31.06,322,80.1133,99.901474,False
DOGEUSDT,60,EMA_13_34_RSI14_55,20,-400.399196,30.77,325,80.1731,99.600804,False
DOGEUSDT,60,EMA_13_34_RSI14_55,25,-400.546373,31.9,326,80.2024,99.453627,False
DOGEUSDT,60,EMA_13_34_RSI14_55,30,-401.059737,32.21,326,80.3046,98.940263,False
DOGEUSDT,60,RSI14_7030,none,-401.091166,40.57,350,80.3715,98.908834,False
DOGEUSDT,60,RSI14_7030,15,-401.939134,40.4,349,80.5398,98.060866,False
DOGEUSDT,60,RSI14_7030,20,-402.691786,41.48,364,80.6892,97.308214,False
DOGEUSDT,60,RSI14_7030,25,-400.341539,40.29,345,80.2122,99.658461,False
DOGEUSDT,60,RSI14_7030,30,-401.630221,39.05,338,80.4767,98.369779,False
DOGEUSDT,60,MACD_12_26_hist,none,-400.263482,26.4,356,80.1751,99.736518,False
DOGEUSDT,60,MACD_12_26_hist,15,-401.355798,26.4,356,80.3922,98.644202,False
DOGEUSDT,60,MACD_12_26_hist,20,-402.029637,26.67,360,80.5261,97.970363,False
DOGEUSDT,60,MACD_12_26_hist,25,-400.749769,26.45,344,80.2717,99.250231,False
DOGEUSDT,60,MACD_12_26_hist,30,-401.70427,27.5,360,80.4615,98.29573,False
DOGEUSDT,60,MACD_RSI14_50,none,-400.210204,26.87,335,80.0801,99.789796,False
DOGEUSDT,60,MACD_RSI14_50,15,-402.488976,26.65,334,80.535,97.511024,False
DOGEUSDT,60,MACD_RSI14_50,20,-401.199022,25.62,324,80.2775,98.800978,False
DOGEUSDT,60,MACD_RSI14_50,25,-401.572724,25.95,316,80.3521,98.427276,False
DOGEUSDT,60,MACD_RSI14_50,30,-402.492451,29.31,348,80.5357,97.507549,False
DOGEUSDT,60,BB_20_25_breakout,none,-314.020124,34.96,266,63.1166,185.979876,True
DOGEUSDT,60,BB_20_25_breakout,15,-307.380124,35.23,264,61.7886,192.619876,True
DOGEUSDT,60,BB_20_25_breakout,20,-298.272315,35.02,257,59.967,201.727685,True
DOGEUSDT,60,BB_20_25_breakout,25,-262.622136,36.44,236,52.837,237.377864,True
DOGEUSDT,60,BB_20_25_breakout,30,-234.989021,35.58,208,47.3103,265.010979,True
DOGEUSDT,60,BB_20_2_RSI14,none,-401.098247,31.52,330,80.2693,98.901753,False
DOGEUSDT,60,BB_20_2_RSI14,15,-402.329448,32.16,342,80.5149,97.670552,False
DOGEUSDT,60,BB_20_2_RSI14,20,-403.072175,32.56,347,80.663,96.927825,False
DOGEUSDT,60,BB_20_2_RSI14,25,-400.272976,32.55,341,80.1046,99.727024,False
DOGEUSDT,60,BB_20_2_RSI14,30,-400.788892,31.15,321,80.2006,99.211108,False
DOGEUSDT,60,ADX14_DI_20,none,-402.186253,27.55,392,80.5469,97.813747,False
DOGEUSDT,60,ADX14_DI_20,15,-402.186253,27.55,392,80.5469,97.813747,False
DOGEUSDT,60,ADX14_DI_20,20,-402.186253,27.55,392,80.5469,97.813747,False
DOGEUSDT,60,ADX14_DI_20,25,-401.617364,26.4,356,80.4338,98.382636,False
DOGEUSDT,60,ADX14_DI_20,30,-400.891264,27.33,344,80.2894,99.108736,False
DOGEUSDT,60,STOCH14_cross,none,-400.023051,16.79,554,80.0438,99.976949,False
DOGEUSDT,60,STOCH14_cross,15,-401.527583,16.76,549,80.3441,98.472417,False
DOGEUSDT,60,STOCH14_cross,20,-401.059803,17.18,524,80.2507,98.940197,False
DOGEUSDT,60,STOCH14_cross,25,-400.184566,19.34,517,80.076,99.815434,False
DOGEUSDT,60,STOCH14_cross,30,-401.629227,19.67,478,80.3644,98.370773,False
DOGEUSDT,60,TS_13_34_200_14,none,-400.909027,31.91,329,80.2746,99.090973,False
DOGEUSDT,60,TS_13_34_200_14,15,-400.797532,31.91,329,80.2524,99.202468,False
DOGEUSDT,60,TS_13_34_200_14,20,-400.352526,31.5,327,80.1638,99.647474,False
DOGEUSDT,60,TS_13_34_200_14,25,-402.32519,33.73,332,80.5565,97.67481,False
DOGEUSDT,60,TS_13_34_200_14,30,-400.115641,35.29,357,80.1167,99.884359,False
