settlement,rate,r_prev,r_prev_ts,direction,bars_ok
2024-01-26 00:00:00+00:00,0.0001,,,0,False
2024-01-26 08:00:00+00:00,0.0001,0.0001,2024-01-26 00:00:00+00:00,-1,True
2024-01-26 16:00:00+00:00,0.0001,0.0001,2024-01-26 08:00:00+00:00,-1,True
2024-01-27 00:00:00+00:00,0.0001,0.0001,2024-01-26 16:00:00+00:00,-1,True
2024-01-27 08:00:00+00:00,0.0001,0.0001,2024-01-27 00:00:00+00:00,-1,True
2024-01-27 16:00:00+00:00,0.0001,0.0001,2024-01-27 08:00:00+00:00,-1,True
2024-01-28 00:00:00+00:00,0.0001,0.0001,2024-01-27 16:00:00+00:00,-1,True
2024-01-28 08:00:00+00:00,0.0001,0.0001,2024-01-28 00:00:00+00:00,-1,True
2024-01-28 16:00:00+00:00,0.0001,0.0001,2024-01-28 08:00:00+00:00,-1,True
2024-01-29 00:00:00+00:00,9.856e-05,0.0001,2024-01-28 16:00:00+00:00,-1,True
2024-01-29 08:00:00+00:00,8.052e-05,9.856e-05,2024-01-29 00:00:00+00:00,-1,True
2024-01-29 16:00:00+00:00,0.0001,8.052e-05,2024-01-29 08:00:00+00:00,-1,True
2024-01-30 00:00:00+00:00,0.0001,0.0001,2024-01-29 16:00:00+00:00,-1,True
2024-01-30 08:00:00+00:00,0.0001,0.0001,2024-01-30 00:00:00+00:00,-1,True
2024-01-30 16:00:00+00:00,0.0001,0.0001,2024-01-30 08:00:00+00:00,-1,True
2024-01-31 00:00:00+00:00,0.0001,0.0001,2024-01-30 16:00:00+00:00,-1,True
2024-01-31 08:00:00+00:00,0.0001,0.0001,2024-01-31 00:00:00+00:00,-1,True
2024-01-31 16:00:00+00:00,0.0001,0.0001,2024-01-31 08:00:00+00:00,-1,True
2024-02-01 00:00:00+00:00,0.0001,0.0001,2024-01-31 16:00:00+00:00,-1,True
2024-02-01 08:00:00+00:00,0.0001,0.0001,2024-02-01 00:00:00+00:00,-1,True
2024-02-01 16:00:00+00:00,0.0001,0.0001,2024-02-01 08:00:00+00:00,-1,True
2024-02-02 00:00:00+00:00,0.0001,0.0001,2024-02-01 16:00:00+00:00,-1,True
2024-02-02 08:00:00+00:00,0.0001,0.0001,2024-02-02 00:00:00+00:00,-1,True
2024-02-02 16:00:00+00:00,0.0001,0.0001,2024-02-02 08:00:00+00:00,-1,True
2024-02-03 00:00:00+00:00,0.0001,0.0001,2024-02-02 16:00:00+00:00,-1,True
2024-02-03 08:00:00+00:00,0.0001,0.0001,2024-02-03 00:00:00+00:00,-1,True
2024-02-03 16:00:00+00:00,0.0001,0.0001,2024-02-03 08:00:00+00:00,-1,True
2024-02-04 00:00:00+00:00,0.0001,0.0001,2024-02-03 16:00:00+00:00,-1,True
2024-02-04 08:00:00+00:00,0.0001,0.0001,2024-02-04 00:00:00+00:00,-1,True
2024-02-04 16:00:00+00:00,0.0001,0.0001,2024-02-04 08:00:00+00:00,-1,True
2024-02-05 00:00:00+00:00,3.861e-05,0.0001,2024-02-04 16:00:00+00:00,-1,True
2024-02-05 08:00:00+00:00,8.36e-06,3.861e-05,2024-02-05 00:00:00+00:00,-1,True
2024-02-05 16:00:00+00:00,0.0001,8.36e-06,2024-02-05 08:00:00+00:00,-1,True
2024-02-06 00:00:00+00:00,0.0001,0.0001,2024-02-05 16:00:00+00:00,-1,True
2024-02-06 08:00:00+00:00,0.0001,0.0001,2024-02-06 00:00:00+00:00,-1,True
2024-02-06 16:00:00+00:00,0.0001,0.0001,2024-02-06 08:00:00+00:00,-1,True
2024-02-07 00:00:00+00:00,0.0001,0.0001,2024-02-06 16:00:00+00:00,-1,True
2024-02-07 08:00:00+00:00,0.0001,0.0001,2024-02-07 00:00:00+00:00,-1,True
2024-02-07 16:00:00+00:00,0.0001,0.0001,2024-02-07 08:00:00+00:00,-1,True
2024-02-08 00:00:00+00:00,0.0001,0.0001,2024-02-07 16:00:00+00:00,-1,True
2024-02-08 08:00:00+00:00,0.0001,0.0001,2024-02-08 00:00:00+00:00,-1,True
2024-02-08 16:00:00+00:00,0.0001,0.0001,2024-02-08 08:00:00+00:00,-1,True
2024-02-09 00:00:00+00:00,0.0001,0.0001,2024-02-08 16:00:00+00:00,-1,True
2024-02-09 08:00:00+00:00,0.0001,0.0001,2024-02-09 00:00:00+00:00,-1,True
2024-02-09 16:00:00+00:00,0.0001,0.0001,2024-02-09 08:00:00+00:00,-1,True
2024-02-10 00:00:00+00:00,0.0001,0.0001,2024-02-09 16:00:00+00:00,-1,True
2024-02-10 08:00:00+00:00,0.0001,0.0001,2024-02-10 00:00:00+00:00,-1,True
2024-02-10 16:00:00+00:00,0.0001,0.0001,2024-02-10 08:00:00+00:00,-1,True
2024-02-11 00:00:00+00:00,0.0001,0.0001,2024-02-10 16:00:00+00:00,-1,True
2024-02-11 08:00:00+00:00,0.0001,0.0001,2024-02-11 00:00:00+00:00,-1,True
2024-02-11 16:00:00+00:00,0.0001,0.0001,2024-02-11 08:00:00+00:00,-1,True
2024-02-12 00:00:00+00:00,0.0001,0.0001,2024-02-11 16:00:00+00:00,-1,True
2024-02-12 08:00:00+00:00,0.0001,0.0001,2024-02-12 00:00:00+00:00,-1,True
2024-02-12 16:00:00+00:00,0.0001,0.0001,2024-02-12 08:00:00+00:00,-1,True
2024-02-13 00:00:00+00:00,0.0001,0.0001,2024-02-12 16:00:00+00:00,-1,True
2024-02-13 08:00:00+00:00,0.0001,0.0001,2024-02-13 00:00:00+00:00,-1,True
2024-02-13 16:00:00+00:00,0.0001,0.0001,2024-02-13 08:00:00+00:00,-1,True
2024-02-14 00:00:00+00:00,0.00010535,0.0001,2024-02-13 16:00:00+00:00,-1,True
2024-02-14 08:00:00+00:00,0.00011915,0.00010535,2024-02-14 00:00:00+00:00,-1,True
2024-02-14 16:00:00+00:00,0.00018577,0.00011915,2024-02-14 08:00:00+00:00,-1,True
2024-02-15 00:00:00+00:00,0.00020442,0.00018577,2024-02-14 16:00:00+00:00,-1,True
2024-02-15 08:00:00+00:00,0.00032135,0.00020442,2024-02-15 00:00:00+00:00,-1,True
2024-02-15 16:00:00+00:00,0.00038884,0.00032135,2024-02-15 08:00:00+00:00,-1,True
2024-02-16 00:00:00+00:00,0.00021693,0.00038884,2024-02-15 16:00:00+00:00,-1,True
2024-02-16 08:00:00+00:00,0.00027502,0.00021693,2024-02-16 00:00:00+00:00,-1,True
2024-02-16 16:00:00+00:00,0.000197,0.00027502,2024-02-16 08:00:00+00:00,-1,True
2024-02-17 00:00:00+00:00,0.00019653,0.000197,2024-02-16 16:00:00+00:00,-1,True
2024-02-17 08:00:00+00:00,0.00026309,0.00019653,2024-02-17 00:00:00+00:00,-1,True
2024-02-17 16:00:00+00:00,0.00013306,0.00026309,2024-02-17 08:00:00+00:00,-1,True
2024-02-18 00:00:00+00:00,0.00013314,0.00013306,2024-02-17 16:00:00+00:00,-1,True
2024-02-18 08:00:00+00:00,0.00010714,0.00013314,2024-02-18 00:00:00+00:00,-1,True
2024-02-18 16:00:00+00:00,0.00020095,0.00010714,2024-02-18 08:00:00+00:00,-1,True
2024-02-19 00:00:00+00:00,0.00027593,0.00020095,2024-02-18 16:00:00+00:00,-1,True
2024-02-19 08:00:00+00:00,0.00039185,0.00027593,2024-02-19 00:00:00+00:00,-1,True
2024-02-19 16:00:00+00:00,0.00028198,0.00039185,2024-02-19 08:00:00+00:00,-1,True
2024-02-20 00:00:00+00:00,0.00039443,0.00028198,2024-02-19 16:00:00+00:00,-1,True
2024-02-20 08:00:00+00:00,0.00029861,0.00039443,2024-02-20 00:00:00+00:00,-1,True
2024-02-20 16:00:00+00:00,0.00027917,0.00029861,2024-02-20 08:00:00+00:00,-1,True
2024-02-21 00:00:00+00:00,0.00024489,0.00027917,2024-02-20 16:00:00+00:00,-1,True
2024-02-21 08:00:00+00:00,0.00016955,0.00024489,2024-02-21 00:00:00+00:00,-1,True
2024-02-21 16:00:00+00:00,0.0001,0.00016955,2024-02-21 08:00:00+00:00,-1,True
2024-02-22 00:00:00+00:00,0.00018015,0.0001,2024-02-21 16:00:00+00:00,-1,True
2024-02-22 08:00:00+00:00,0.00018682,0.00018015,2024-02-22 00:00:00+00:00,-1,True
2024-02-22 16:00:00+00:00,0.00024056,0.00018682,2024-02-22 08:00:00+00:00,-1,True
2024-02-23 00:00:00+00:00,0.0002059,0.00024056,2024-02-22 16:00:00+00:00,-1,True
2024-02-23 08:00:00+00:00,0.00021926,0.0002059,2024-02-23 00:00:00+00:00,-1,True
2024-02-23 16:00:00+00:00,0.00020197,0.00021926,2024-02-23 08:00:00+00:00,-1,True
2024-02-24 00:00:00+00:00,0.00010526,0.00020197,2024-02-23 16:00:00+00:00,-1,True
2024-02-24 08:00:00+00:00,0.00020179,0.00010526,2024-02-24 00:00:00+00:00,-1,True
2024-02-24 16:00:00+00:00,0.00031926,0.00020179,2024-02-24 08:00:00+00:00,-1,True
2024-02-25 00:00:00+00:00,0.0001849,0.00031926,2024-02-24 16:00:00+00:00,-1,True
2024-02-25 08:00:00+00:00,0.00020285,0.0001849,2024-02-25 00:00:00+00:00,-1,True
2024-02-25 16:00:00+00:00,0.00038261,0.00020285,2024-02-25 08:00:00+00:00,-1,True
2024-02-26 00:00:00+00:00,0.00049361,0.00038261,2024-02-25 16:00:00+00:00,-1,True
2024-02-26 08:00:00+00:00,0.00041221,0.00049361,2024-02-26 00:00:00+00:00,-1,True
2024-02-26 16:00:00+00:00,0.00043246,0.00041221,2024-02-26 08:00:00+00:00,-1,True
2024-02-27 00:00:00+00:00,0.00022844,0.00043246,2024-02-26 16:00:00+00:00,-1,True
2024-02-27 08:00:00+00:00,0.00046155,0.00022844,2024-02-27 00:00:00+00:00,-1,True
2024-02-27 16:00:00+00:00,0.00041376,0.00046155,2024-02-27 08:00:00+00:00,-1,True
2024-02-28 00:00:00+00:00,0.00026454,0.00041376,2024-02-27 16:00:00+00:00,-1,True
2024-02-28 08:00:00+00:00,0.00040856,0.00026454,2024-02-28 00:00:00+00:00,-1,True
2024-02-28 16:00:00+00:00,0.00066042,0.00040856,2024-02-28 08:00:00+00:00,-1,True
2024-02-29 00:00:00+00:00,0.00039563,0.00066042,2024-02-28 16:00:00+00:00,-1,True
2024-02-29 08:00:00+00:00,0.00088355,0.00039563,2024-02-29 00:00:00+00:00,-1,True
2024-02-29 16:00:00+00:00,0.00094635,0.00088355,2024-02-29 08:00:00+00:00,-1,True
2024-03-01 00:00:00+00:00,0.00062501,0.00094635,2024-02-29 16:00:00+00:00,-1,True
2024-03-01 08:00:00+00:00,0.00062398,0.00062501,2024-03-01 00:00:00+00:00,-1,True
2024-03-01 16:00:00+00:00,0.00061221,0.00062398,2024-03-01 08:00:00+00:00,-1,True
2024-03-02 00:00:00+00:00,0.00072261,0.00061221,2024-03-01 16:00:00+00:00,-1,True
2024-03-02 08:00:00+00:00,0.00082352,0.00072261,2024-03-02 00:00:00+00:00,-1,True
2024-03-02 16:00:00+00:00,0.00073659,0.00082352,2024-03-02 08:00:00+00:00,-1,True
2024-03-03 00:00:00+00:00,0.00060798,0.00073659,2024-03-02 16:00:00+00:00,-1,True
2024-03-03 08:00:00+00:00,0.00075983,0.00060798,2024-03-03 00:00:00+00:00,-1,True
2024-03-03 16:00:00+00:00,0.00038215,0.00075983,2024-03-03 08:00:00+00:00,-1,True
2024-03-04 00:00:00+00:00,0.00057581,0.00038215,2024-03-03 16:00:00+00:00,-1,True
2024-03-04 08:00:00+00:00,0.00082963,0.00057581,2024-03-04 00:00:00+00:00,-1,True
2024-03-04 16:00:00+00:00,0.00068464,0.00082963,2024-03-04 08:00:00+00:00,-1,True
2024-03-05 00:00:00+00:00,0.00078356,0.00068464,2024-03-04 16:00:00+00:00,-1,True
2024-03-05 08:00:00+00:00,0.00131205,0.00078356,2024-03-05 00:00:00+00:00,-1,True
2024-03-05 16:00:00+00:00,0.00126547,0.00131205,2024-03-05 08:00:00+00:00,-1,True
2024-03-06 00:00:00+00:00,0.0001619,0.00126547,2024-03-05 16:00:00+00:00,-1,True
2024-03-06 08:00:00+00:00,0.0001,0.0001619,2024-03-06 00:00:00+00:00,-1,True
2024-03-06 16:00:00+00:00,0.00042387,0.0001,2024-03-06 08:00:00+00:00,-1,True
2024-03-07 00:00:00+00:00,0.00028468,0.00042387,2024-03-06 16:00:00+00:00,-1,True
2024-03-07 08:00:00+00:00,0.00020581,0.00028468,2024-03-07 00:00:00+00:00,-1,True
2024-03-07 16:00:00+00:00,0.00040286,0.00020581,2024-03-07 08:00:00+00:00,-1,True
2024-03-08 00:00:00+00:00,0.0004072,0.00040286,2024-03-07 16:00:00+00:00,-1,True
2024-03-08 08:00:00+00:00,0.00037013,0.0004072,2024-03-08 00:00:00+00:00,-1,True
2024-03-08 16:00:00+00:00,0.00053103,0.00037013,2024-03-08 08:00:00+00:00,-1,True
2024-03-09 00:00:00+00:00,0.00039454,0.00053103,2024-03-08 16:00:00+00:00,-1,True
2024-03-09 08:00:00+00:00,0.00055813,0.00039454,2024-03-09 00:00:00+00:00,-1,True
2024-03-09 16:00:00+00:00,0.00041679,0.00055813,2024-03-09 08:00:00+00:00,-1,True
2024-03-10 00:00:00+00:00,0.0005098,0.00041679,2024-03-09 16:00:00+00:00,-1,True
2024-03-10 08:00:00+00:00,0.00072302,0.0005098,2024-03-10 00:00:00+00:00,-1,True
2024-03-10 16:00:00+00:00,0.00034173,0.00072302,2024-03-10 08:00:00+00:00,-1,True
2024-03-11 00:00:00+00:00,0.00051211,0.00034173,2024-03-10 16:00:00+00:00,-1,True
2024-03-11 08:00:00+00:00,0.00054701,0.00051211,2024-03-11 00:00:00+00:00,-1,True
2024-03-11 16:00:00+00:00,0.00067297,0.00054701,2024-03-11 08:00:00+00:00,-1,True
2024-03-12 00:00:00+00:00,0.00094584,0.00067297,2024-03-11 16:00:00+00:00,-1,True
2024-03-12 08:00:00+00:00,0.00075888,0.00094584,2024-03-12 00:00:00+00:00,-1,True
2024-03-12 16:00:00+00:00,0.00055803,0.00075888,2024-03-12 08:00:00+00:00,-1,True
2024-03-13 00:00:00+00:00,0.00055365,0.00055803,2024-03-12 16:00:00+00:00,-1,True
2024-03-13 08:00:00+00:00,0.00089733,0.00055365,2024-03-13 00:00:00+00:00,-1,True
2024-03-13 16:00:00+00:00,0.00062565,0.00089733,2024-03-13 08:00:00+00:00,-1,True
2024-03-14 00:00:00+00:00,0.00076855,0.00062565,2024-03-13 16:00:00+00:00,-1,True
2024-03-14 08:00:00+00:00,0.00110865,0.00076855,2024-03-14 00:00:00+00:00,-1,True
2024-03-14 16:00:00+00:00,0.00075915,0.00110865,2024-03-14 08:00:00+00:00,-1,True
2024-03-15 00:00:00+00:00,0.0007672,0.00075915,2024-03-14 16:00:00+00:00,-1,True
2024-03-15 08:00:00+00:00,0.00040151,0.0007672,2024-03-15 00:00:00+00:00,-1,True
2024-03-15 16:00:00+00:00,0.0002152,0.00040151,2024-03-15 08:00:00+00:00,-1,True
2024-03-16 00:00:00+00:00,0.00022416,0.0002152,2024-03-15 16:00:00+00:00,-1,True
2024-03-16 08:00:00+00:00,0.00025819,0.00022416,2024-03-16 00:00:00+00:00,-1,True
2024-03-16 16:00:00+00:00,0.00013411,0.00025819,2024-03-16 08:00:00+00:00,-1,True
2024-03-17 00:00:00+00:00,0.0001,0.00013411,2024-03-16 16:00:00+00:00,-1,True
2024-03-17 08:00:00+00:00,0.0001,0.0001,2024-03-17 00:00:00+00:00,-1,True
2024-03-17 16:00:00+00:00,0.0001994,0.0001,2024-03-17 08:00:00+00:00,-1,True
2024-03-18 00:00:00+00:00,0.0001,0.0001994,2024-03-17 16:00:00+00:00,-1,True
2024-03-18 08:00:00+00:00,0.00022397,0.0001,2024-03-18 00:00:00+00:00,-1,True
2024-03-18 16:00:00+00:00,0.00023661,0.00022397,2024-03-18 08:00:00+00:00,-1,True
2024-03-19 00:00:00+00:00,0.0001,0.00023661,2024-03-18 16:00:00+00:00,-1,True
2024-03-19 08:00:00+00:00,0.0001,0.0001,2024-03-19 00:00:00+00:00,-1,True
2024-03-19 16:00:00+00:00,0.0001,0.0001,2024-03-19 08:00:00+00:00,-1,True
2024-03-20 00:00:00+00:00,0.0001,0.0001,2024-03-19 16:00:00+00:00,-1,True
2024-03-20 08:00:00+00:00,0.0001,0.0001,2024-03-20 00:00:00+00:00,-1,True
2024-03-20 16:00:00+00:00,0.0001,0.0001,2024-03-20 08:00:00+00:00,-1,True
2024-03-21 00:00:00+00:00,0.0001,0.0001,2024-03-20 16:00:00+00:00,-1,True
2024-03-21 08:00:00+00:00,0.0001,0.0001,2024-03-21 00:00:00+00:00,-1,True
2024-03-21 16:00:00+00:00,0.0001,0.0001,2024-03-21 08:00:00+00:00,-1,True
2024-03-22 00:00:00+00:00,0.0001847,0.0001,2024-03-21 16:00:00+00:00,-1,True
2024-03-22 08:00:00+00:00,0.00016999,0.0001847,2024-03-22 00:00:00+00:00,-1,True
2024-03-22 16:00:00+00:00,0.0001,0.00016999,2024-03-22 08:00:00+00:00,-1,True
2024-03-23 00:00:00+00:00,0.0001,0.0001,2024-03-22 16:00:00+00:00,-1,True
2024-03-23 08:00:00+00:00,0.0001,0.0001,2024-03-23 00:00:00+00:00,-1,True
2024-03-23 16:00:00+00:00,0.0001,0.0001,2024-03-23 08:00:00+00:00,-1,True
2024-03-24 00:00:00+00:00,0.0001,0.0001,2024-03-23 16:00:00+00:00,-1,True
2024-03-24 08:00:00+00:00,0.0001,0.0001,2024-03-24 00:00:00+00:00,-1,True
2024-03-24 16:00:00+00:00,0.00018927,0.0001,2024-03-24 08:00:00+00:00,-1,True
2024-03-25 00:00:00+00:00,0.00016121,0.00018927,2024-03-24 16:00:00+00:00,-1,True
2024-03-25 08:00:00+00:00,0.00027114,0.00016121,2024-03-25 00:00:00+00:00,-1,True
2024-03-25 16:00:00+00:00,0.00020035,0.00027114,2024-03-25 08:00:00+00:00,-1,True
2024-03-26 00:00:00+00:00,0.00019352,0.00020035,2024-03-25 16:00:00+00:00,-1,True
2024-03-26 08:00:00+00:00,0.00031861,0.00019352,2024-03-26 00:00:00+00:00,-1,True
2024-03-26 16:00:00+00:00,0.00026912,0.00031861,2024-03-26 08:00:00+00:00,-1,True
2024-03-27 00:00:00+00:00,0.00042109,0.00026912,2024-03-26 16:00:00+00:00,-1,True
2024-03-27 08:00:00+00:00,0.00030441,0.00042109,2024-03-27 00:00:00+00:00,-1,True
2024-03-27 16:00:00+00:00,0.00026234,0.00030441,2024-03-27 08:00:00+00:00,-1,True
2024-03-28 00:00:00+00:00,0.00042437,0.00026234,2024-03-27 16:00:00+00:00,-1,True
2024-03-28 08:00:00+00:00,0.000313,0.00042437,2024-03-28 00:00:00+00:00,-1,True
2024-03-28 16:00:00+00:00,0.00043124,0.000313,2024-03-28 08:00:00+00:00,-1,True
2024-03-29 00:00:00+00:00,0.0005592,0.00043124,2024-03-28 16:00:00+00:00,-1,True
2024-03-29 08:00:00+00:00,0.00058309,0.0005592,2024-03-29 00:00:00+00:00,-1,True
2024-03-29 16:00:00+00:00,0.00047309,0.00058309,2024-03-29 08:00:00+00:00,-1,True
2024-03-30 00:00:00+00:00,0.00045628,0.00047309,2024-03-29 16:00:00+00:00,-1,True
2024-03-30 08:00:00+00:00,0.00045432,0.00045628,2024-03-30 00:00:00+00:00,-1,True
2024-03-30 16:00:00+00:00,0.00068289,0.00045432,2024-03-30 08:00:00+00:00,-1,True
2024-03-31 00:00:00+00:00,0.00036557,0.00068289,2024-03-30 16:00:00+00:00,-1,True
2024-03-31 08:00:00+00:00,0.00066463,0.00036557,2024-03-31 00:00:00+00:00,-1,True
2024-03-31 16:00:00+00:00,0.00073458,0.00066463,2024-03-31 08:00:00+00:00,-1,True
2024-04-01 00:00:00+00:00,0.00065928,0.00073458,2024-03-31 16:00:00+00:00,-1,True
2024-04-01 08:00:00+00:00,0.0003793,0.00065928,2024-04-01 00:00:00+00:00,-1,True
2024-04-01 16:00:00+00:00,0.00025193,0.0003793,2024-04-01 08:00:00+00:00,-1,True
2024-04-02 00:00:00+00:00,0.00033974,0.00025193,2024-04-01 16:00:00+00:00,-1,True
2024-04-02 08:00:00+00:00,0.00022945,0.00033974,2024-04-02 00:00:00+00:00,-1,True
2024-04-02 16:00:00+00:00,0.00017998,0.00022945,2024-04-02 08:00:00+00:00,-1,True
2024-04-03 00:00:00+00:00,0.0001,0.00017998,2024-04-02 16:00:00+00:00,-1,True
2024-04-03 08:00:00+00:00,0.00010887,0.0001,2024-04-03 00:00:00+00:00,-1,True
2024-04-03 16:00:00+00:00,0.00010258,0.00010887,2024-04-03 08:00:00+00:00,-1,True
2024-04-04 00:00:00+00:00,0.00013161,0.00010258,2024-04-03 16:00:00+00:00,-1,True
2024-04-04 08:00:00+00:00,0.00020937,0.00013161,2024-04-04 00:00:00+00:00,-1,True
2024-04-04 16:00:00+00:00,0.00018035,0.00020937,2024-04-04 08:00:00+00:00,-1,True
2024-04-05 00:00:00+00:00,0.00013545,0.00018035,2024-04-04 16:00:00+00:00,-1,True
2024-04-05 08:00:00+00:00,0.00019107,0.00013545,2024-04-05 00:00:00+00:00,-1,True
2024-04-05 16:00:00+00:00,0.0001,0.00019107,2024-04-05 08:00:00+00:00,-1,True
2024-04-06 00:00:00+00:00,0.0001,0.0001,2024-04-05 16:00:00+00:00,-1,True
2024-04-06 08:00:00+00:00,0.0001,0.0001,2024-04-06 00:00:00+00:00,-1,True
2024-04-06 16:00:00+00:00,0.0001,0.0001,2024-04-06 08:00:00+00:00,-1,True
2024-04-07 00:00:00+00:00,0.0001,0.0001,2024-04-06 16:00:00+00:00,-1,True
2024-04-07 08:00:00+00:00,0.0001,0.0001,2024-04-07 00:00:00+00:00,-1,True
2024-04-07 16:00:00+00:00,0.0001,0.0001,2024-04-07 08:00:00+00:00,-1,True
2024-04-08 00:00:00+00:00,0.0001,0.0001,2024-04-07 16:00:00+00:00,-1,True
2024-04-08 08:00:00+00:00,0.0001,0.0001,2024-04-08 00:00:00+00:00,-1,True
2024-04-08 16:00:00+00:00,0.0001,0.0001,2024-04-08 08:00:00+00:00,-1,True
2024-04-09 00:00:00+00:00,0.00022589,0.0001,2024-04-08 16:00:00+00:00,-1,True
2024-04-09 08:00:00+00:00,0.00024417,0.00022589,2024-04-09 00:00:00+00:00,-1,True
2024-04-09 16:00:00+00:00,0.00020166,0.00024417,2024-04-09 08:00:00+00:00,-1,True
2024-04-10 00:00:00+00:00,0.00021485,0.00020166,2024-04-09 16:00:00+00:00,-1,True
2024-04-10 08:00:00+00:00,0.00011401,0.00021485,2024-04-10 00:00:00+00:00,-1,True
2024-04-10 16:00:00+00:00,0.00023822,0.00011401,2024-04-10 08:00:00+00:00,-1,True
2024-04-11 00:00:00+00:00,0.0001,0.00023822,2024-04-10 16:00:00+00:00,-1,True
2024-04-11 08:00:00+00:00,0.0001,0.0001,2024-04-11 00:00:00+00:00,-1,True
2024-04-11 16:00:00+00:00,0.0001,0.0001,2024-04-11 08:00:00+00:00,-1,True
2024-04-12 00:00:00+00:00,0.00010356,0.0001,2024-04-11 16:00:00+00:00,-1,True
2024-04-12 08:00:00+00:00,0.0001,0.00010356,2024-04-12 00:00:00+00:00,-1,True
2024-04-12 16:00:00+00:00,0.0001,0.0001,2024-04-12 08:00:00+00:00,-1,True
2024-04-13 00:00:00+00:00,0.0001,0.0001,2024-04-12 16:00:00+00:00,-1,True
2024-04-13 08:00:00+00:00,0.0001,0.0001,2024-04-13 00:00:00+00:00,-1,True
2024-04-13 16:00:00+00:00,0.0001,0.0001,2024-04-13 08:00:00+00:00,-1,True
2024-04-14 00:00:00+00:00,-0.00039121,0.0001,2024-04-13 16:00:00+00:00,-1,True
2024-04-14 08:00:00+00:00,0.0001,-0.00039121,2024-04-14 00:00:00+00:00,1,True
2024-04-14 16:00:00+00:00,9.073e-05,0.0001,2024-04-14 08:00:00+00:00,-1,True
2024-04-15 00:00:00+00:00,0.0001,9.073e-05,2024-04-14 16:00:00+00:00,-1,True
2024-04-15 08:00:00+00:00,9.414e-05,0.0001,2024-04-15 00:00:00+00:00,-1,True
2024-04-15 16:00:00+00:00,-7.15e-06,9.414e-05,2024-04-15 08:00:00+00:00,-1,True
2024-04-16 00:00:00+00:00,9.292e-05,-7.15e-06,2024-04-15 16:00:00+00:00,1,True
2024-04-16 08:00:00+00:00,0.0001,9.292e-05,2024-04-16 00:00:00+00:00,-1,True
2024-04-16 16:00:00+00:00,-5.173e-05,0.0001,2024-04-16 08:00:00+00:00,-1,True
2024-04-17 00:00:00+00:00,1.182e-05,-5.173e-05,2024-04-16 16:00:00+00:00,1,True
2024-04-17 08:00:00+00:00,6.489e-05,1.182e-05,2024-04-17 00:00:00+00:00,-1,True
2024-04-17 16:00:00+00:00,0.0001,6.489e-05,2024-04-17 08:00:00+00:00,-1,True
2024-04-18 00:00:00+00:00,-9.13e-06,0.0001,2024-04-17 16:00:00+00:00,-1,True
2024-04-18 08:00:00+00:00,9.321e-05,-9.13e-06,2024-04-18 00:00:00+00:00,1,True
2024-04-18 16:00:00+00:00,6.171e-05,9.321e-05,2024-04-18 08:00:00+00:00,-1,True
2024-04-19 00:00:00+00:00,-8.917e-05,6.171e-05,2024-04-18 16:00:00+00:00,-1,True
2024-04-19 08:00:00+00:00,0.0001,-8.917e-05,2024-04-19 00:00:00+00:00,1,True
2024-04-19 16:00:00+00:00,8.512e-05,0.0001,2024-04-19 08:00:00+00:00,-1,True
2024-04-20 00:00:00+00:00,5.315e-05,8.512e-05,2024-04-19 16:00:00+00:00,-1,True
2024-04-20 08:00:00+00:00,7.875e-05,5.315e-05,2024-04-20 00:00:00+00:00,-1,True
2024-04-20 16:00:00+00:00,5.909e-05,7.875e-05,2024-04-20 08:00:00+00:00,-1,True
2024-04-21 00:00:00+00:00,4.111e-05,5.909e-05,2024-04-20 16:00:00+00:00,-1,True
2024-04-21 08:00:00+00:00,7.588e-05,4.111e-05,2024-04-21 00:00:00+00:00,-1,True
2024-04-21 16:00:00+00:00,6.516e-05,7.588e-05,2024-04-21 08:00:00+00:00,-1,True
2024-04-22 00:00:00+00:00,4.166e-05,6.516e-05,2024-04-21 16:00:00+00:00,-1,True
2024-04-22 08:00:00+00:00,-6.48e-05,4.166e-05,2024-04-22 00:00:00+00:00,-1,True
2024-04-22 16:00:00+00:00,5.374e-05,-6.48e-05,2024-04-22 08:00:00+00:00,1,True
2024-04-23 00:00:00+00:00,4.391e-05,5.374e-05,2024-04-22 16:00:00+00:00,-1,True
2024-04-23 08:00:00+00:00,0.0001,4.391e-05,2024-04-23 00:00:00+00:00,-1,True
2024-04-23 16:00:00+00:00,0.0001,0.0001,2024-04-23 08:00:00+00:00,-1,True
2024-04-24 00:00:00+00:00,0.0001,0.0001,2024-04-23 16:00:00+00:00,-1,True
2024-04-24 08:00:00+00:00,8.048e-05,0.0001,2024-04-24 00:00:00+00:00,-1,True
2024-04-24 16:00:00+00:00,6.008e-05,8.048e-05,2024-04-24 08:00:00+00:00,-1,True
2024-04-25 00:00:00+00:00,0.0001,6.008e-05,2024-04-24 16:00:00+00:00,-1,True
2024-04-25 08:00:00+00:00,2.443e-05,0.0001,2024-04-25 00:00:00+00:00,-1,True
2024-04-25 16:00:00+00:00,7.772e-05,2.443e-05,2024-04-25 08:00:00+00:00,-1,True
2024-04-26 00:00:00+00:00,2.502e-05,7.772e-05,2024-04-25 16:00:00+00:00,-1,True
2024-04-26 08:00:00+00:00,-5.264e-05,2.502e-05,2024-04-26 00:00:00+00:00,-1,True
2024-04-26 16:00:00+00:00,9.477e-05,-5.264e-05,2024-04-26 08:00:00+00:00,1,True
2024-04-27 00:00:00+00:00,-5.076e-05,9.477e-05,2024-04-26 16:00:00+00:00,-1,True
2024-04-27 08:00:00+00:00,0.0001,-5.076e-05,2024-04-27 00:00:00+00:00,1,True
2024-04-27 16:00:00+00:00,5.764e-05,0.0001,2024-04-27 08:00:00+00:00,-1,True
2024-04-28 00:00:00+00:00,8.141e-05,5.764e-05,2024-04-27 16:00:00+00:00,-1,True
2024-04-28 08:00:00+00:00,0.0001,8.141e-05,2024-04-28 00:00:00+00:00,-1,True
2024-04-28 16:00:00+00:00,0.0001,0.0001,2024-04-28 08:00:00+00:00,-1,True
2024-04-29 00:00:00+00:00,3.149e-05,0.0001,2024-04-28 16:00:00+00:00,-1,True
2024-04-29 08:00:00+00:00,-9.056e-05,3.149e-05,2024-04-29 00:00:00+00:00,-1,True
2024-04-29 16:00:00+00:00,6.276e-05,-9.056e-05,2024-04-29 08:00:00+00:00,1,True
2024-04-30 00:00:00+00:00,0.0001,6.276e-05,2024-04-29 16:00:00+00:00,-1,True
2024-04-30 08:00:00+00:00,7.155e-05,0.0001,2024-04-30 00:00:00+00:00,-1,True
2024-04-30 16:00:00+00:00,0.0001,7.155e-05,2024-04-30 08:00:00+00:00,-1,True
2024-05-01 00:00:00+00:00,3.893e-05,0.0001,2024-04-30 16:00:00+00:00,-1,True
2024-05-01 08:00:00+00:00,-0.00010355,3.893e-05,2024-05-01 00:00:00+00:00,-1,True
2024-05-01 16:00:00+00:00,4.728e-05,-0.00010355,2024-05-01 08:00:00+00:00,1,True
2024-05-02 00:00:00+00:00,0.0001,4.728e-05,2024-05-01 16:00:00+00:00,-1,True
2024-05-02 08:00:00+00:00,0.0001,0.0001,2024-05-02 00:00:00+00:00,-1,True
2024-05-02 16:00:00+00:00,5.302e-05,0.0001,2024-05-02 08:00:00+00:00,-1,True
2024-05-03 00:00:00+00:00,-4.581e-05,5.302e-05,2024-05-02 16:00:00+00:00,-1,True
2024-05-03 08:00:00+00:00,-3.976e-05,-4.581e-05,2024-05-03 00:00:00+00:00,1,True
2024-05-03 16:00:00+00:00,6.967e-05,-3.976e-05,2024-05-03 08:00:00+00:00,1,True
2024-05-04 00:00:00+00:00,4.437e-05,6.967e-05,2024-05-03 16:00:00+00:00,-1,True
2024-05-04 08:00:00+00:00,9.962e-05,4.437e-05,2024-05-04 00:00:00+00:00,-1,True
2024-05-04 16:00:00+00:00,0.0001,9.962e-05,2024-05-04 08:00:00+00:00,-1,True
2024-05-05 00:00:00+00:00,5.915e-05,0.0001,2024-05-04 16:00:00+00:00,-1,True
2024-05-05 08:00:00+00:00,0.0001,5.915e-05,2024-05-05 00:00:00+00:00,-1,True
2024-05-05 16:00:00+00:00,4.289e-05,0.0001,2024-05-05 08:00:00+00:00,-1,True
2024-05-06 00:00:00+00:00,9.745e-05,4.289e-05,2024-05-05 16:00:00+00:00,-1,True
2024-05-06 08:00:00+00:00,1.13e-06,9.745e-05,2024-05-06 00:00:00+00:00,-1,True
2024-05-06 16:00:00+00:00,0.0001,1.13e-06,2024-05-06 08:00:00+00:00,-1,True
2024-05-07 00:00:00+00:00,0.0001,0.0001,2024-05-06 16:00:00+00:00,-1,True
2024-05-07 08:00:00+00:00,0.0001,0.0001,2024-05-07 00:00:00+00:00,-1,True
2024-05-07 16:00:00+00:00,0.0001,0.0001,2024-05-07 08:00:00+00:00,-1,True
2024-05-08 00:00:00+00:00,0.0001,0.0001,2024-05-07 16:00:00+00:00,-1,True
2024-05-08 08:00:00+00:00,0.0001,0.0001,2024-05-08 00:00:00+00:00,-1,True
2024-05-08 16:00:00+00:00,0.0001,0.0001,2024-05-08 08:00:00+00:00,-1,True
2024-05-09 00:00:00+00:00,0.0001,0.0001,2024-05-08 16:00:00+00:00,-1,True
2024-05-09 08:00:00+00:00,8.444e-05,0.0001,2024-05-09 00:00:00+00:00,-1,True
2024-05-09 16:00:00+00:00,0.0001,8.444e-05,2024-05-09 08:00:00+00:00,-1,True
2024-05-10 00:00:00+00:00,0.0001,0.0001,2024-05-09 16:00:00+00:00,-1,True
2024-05-10 08:00:00+00:00,0.0001,0.0001,2024-05-10 00:00:00+00:00,-1,True
2024-05-10 16:00:00+00:00,0.0001,0.0001,2024-05-10 08:00:00+00:00,-1,True
2024-05-11 00:00:00+00:00,0.0001,0.0001,2024-05-10 16:00:00+00:00,-1,True
2024-05-11 08:00:00+00:00,2.726e-05,0.0001,2024-05-11 00:00:00+00:00,-1,True
2024-05-11 16:00:00+00:00,3.447e-05,2.726e-05,2024-05-11 08:00:00+00:00,-1,True
2024-05-12 00:00:00+00:00,9.646e-05,3.447e-05,2024-05-11 16:00:00+00:00,-1,True
2024-05-12 08:00:00+00:00,3.332e-05,9.646e-05,2024-05-12 00:00:00+00:00,-1,True
2024-05-12 16:00:00+00:00,5.396e-05,3.332e-05,2024-05-12 08:00:00+00:00,-1,True
2024-05-13 00:00:00+00:00,-1.912e-05,5.396e-05,2024-05-12 16:00:00+00:00,-1,True
2024-05-13 08:00:00+00:00,-1.891e-05,-1.912e-05,2024-05-13 00:00:00+00:00,1,True
2024-05-13 16:00:00+00:00,2.574e-05,-1.891e-05,2024-05-13 08:00:00+00:00,1,True
2024-05-14 00:00:00+00:00,0.0001,2.574e-05,2024-05-13 16:00:00+00:00,-1,True
2024-05-14 08:00:00+00:00,0.0001,0.0001,2024-05-14 00:00:00+00:00,-1,True
2024-05-14 16:00:00+00:00,0.0001,0.0001,2024-05-14 08:00:00+00:00,-1,True
2024-05-15 00:00:00+00:00,0.0001,0.0001,2024-05-14 16:00:00+00:00,-1,True
2024-05-15 08:00:00+00:00,0.0001,0.0001,2024-05-15 00:00:00+00:00,-1,True
2024-05-15 16:00:00+00:00,-6.982e-05,0.0001,2024-05-15 08:00:00+00:00,-1,True
2024-05-16 00:00:00+00:00,8.852e-05,-6.982e-05,2024-05-15 16:00:00+00:00,1,True
2024-05-16 08:00:00+00:00,0.0001,8.852e-05,2024-05-16 00:00:00+00:00,-1,True
2024-05-16 16:00:00+00:00,0.0001,0.0001,2024-05-16 08:00:00+00:00,-1,True
2024-05-17 00:00:00+00:00,0.0001,0.0001,2024-05-16 16:00:00+00:00,-1,True
2024-05-17 08:00:00+00:00,0.0001,0.0001,2024-05-17 00:00:00+00:00,-1,True
2024-05-17 16:00:00+00:00,0.0001,0.0001,2024-05-17 08:00:00+00:00,-1,True
2024-05-18 00:00:00+00:00,0.0001,0.0001,2024-05-17 16:00:00+00:00,-1,True
2024-05-18 08:00:00+00:00,0.0001,0.0001,2024-05-18 00:00:00+00:00,-1,True
2024-05-18 16:00:00+00:00,0.0001,0.0001,2024-05-18 08:00:00+00:00,-1,True
2024-05-19 00:00:00+00:00,0.0001,0.0001,2024-05-18 16:00:00+00:00,-1,True
2024-05-19 08:00:00+00:00,0.0001,0.0001,2024-05-19 00:00:00+00:00,-1,True
2024-05-19 16:00:00+00:00,0.0001,0.0001,2024-05-19 08:00:00+00:00,-1,True
2024-05-20 00:00:00+00:00,0.0001,0.0001,2024-05-19 16:00:00+00:00,-1,True
2024-05-20 08:00:00+00:00,3.535e-05,0.0001,2024-05-20 00:00:00+00:00,-1,True
2024-05-20 16:00:00+00:00,6.026e-05,3.535e-05,2024-05-20 08:00:00+00:00,-1,True
2024-05-21 00:00:00+00:00,0.0001,6.026e-05,2024-05-20 16:00:00+00:00,-1,True
2024-05-21 08:00:00+00:00,0.0001,0.0001,2024-05-21 00:00:00+00:00,-1,True
2024-05-21 16:00:00+00:00,0.0001,0.0001,2024-05-21 08:00:00+00:00,-1,True
2024-05-22 00:00:00+00:00,0.0001,0.0001,2024-05-21 16:00:00+00:00,-1,True
2024-05-22 08:00:00+00:00,0.0001,0.0001,2024-05-22 00:00:00+00:00,-1,True
2024-05-22 16:00:00+00:00,0.0001,0.0001,2024-05-22 08:00:00+00:00,-1,True
2024-05-23 00:00:00+00:00,0.0001,0.0001,2024-05-22 16:00:00+00:00,-1,True
2024-05-23 08:00:00+00:00,0.0001,0.0001,2024-05-23 00:00:00+00:00,-1,True
2024-05-23 16:00:00+00:00,0.0001,0.0001,2024-05-23 08:00:00+00:00,-1,True
2024-05-24 00:00:00+00:00,0.0001,0.0001,2024-05-23 16:00:00+00:00,-1,True
2024-05-24 08:00:00+00:00,0.0001,0.0001,2024-05-24 00:00:00+00:00,-1,True
2024-05-24 16:00:00+00:00,0.0001,0.0001,2024-05-24 08:00:00+00:00,-1,True
2024-05-25 00:00:00+00:00,0.0001,0.0001,2024-05-24 16:00:00+00:00,-1,True
2024-05-25 08:00:00+00:00,0.0001,0.0001,2024-05-25 00:00:00+00:00,-1,True
2024-05-25 16:00:00+00:00,0.0001,0.0001,2024-05-25 08:00:00+00:00,-1,True
2024-05-26 00:00:00+00:00,0.0001,0.0001,2024-05-25 16:00:00+00:00,-1,True
2024-05-26 08:00:00+00:00,0.0001,0.0001,2024-05-26 00:00:00+00:00,-1,True
2024-05-26 16:00:00+00:00,0.0001,0.0001,2024-05-26 08:00:00+00:00,-1,True
2024-05-27 00:00:00+00:00,0.0001,0.0001,2024-05-26 16:00:00+00:00,-1,True
2024-05-27 08:00:00+00:00,0.0001,0.0001,2024-05-27 00:00:00+00:00,-1,True
2024-05-27 16:00:00+00:00,0.00013322,0.0001,2024-05-27 08:00:00+00:00,-1,True
2024-05-28 00:00:00+00:00,0.0001,0.00013322,2024-05-27 16:00:00+00:00,-1,True
2024-05-28 08:00:00+00:00,0.0001,0.0001,2024-05-28 00:00:00+00:00,-1,True
2024-05-28 16:00:00+00:00,0.00015077,0.0001,2024-05-28 08:00:00+00:00,-1,True
2024-05-29 00:00:00+00:00,0.0001,0.00015077,2024-05-28 16:00:00+00:00,-1,True
2024-05-29 08:00:00+00:00,0.0001,0.0001,2024-05-29 00:00:00+00:00,-1,True
2024-05-29 16:00:00+00:00,0.00015415,0.0001,2024-05-29 08:00:00+00:00,-1,True
2024-05-30 00:00:00+00:00,0.0001,0.00015415,2024-05-29 16:00:00+00:00,-1,True
2024-05-30 08:00:00+00:00,0.0001,0.0001,2024-05-30 00:00:00+00:00,-1,True
2024-05-30 16:00:00+00:00,0.0001,0.0001,2024-05-30 08:00:00+00:00,-1,True
2024-05-31 00:00:00+00:00,0.0001,0.0001,2024-05-30 16:00:00+00:00,-1,True
2024-05-31 08:00:00+00:00,0.0001,0.0001,2024-05-31 00:00:00+00:00,-1,True
2024-05-31 16:00:00+00:00,0.0001,0.0001,2024-05-31 08:00:00+00:00,-1,True
2024-06-01 00:00:00+00:00,0.0001,0.0001,2024-05-31 16:00:00+00:00,-1,True
2024-06-01 08:00:00+00:00,0.0001,0.0001,2024-06-01 00:00:00+00:00,-1,True
2024-06-01 16:00:00+00:00,0.0001,0.0001,2024-06-01 08:00:00+00:00,-1,True
2024-06-02 00:00:00+00:00,0.0001,0.0001,2024-06-01 16:00:00+00:00,-1,True
2024-06-02 08:00:00+00:00,0.0001,0.0001,2024-06-02 00:00:00+00:00,-1,True
2024-06-02 16:00:00+00:00,0.0001,0.0001,2024-06-02 08:00:00+00:00,-1,True
2024-06-03 00:00:00+00:00,0.0001,0.0001,2024-06-02 16:00:00+00:00,-1,True
2024-06-03 08:00:00+00:00,0.0001,0.0001,2024-06-03 00:00:00+00:00,-1,True
2024-06-03 16:00:00+00:00,0.0001,0.0001,2024-06-03 08:00:00+00:00,-1,True
2024-06-04 00:00:00+00:00,0.0001,0.0001,2024-06-03 16:00:00+00:00,-1,True
2024-06-04 08:00:00+00:00,0.0001,0.0001,2024-06-04 00:00:00+00:00,-1,True
2024-06-04 16:00:00+00:00,0.0001,0.0001,2024-06-04 08:00:00+00:00,-1,True
2024-06-05 00:00:00+00:00,0.0001,0.0001,2024-06-04 16:00:00+00:00,-1,True
2024-06-05 08:00:00+00:00,0.0002658,0.0001,2024-06-05 00:00:00+00:00,-1,True
2024-06-05 16:00:00+00:00,0.00020197,0.0002658,2024-06-05 08:00:00+00:00,-1,True
2024-06-06 00:00:00+00:00,0.00020207,0.00020197,2024-06-05 16:00:00+00:00,-1,True
2024-06-06 08:00:00+00:00,0.0002811,0.00020207,2024-06-06 00:00:00+00:00,-1,True
2024-06-06 16:00:00+00:00,0.00022647,0.0002811,2024-06-06 08:00:00+00:00,-1,True
2024-06-07 00:00:00+00:00,0.0001,0.00022647,2024-06-06 16:00:00+00:00,-1,True
2024-06-07 08:00:00+00:00,0.0001,0.0001,2024-06-07 00:00:00+00:00,-1,True
2024-06-07 16:00:00+00:00,0.0001281,0.0001,2024-06-07 08:00:00+00:00,-1,True
2024-06-08 00:00:00+00:00,0.0001,0.0001281,2024-06-07 16:00:00+00:00,-1,True
2024-06-08 08:00:00+00:00,0.0001,0.0001,2024-06-08 00:00:00+00:00,-1,True
2024-06-08 16:00:00+00:00,0.0001,0.0001,2024-06-08 08:00:00+00:00,-1,True
2024-06-09 00:00:00+00:00,0.0001,0.0001,2024-06-08 16:00:00+00:00,-1,True
2024-06-09 08:00:00+00:00,0.0001,0.0001,2024-06-09 00:00:00+00:00,-1,True
2024-06-09 16:00:00+00:00,0.0001,0.0001,2024-06-09 08:00:00+00:00,-1,True
2024-06-10 00:00:00+00:00,0.0001,0.0001,2024-06-09 16:00:00+00:00,-1,True
2024-06-10 08:00:00+00:00,0.0001,0.0001,2024-06-10 00:00:00+00:00,-1,True
2024-06-10 16:00:00+00:00,0.0001,0.0001,2024-06-10 08:00:00+00:00,-1,True
2024-06-11 00:00:00+00:00,0.0001,0.0001,2024-06-10 16:00:00+00:00,-1,True
2024-06-11 08:00:00+00:00,0.0001,0.0001,2024-06-11 00:00:00+00:00,-1,True
2024-06-11 16:00:00+00:00,0.0001,0.0001,2024-06-11 08:00:00+00:00,-1,True
2024-06-12 00:00:00+00:00,0.0001,0.0001,2024-06-11 16:00:00+00:00,-1,True
2024-06-12 08:00:00+00:00,0.0001,0.0001,2024-06-12 00:00:00+00:00,-1,True
2024-06-12 16:00:00+00:00,0.0001,0.0001,2024-06-12 08:00:00+00:00,-1,True
2024-06-13 00:00:00+00:00,0.0001,0.0001,2024-06-12 16:00:00+00:00,-1,True
2024-06-13 08:00:00+00:00,0.0001,0.0001,2024-06-13 00:00:00+00:00,-1,True
2024-06-13 16:00:00+00:00,0.0001,0.0001,2024-06-13 08:00:00+00:00,-1,True
2024-06-14 00:00:00+00:00,0.0001,0.0001,2024-06-13 16:00:00+00:00,-1,True
2024-06-14 08:00:00+00:00,0.0001,0.0001,2024-06-14 00:00:00+00:00,-1,True
2024-06-14 16:00:00+00:00,0.0001,0.0001,2024-06-14 08:00:00+00:00,-1,True
2024-06-15 00:00:00+00:00,0.0001,0.0001,2024-06-14 16:00:00+00:00,-1,True
2024-06-15 08:00:00+00:00,9.329e-05,0.0001,2024-06-15 00:00:00+00:00,-1,True
2024-06-15 16:00:00+00:00,0.0001,9.329e-05,2024-06-15 08:00:00+00:00,-1,True
2024-06-16 00:00:00+00:00,-7.787e-05,0.0001,2024-06-15 16:00:00+00:00,-1,True
2024-06-16 08:00:00+00:00,4.19e-06,-7.787e-05,2024-06-16 00:00:00+00:00,1,True
2024-06-16 16:00:00+00:00,6.001e-05,4.19e-06,2024-06-16 08:00:00+00:00,-1,True
2024-06-17 00:00:00+00:00,0.0001,6.001e-05,2024-06-16 16:00:00+00:00,-1,True
2024-06-17 08:00:00+00:00,7.746e-05,0.0001,2024-06-17 00:00:00+00:00,-1,True
2024-06-17 16:00:00+00:00,4.432e-05,7.746e-05,2024-06-17 08:00:00+00:00,-1,True
2024-06-18 00:00:00+00:00,0.0001,4.432e-05,2024-06-17 16:00:00+00:00,-1,True
2024-06-18 08:00:00+00:00,0.0001,0.0001,2024-06-18 00:00:00+00:00,-1,True
2024-06-18 16:00:00+00:00,0.0001,0.0001,2024-06-18 08:00:00+00:00,-1,True
2024-06-19 00:00:00+00:00,0.0001,0.0001,2024-06-18 16:00:00+00:00,-1,True
2024-06-19 08:00:00+00:00,0.0001,0.0001,2024-06-19 00:00:00+00:00,-1,True
2024-06-19 16:00:00+00:00,0.0001,0.0001,2024-06-19 08:00:00+00:00,-1,True
2024-06-20 00:00:00+00:00,0.0001,0.0001,2024-06-19 16:00:00+00:00,-1,True
2024-06-20 08:00:00+00:00,-2.265e-05,0.0001,2024-06-20 00:00:00+00:00,-1,True
2024-06-20 16:00:00+00:00,0.0001,-2.265e-05,2024-06-20 08:00:00+00:00,1,True
2024-06-21 00:00:00+00:00,0.0001,0.0001,2024-06-20 16:00:00+00:00,-1,True
2024-06-21 08:00:00+00:00,-1.03e-06,0.0001,2024-06-21 00:00:00+00:00,-1,True
2024-06-21 16:00:00+00:00,0.0001,-1.03e-06,2024-06-21 08:00:00+00:00,1,True
2024-06-22 00:00:00+00:00,8.09e-06,0.0001,2024-06-21 16:00:00+00:00,-1,True
2024-06-22 08:00:00+00:00,0.0001,8.09e-06,2024-06-22 00:00:00+00:00,-1,True
2024-06-22 16:00:00+00:00,0.0001,0.0001,2024-06-22 08:00:00+00:00,-1,True
2024-06-23 00:00:00+00:00,0.0001,0.0001,2024-06-22 16:00:00+00:00,-1,True
2024-06-23 08:00:00+00:00,0.0001,0.0001,2024-06-23 00:00:00+00:00,-1,True
2024-06-23 16:00:00+00:00,5.225e-05,0.0001,2024-06-23 08:00:00+00:00,-1,True
2024-06-24 00:00:00+00:00,6.241e-05,5.225e-05,2024-06-23 16:00:00+00:00,-1,True
2024-06-24 08:00:00+00:00,-5.182e-05,6.241e-05,2024-06-24 00:00:00+00:00,-1,True
2024-06-24 16:00:00+00:00,8.708e-05,-5.182e-05,2024-06-24 08:00:00+00:00,1,True
2024-06-25 00:00:00+00:00,-2.818e-05,8.708e-05,2024-06-24 16:00:00+00:00,-1,True
2024-06-25 08:00:00+00:00,-6e-07,-2.818e-05,2024-06-25 00:00:00+00:00,1,True
2024-06-25 16:00:00+00:00,0.0001,-6e-07,2024-06-25 08:00:00+00:00,1,True
2024-06-26 00:00:00+00:00,5.038e-05,0.0001,2024-06-25 16:00:00+00:00,-1,True
2024-06-26 08:00:00+00:00,-8.742e-05,5.038e-05,2024-06-26 00:00:00+00:00,-1,True
2024-06-26 16:00:00+00:00,0.0001,-8.742e-05,2024-06-26 08:00:00+00:00,1,True
2024-06-27 00:00:00+00:00,8.478e-05,0.0001,2024-06-26 16:00:00+00:00,-1,True
2024-06-27 08:00:00+00:00,1.995e-05,8.478e-05,2024-06-27 00:00:00+00:00,-1,True
2024-06-27 16:00:00+00:00,4.408e-05,1.995e-05,2024-06-27 08:00:00+00:00,-1,True
2024-06-28 00:00:00+00:00,2.658e-05,4.408e-05,2024-06-27 16:00:00+00:00,-1,True
2024-06-28 08:00:00+00:00,-3.777e-05,2.658e-05,2024-06-28 00:00:00+00:00,-1,True
2024-06-28 16:00:00+00:00,0.0001,-3.777e-05,2024-06-28 08:00:00+00:00,1,True
2024-06-29 00:00:00+00:00,0.0001,0.0001,2024-06-28 16:00:00+00:00,-1,True
2024-06-29 08:00:00+00:00,-8.227e-05,0.0001,2024-06-29 00:00:00+00:00,-1,True
2024-06-29 16:00:00+00:00,0.0001,-8.227e-05,2024-06-29 08:00:00+00:00,1,True
2024-06-30 00:00:00+00:00,0.0001,0.0001,2024-06-29 16:00:00+00:00,-1,True
2024-06-30 08:00:00+00:00,0.0001,0.0001,2024-06-30 00:00:00+00:00,-1,True
2024-06-30 16:00:00+00:00,-1.617e-05,0.0001,2024-06-30 08:00:00+00:00,-1,True
2024-07-01 00:00:00+00:00,3.751e-05,-1.617e-05,2024-06-30 16:00:00+00:00,1,True
2024-07-01 08:00:00+00:00,-5.52e-05,3.751e-05,2024-07-01 00:00:00+00:00,-1,True
2024-07-01 16:00:00+00:00,0.0001,-5.52e-05,2024-07-01 08:00:00+00:00,1,True
2024-07-02 00:00:00+00:00,6.281e-05,0.0001,2024-07-01 16:00:00+00:00,-1,True
2024-07-02 08:00:00+00:00,9.06e-06,6.281e-05,2024-07-02 00:00:00+00:00,-1,True
2024-07-02 16:00:00+00:00,0.0001,9.06e-06,2024-07-02 08:00:00+00:00,-1,True
2024-07-03 00:00:00+00:00,0.0001,0.0001,2024-07-02 16:00:00+00:00,-1,True
2024-07-03 08:00:00+00:00,0.0001,0.0001,2024-07-03 00:00:00+00:00,-1,True
2024-07-03 16:00:00+00:00,0.0001,0.0001,2024-07-03 08:00:00+00:00,-1,True
2024-07-04 00:00:00+00:00,0.0001,0.0001,2024-07-03 16:00:00+00:00,-1,True
2024-07-04 08:00:00+00:00,2.59e-06,0.0001,2024-07-04 00:00:00+00:00,-1,True
2024-07-04 16:00:00+00:00,3.819e-05,2.59e-06,2024-07-04 08:00:00+00:00,-1,True
2024-07-05 00:00:00+00:00,4.536e-05,3.819e-05,2024-07-04 16:00:00+00:00,-1,True
2024-07-05 08:00:00+00:00,-0.00010967,4.536e-05,2024-07-05 00:00:00+00:00,-1,True
2024-07-05 16:00:00+00:00,-4.334e-05,-0.00010967,2024-07-05 08:00:00+00:00,1,True
2024-07-06 00:00:00+00:00,6.194e-05,-4.334e-05,2024-07-05 16:00:00+00:00,1,True
2024-07-06 08:00:00+00:00,0.0001,6.194e-05,2024-07-06 00:00:00+00:00,-1,True
2024-07-06 16:00:00+00:00,6.294e-05,0.0001,2024-07-06 08:00:00+00:00,-1,True
2024-07-07 00:00:00+00:00,-7.819e-05,6.294e-05,2024-07-06 16:00:00+00:00,-1,True
2024-07-07 08:00:00+00:00,0.0001,-7.819e-05,2024-07-07 00:00:00+00:00,1,True
2024-07-07 16:00:00+00:00,4.32e-06,0.0001,2024-07-07 08:00:00+00:00,-1,True
2024-07-08 00:00:00+00:00,-5.238e-05,4.32e-06,2024-07-07 16:00:00+00:00,-1,True
2024-07-08 08:00:00+00:00,-1.9e-05,-5.238e-05,2024-07-08 00:00:00+00:00,1,True
2024-07-08 16:00:00+00:00,0.0001,-1.9e-05,2024-07-08 08:00:00+00:00,1,True
2024-07-09 00:00:00+00:00,4.407e-05,0.0001,2024-07-08 16:00:00+00:00,-1,True
2024-07-09 08:00:00+00:00,-7.04e-06,4.407e-05,2024-07-09 00:00:00+00:00,-1,True
2024-07-09 16:00:00+00:00,9.611e-05,-7.04e-06,2024-07-09 08:00:00+00:00,1,True
2024-07-10 00:00:00+00:00,0.0001,9.611e-05,2024-07-09 16:00:00+00:00,-1,True
2024-07-10 08:00:00+00:00,7.467e-05,0.0001,2024-07-10 00:00:00+00:00,-1,True
2024-07-10 16:00:00+00:00,0.0001,7.467e-05,2024-07-10 08:00:00+00:00,-1,True
2024-07-11 00:00:00+00:00,0.0001,0.0001,2024-07-10 16:00:00+00:00,-1,True
2024-07-11 08:00:00+00:00,4.64e-06,0.0001,2024-07-11 00:00:00+00:00,-1,True
2024-07-11 16:00:00+00:00,-3.276e-05,4.64e-06,2024-07-11 08:00:00+00:00,-1,True
2024-07-12 00:00:00+00:00,7.649e-05,-3.276e-05,2024-07-11 16:00:00+00:00,1,True
2024-07-12 08:00:00+00:00,-0.0001343,7.649e-05,2024-07-12 00:00:00+00:00,-1,True
2024-07-12 16:00:00+00:00,1.685e-05,-0.0001343,2024-07-12 08:00:00+00:00,1,True
2024-07-13 00:00:00+00:00,-5.579e-05,1.685e-05,2024-07-12 16:00:00+00:00,-1,True
2024-07-13 08:00:00+00:00,7.457e-05,-5.579e-05,2024-07-13 00:00:00+00:00,1,True
2024-07-13 16:00:00+00:00,1.117e-05,7.457e-05,2024-07-13 08:00:00+00:00,-1,True
2024-07-14 00:00:00+00:00,0.0001,1.117e-05,2024-07-13 16:00:00+00:00,-1,True
2024-07-14 08:00:00+00:00,0.0001,0.0001,2024-07-14 00:00:00+00:00,-1,True
2024-07-14 16:00:00+00:00,0.0001,0.0001,2024-07-14 08:00:00+00:00,-1,True
2024-07-15 00:00:00+00:00,0.0001,0.0001,2024-07-14 16:00:00+00:00,-1,True
2024-07-15 08:00:00+00:00,0.0001,0.0001,2024-07-15 00:00:00+00:00,-1,True
2024-07-15 16:00:00+00:00,-2.973e-05,0.0001,2024-07-15 08:00:00+00:00,-1,True
2024-07-16 00:00:00+00:00,0.0001,-2.973e-05,2024-07-15 16:00:00+00:00,1,True
2024-07-16 08:00:00+00:00,3.922e-05,0.0001,2024-07-16 00:00:00+00:00,-1,True
2024-07-16 16:00:00+00:00,0.0001,3.922e-05,2024-07-16 08:00:00+00:00,-1,True
2024-07-17 00:00:00+00:00,0.0001,0.0001,2024-07-16 16:00:00+00:00,-1,True
2024-07-17 08:00:00+00:00,7.118e-05,0.0001,2024-07-17 00:00:00+00:00,-1,True
2024-07-17 16:00:00+00:00,0.0001,7.118e-05,2024-07-17 08:00:00+00:00,-1,True
2024-07-18 00:00:00+00:00,0.0001,0.0001,2024-07-17 16:00:00+00:00,-1,True
2024-07-18 08:00:00+00:00,0.0001,0.0001,2024-07-18 00:00:00+00:00,-1,True
2024-07-18 16:00:00+00:00,8.292e-05,0.0001,2024-07-18 08:00:00+00:00,-1,True
2024-07-19 00:00:00+00:00,3.105e-05,8.292e-05,2024-07-18 16:00:00+00:00,-1,True
2024-07-19 08:00:00+00:00,-5.902e-05,3.105e-05,2024-07-19 00:00:00+00:00,-1,True
2024-07-19 16:00:00+00:00,-2.833e-05,-5.902e-05,2024-07-19 08:00:00+00:00,1,True
2024-07-20 00:00:00+00:00,0.0001,-2.833e-05,2024-07-19 16:00:00+00:00,1,True
2024-07-20 08:00:00+00:00,0.0001,0.0001,2024-07-20 00:00:00+00:00,-1,True
2024-07-20 16:00:00+00:00,0.0001,0.0001,2024-07-20 08:00:00+00:00,-1,True
2024-07-21 00:00:00+00:00,0.0001,0.0001,2024-07-20 16:00:00+00:00,-1,True
2024-07-21 08:00:00+00:00,0.0001,0.0001,2024-07-21 00:00:00+00:00,-1,True
2024-07-21 16:00:00+00:00,5.083e-05,0.0001,2024-07-21 08:00:00+00:00,-1,True
2024-07-22 00:00:00+00:00,0.0001,5.083e-05,2024-07-21 16:00:00+00:00,-1,True
2024-07-22 08:00:00+00:00,0.0001,0.0001,2024-07-22 00:00:00+00:00,-1,True
2024-07-22 16:00:00+00:00,0.0001,0.0001,2024-07-22 08:00:00+00:00,-1,True
2024-07-23 00:00:00+00:00,0.0001,0.0001,2024-07-22 16:00:00+00:00,-1,True
2024-07-23 08:00:00+00:00,0.0001,0.0001,2024-07-23 00:00:00+00:00,-1,True
2024-07-23 16:00:00+00:00,0.0001,0.0001,2024-07-23 08:00:00+00:00,-1,True
2024-07-24 00:00:00+00:00,0.0001,0.0001,2024-07-23 16:00:00+00:00,-1,True
2024-07-24 08:00:00+00:00,0.0001,0.0001,2024-07-24 00:00:00+00:00,-1,True
2024-07-24 16:00:00+00:00,0.0001,0.0001,2024-07-24 08:00:00+00:00,-1,True
2024-07-25 00:00:00+00:00,7.487e-05,0.0001,2024-07-24 16:00:00+00:00,-1,True
2024-07-25 08:00:00+00:00,8.602e-05,7.487e-05,2024-07-25 00:00:00+00:00,-1,True
2024-07-25 16:00:00+00:00,0.0001,8.602e-05,2024-07-25 08:00:00+00:00,-1,True
2024-07-26 00:00:00+00:00,3.4e-05,0.0001,2024-07-25 16:00:00+00:00,-1,True
2024-07-26 08:00:00+00:00,0.0001,3.4e-05,2024-07-26 00:00:00+00:00,-1,True
2024-07-26 16:00:00+00:00,1.981e-05,0.0001,2024-07-26 08:00:00+00:00,-1,True
2024-07-27 00:00:00+00:00,9.973e-05,1.981e-05,2024-07-26 16:00:00+00:00,-1,True
2024-07-27 08:00:00+00:00,0.0001,9.973e-05,2024-07-27 00:00:00+00:00,-1,True
2024-07-27 16:00:00+00:00,0.0001,0.0001,2024-07-27 08:00:00+00:00,-1,True
2024-07-28 00:00:00+00:00,0.0001,0.0001,2024-07-27 16:00:00+00:00,-1,True
2024-07-28 08:00:00+00:00,0.0001,0.0001,2024-07-28 00:00:00+00:00,-1,True
2024-07-28 16:00:00+00:00,0.0001,0.0001,2024-07-28 08:00:00+00:00,-1,True
2024-07-29 00:00:00+00:00,-2.478e-05,0.0001,2024-07-28 16:00:00+00:00,-1,True
2024-07-29 08:00:00+00:00,0.0001,-2.478e-05,2024-07-29 00:00:00+00:00,1,True
2024-07-29 16:00:00+00:00,0.0001,0.0001,2024-07-29 08:00:00+00:00,-1,True
2024-07-30 00:00:00+00:00,0.0001,0.0001,2024-07-29 16:00:00+00:00,-1,True
2024-07-30 08:00:00+00:00,-2.942e-05,0.0001,2024-07-30 00:00:00+00:00,-1,True
2024-07-30 16:00:00+00:00,-3.49e-05,-2.942e-05,2024-07-30 08:00:00+00:00,1,True
2024-07-31 00:00:00+00:00,0.0001,-3.49e-05,2024-07-30 16:00:00+00:00,1,True
2024-07-31 08:00:00+00:00,-3.177e-05,0.0001,2024-07-31 00:00:00+00:00,-1,True
2024-07-31 16:00:00+00:00,3.36e-05,-3.177e-05,2024-07-31 08:00:00+00:00,1,True
2024-08-01 00:00:00+00:00,9.751e-05,3.36e-05,2024-07-31 16:00:00+00:00,-1,True
2024-08-01 08:00:00+00:00,-0.00019089,9.751e-05,2024-08-01 00:00:00+00:00,-1,True
2024-08-01 16:00:00+00:00,8.854e-05,-0.00019089,2024-08-01 08:00:00+00:00,1,True
2024-08-02 00:00:00+00:00,-2.065e-05,8.854e-05,2024-08-01 16:00:00+00:00,-1,True
2024-08-02 08:00:00+00:00,-7.08e-06,-2.065e-05,2024-08-02 00:00:00+00:00,1,True
2024-08-02 16:00:00+00:00,1.973e-05,-7.08e-06,2024-08-02 08:00:00+00:00,1,True
2024-08-03 00:00:00+00:00,0.0001,1.973e-05,2024-08-02 16:00:00+00:00,-1,True
2024-08-03 08:00:00+00:00,-2.4e-07,0.0001,2024-08-03 00:00:00+00:00,-1,True
2024-08-03 16:00:00+00:00,-2.2e-06,-2.4e-07,2024-08-03 08:00:00+00:00,1,True
2024-08-04 00:00:00+00:00,5.05e-06,-2.2e-06,2024-08-03 16:00:00+00:00,1,True
2024-08-04 08:00:00+00:00,4.295e-05,5.05e-06,2024-08-04 00:00:00+00:00,-1,True
2024-08-04 16:00:00+00:00,-2.086e-05,4.295e-05,2024-08-04 08:00:00+00:00,-1,True
2024-08-05 00:00:00+00:00,8.063e-05,-2.086e-05,2024-08-04 16:00:00+00:00,1,True
2024-08-05 08:00:00+00:00,-0.00012509,8.063e-05,2024-08-05 00:00:00+00:00,-1,True
2024-08-05 16:00:00+00:00,-7.287e-05,-0.00012509,2024-08-05 08:00:00+00:00,1,True
2024-08-06 00:00:00+00:00,7.809e-05,-7.287e-05,2024-08-05 16:00:00+00:00,1,True
2024-08-06 08:00:00+00:00,-8.67e-06,7.809e-05,2024-08-06 00:00:00+00:00,-1,True
2024-08-06 16:00:00+00:00,2.897e-05,-8.67e-06,2024-08-06 08:00:00+00:00,1,True
2024-08-07 00:00:00+00:00,-4.021e-05,2.897e-05,2024-08-06 16:00:00+00:00,-1,True
2024-08-07 08:00:00+00:00,-2.404e-05,-4.021e-05,2024-08-07 00:00:00+00:00,1,True
2024-08-07 16:00:00+00:00,-1.46e-05,-2.404e-05,2024-08-07 08:00:00+00:00,1,True
2024-08-08 00:00:00+00:00,-4.19e-06,-1.46e-05,2024-08-07 16:00:00+00:00,1,True
2024-08-08 08:00:00+00:00,-0.00010236,-4.19e-06,2024-08-08 00:00:00+00:00,1,True
2024-08-08 16:00:00+00:00,5.858e-05,-0.00010236,2024-08-08 08:00:00+00:00,1,True
2024-08-09 00:00:00+00:00,2.164e-05,5.858e-05,2024-08-08 16:00:00+00:00,-1,True
2024-08-09 08:00:00+00:00,9.134e-05,2.164e-05,2024-08-09 00:00:00+00:00,-1,True
2024-08-09 16:00:00+00:00,1.624e-05,9.134e-05,2024-08-09 08:00:00+00:00,-1,True
2024-08-10 00:00:00+00:00,-2.724e-05,1.624e-05,2024-08-09 16:00:00+00:00,-1,True
2024-08-10 08:00:00+00:00,7.327e-05,-2.724e-05,2024-08-10 00:00:00+00:00,1,True
2024-08-10 16:00:00+00:00,5.348e-05,7.327e-05,2024-08-10 08:00:00+00:00,-1,True
2024-08-11 00:00:00+00:00,6.27e-05,5.348e-05,2024-08-10 16:00:00+00:00,-1,True
2024-08-11 08:00:00+00:00,7.754e-05,6.27e-05,2024-08-11 00:00:00+00:00,-1,True
2024-08-11 16:00:00+00:00,-0.00010421,7.754e-05,2024-08-11 08:00:00+00:00,-1,True
2024-08-12 00:00:00+00:00,-1.66e-06,-0.00010421,2024-08-11 16:00:00+00:00,1,True
2024-08-12 08:00:00+00:00,7.111e-05,-1.66e-06,2024-08-12 00:00:00+00:00,1,True
2024-08-12 16:00:00+00:00,0.0001,7.111e-05,2024-08-12 08:00:00+00:00,-1,True
2024-08-13 00:00:00+00:00,-8.56e-06,0.0001,2024-08-12 16:00:00+00:00,-1,True
2024-08-13 08:00:00+00:00,0.0001,-8.56e-06,2024-08-13 00:00:00+00:00,1,True
2024-08-13 16:00:00+00:00,7.155e-05,0.0001,2024-08-13 08:00:00+00:00,-1,True
2024-08-14 00:00:00+00:00,-8.655e-05,7.155e-05,2024-08-13 16:00:00+00:00,-1,True
2024-08-14 08:00:00+00:00,3.558e-05,-8.655e-05,2024-08-14 00:00:00+00:00,1,True
2024-08-14 16:00:00+00:00,5.108e-05,3.558e-05,2024-08-14 08:00:00+00:00,-1,True
2024-08-15 00:00:00+00:00,6.935e-05,5.108e-05,2024-08-14 16:00:00+00:00,-1,True
2024-08-15 08:00:00+00:00,2.248e-05,6.935e-05,2024-08-15 00:00:00+00:00,-1,True
2024-08-15 16:00:00+00:00,6.26e-06,2.248e-05,2024-08-15 08:00:00+00:00,-1,True
2024-08-16 00:00:00+00:00,6.247e-05,6.26e-06,2024-08-15 16:00:00+00:00,-1,True
2024-08-16 08:00:00+00:00,4.594e-05,6.247e-05,2024-08-16 00:00:00+00:00,-1,True
2024-08-16 16:00:00+00:00,8.959e-05,4.594e-05,2024-08-16 08:00:00+00:00,-1,True
2024-08-17 00:00:00+00:00,4.394e-05,8.959e-05,2024-08-16 16:00:00+00:00,-1,True
2024-08-17 08:00:00+00:00,-3.779e-05,4.394e-05,2024-08-17 00:00:00+00:00,-1,True
2024-08-17 16:00:00+00:00,2.019e-05,-3.779e-05,2024-08-17 08:00:00+00:00,1,True
2024-08-18 00:00:00+00:00,7.81e-06,2.019e-05,2024-08-17 16:00:00+00:00,-1,True
2024-08-18 08:00:00+00:00,6.96e-06,7.81e-06,2024-08-18 00:00:00+00:00,-1,True
2024-08-18 16:00:00+00:00,-4.86e-05,6.96e-06,2024-08-18 08:00:00+00:00,-1,True
2024-08-19 00:00:00+00:00,4.02e-06,-4.86e-05,2024-08-18 16:00:00+00:00,1,True
2024-08-19 08:00:00+00:00,-4.354e-05,4.02e-06,2024-08-19 00:00:00+00:00,-1,True
2024-08-19 16:00:00+00:00,3.323e-05,-4.354e-05,2024-08-19 08:00:00+00:00,1,True
2024-08-20 00:00:00+00:00,6.471e-05,3.323e-05,2024-08-19 16:00:00+00:00,-1,True
2024-08-20 08:00:00+00:00,4.558e-05,6.471e-05,2024-08-20 00:00:00+00:00,-1,True
2024-08-20 16:00:00+00:00,8.379e-05,4.558e-05,2024-08-20 08:00:00+00:00,-1,True
2024-08-21 00:00:00+00:00,-3.088e-05,8.379e-05,2024-08-20 16:00:00+00:00,-1,True
2024-08-21 08:00:00+00:00,5.053e-05,-3.088e-05,2024-08-21 00:00:00+00:00,1,True
2024-08-21 16:00:00+00:00,5.923e-05,5.053e-05,2024-08-21 08:00:00+00:00,-1,True
2024-08-22 00:00:00+00:00,8.487e-05,5.923e-05,2024-08-21 16:00:00+00:00,-1,True
2024-08-22 08:00:00+00:00,8.064e-05,8.487e-05,2024-08-22 00:00:00+00:00,-1,True
2024-08-22 16:00:00+00:00,9.583e-05,8.064e-05,2024-08-22 08:00:00+00:00,-1,True
2024-08-23 00:00:00+00:00,-5.265e-05,9.583e-05,2024-08-22 16:00:00+00:00,-1,True
2024-08-23 08:00:00+00:00,0.0001,-5.265e-05,2024-08-23 00:00:00+00:00,1,True
2024-08-23 16:00:00+00:00,3.717e-05,0.0001,2024-08-23 08:00:00+00:00,-1,True
2024-08-24 00:00:00+00:00,4.692e-05,3.717e-05,2024-08-23 16:00:00+00:00,-1,True
2024-08-24 08:00:00+00:00,0.0001,4.692e-05,2024-08-24 00:00:00+00:00,-1,True
2024-08-24 16:00:00+00:00,7.298e-05,0.0001,2024-08-24 08:00:00+00:00,-1,True
2024-08-25 00:00:00+00:00,4.01e-05,7.298e-05,2024-08-24 16:00:00+00:00,-1,True
2024-08-25 08:00:00+00:00,-1.714e-05,4.01e-05,2024-08-25 00:00:00+00:00,-1,True
2024-08-25 16:00:00+00:00,-5.081e-05,-1.714e-05,2024-08-25 08:00:00+00:00,1,True
2024-08-26 00:00:00+00:00,-2.131e-05,-5.081e-05,2024-08-25 16:00:00+00:00,1,True
2024-08-26 08:00:00+00:00,3.094e-05,-2.131e-05,2024-08-26 00:00:00+00:00,1,True
2024-08-26 16:00:00+00:00,0.0001,3.094e-05,2024-08-26 08:00:00+00:00,-1,True
2024-08-27 00:00:00+00:00,-3.636e-05,0.0001,2024-08-26 16:00:00+00:00,-1,True
2024-08-27 08:00:00+00:00,3.11e-05,-3.636e-05,2024-08-27 00:00:00+00:00,1,True
2024-08-27 16:00:00+00:00,0.0001,3.11e-05,2024-08-27 08:00:00+00:00,-1,True
2024-08-28 00:00:00+00:00,7.26e-06,0.0001,2024-08-27 16:00:00+00:00,-1,True
2024-08-28 08:00:00+00:00,-0.00014409,7.26e-06,2024-08-28 00:00:00+00:00,-1,True
2024-08-28 16:00:00+00:00,-1.716e-05,-0.00014409,2024-08-28 08:00:00+00:00,1,True
2024-08-29 00:00:00+00:00,-5.6e-06,-1.716e-05,2024-08-28 16:00:00+00:00,1,True
2024-08-29 08:00:00+00:00,6.132e-05,-5.6e-06,2024-08-29 00:00:00+00:00,1,True
2024-08-29 16:00:00+00:00,-4.47e-05,6.132e-05,2024-08-29 08:00:00+00:00,-1,True
2024-08-30 00:00:00+00:00,2.048e-05,-4.47e-05,2024-08-29 16:00:00+00:00,1,True
2024-08-30 08:00:00+00:00,0.0001,2.048e-05,2024-08-30 00:00:00+00:00,-1,True
2024-08-30 16:00:00+00:00,2.68e-05,0.0001,2024-08-30 08:00:00+00:00,-1,True
2024-08-31 00:00:00+00:00,1.072e-05,2.68e-05,2024-08-30 16:00:00+00:00,-1,True
2024-08-31 08:00:00+00:00,6.85e-06,1.072e-05,2024-08-31 00:00:00+00:00,-1,True
2024-08-31 16:00:00+00:00,-4.425e-05,6.85e-06,2024-08-31 08:00:00+00:00,-1,True
2024-09-01 00:00:00+00:00,5.702e-05,-4.425e-05,2024-08-31 16:00:00+00:00,1,True
2024-09-01 08:00:00+00:00,3.215e-05,5.702e-05,2024-09-01 00:00:00+00:00,-1,True
2024-09-01 16:00:00+00:00,9.267e-05,3.215e-05,2024-09-01 08:00:00+00:00,-1,True
2024-09-02 00:00:00+00:00,-1.065e-05,9.267e-05,2024-09-01 16:00:00+00:00,-1,True
2024-09-02 08:00:00+00:00,-5.574e-05,-1.065e-05,2024-09-02 00:00:00+00:00,1,True
2024-09-02 16:00:00+00:00,1.069e-05,-5.574e-05,2024-09-02 08:00:00+00:00,1,True
2024-09-03 00:00:00+00:00,-4.73e-05,1.069e-05,2024-09-02 16:00:00+00:00,-1,True
2024-09-03 08:00:00+00:00,-9.44e-06,-4.73e-05,2024-09-03 00:00:00+00:00,1,True
2024-09-03 16:00:00+00:00,9.222e-05,-9.44e-06,2024-09-03 08:00:00+00:00,1,True
2024-09-04 00:00:00+00:00,3.586e-05,9.222e-05,2024-09-03 16:00:00+00:00,-1,True
2024-09-04 08:00:00+00:00,-7.24e-06,3.586e-05,2024-09-04 00:00:00+00:00,-1,True
2024-09-04 16:00:00+00:00,5.785e-05,-7.24e-06,2024-09-04 08:00:00+00:00,1,True
2024-09-05 00:00:00+00:00,2.5e-07,5.785e-05,2024-09-04 16:00:00+00:00,-1,True
2024-09-05 08:00:00+00:00,7.341e-05,2.5e-07,2024-09-05 00:00:00+00:00,-1,True
2024-09-05 16:00:00+00:00,5.742e-05,7.341e-05,2024-09-05 08:00:00+00:00,-1,True
2024-09-06 00:00:00+00:00,2.342e-05,5.742e-05,2024-09-05 16:00:00+00:00,-1,True
2024-09-06 08:00:00+00:00,-3.547e-05,2.342e-05,2024-09-06 00:00:00+00:00,-1,True
2024-09-06 16:00:00+00:00,3.962e-05,-3.547e-05,2024-09-06 08:00:00+00:00,1,True
2024-09-07 00:00:00+00:00,-0.00012706,3.962e-05,2024-09-06 16:00:00+00:00,-1,True
2024-09-07 08:00:00+00:00,-0.00012211,-0.00012706,2024-09-07 00:00:00+00:00,1,True
2024-09-07 16:00:00+00:00,-5.133e-05,-0.00012211,2024-09-07 08:00:00+00:00,1,True
2024-09-08 00:00:00+00:00,-2.933e-05,-5.133e-05,2024-09-07 16:00:00+00:00,1,True
2024-09-08 08:00:00+00:00,3.648e-05,-2.933e-05,2024-09-08 00:00:00+00:00,1,True
2024-09-08 16:00:00+00:00,6.018e-05,3.648e-05,2024-09-08 08:00:00+00:00,-1,True
2024-09-09 00:00:00+00:00,2.513e-05,6.018e-05,2024-09-08 16:00:00+00:00,-1,True
2024-09-09 08:00:00+00:00,-3.322e-05,2.513e-05,2024-09-09 00:00:00+00:00,-1,True
2024-09-09 16:00:00+00:00,7.77e-06,-3.322e-05,2024-09-09 08:00:00+00:00,1,True
2024-09-10 00:00:00+00:00,4.46e-06,7.77e-06,2024-09-09 16:00:00+00:00,-1,True
2024-09-10 08:00:00+00:00,3.355e-05,4.46e-06,2024-09-10 00:00:00+00:00,-1,True
2024-09-10 16:00:00+00:00,5.91e-05,3.355e-05,2024-09-10 08:00:00+00:00,-1,True
2024-09-11 00:00:00+00:00,-4.98e-06,5.91e-05,2024-09-10 16:00:00+00:00,-1,True
2024-09-11 08:00:00+00:00,-9.36e-06,-4.98e-06,2024-09-11 00:00:00+00:00,1,True
2024-09-11 16:00:00+00:00,-3.828e-05,-9.36e-06,2024-09-11 08:00:00+00:00,1,True
2024-09-12 00:00:00+00:00,4.454e-05,-3.828e-05,2024-09-11 16:00:00+00:00,1,True
2024-09-12 08:00:00+00:00,-1.896e-05,4.454e-05,2024-09-12 00:00:00+00:00,-1,True
2024-09-12 16:00:00+00:00,1.29e-06,-1.896e-05,2024-09-12 08:00:00+00:00,1,True
2024-09-13 00:00:00+00:00,-5.343e-05,1.29e-06,2024-09-12 16:00:00+00:00,-1,True
2024-09-13 08:00:00+00:00,-6.617e-05,-5.343e-05,2024-09-13 00:00:00+00:00,1,True
2024-09-13 16:00:00+00:00,0.0001,-6.617e-05,2024-09-13 08:00:00+00:00,1,True
2024-09-14 00:00:00+00:00,-2.626e-05,0.0001,2024-09-13 16:00:00+00:00,-1,True
2024-09-14 08:00:00+00:00,1.584e-05,-2.626e-05,2024-09-14 00:00:00+00:00,1,True
2024-09-14 16:00:00+00:00,1.826e-05,1.584e-05,2024-09-14 08:00:00+00:00,-1,True
2024-09-15 00:00:00+00:00,6.531e-05,1.826e-05,2024-09-14 16:00:00+00:00,-1,True
2024-09-15 08:00:00+00:00,8.329e-05,6.531e-05,2024-09-15 00:00:00+00:00,-1,True
2024-09-15 16:00:00+00:00,6.748e-05,8.329e-05,2024-09-15 08:00:00+00:00,-1,True
2024-09-16 00:00:00+00:00,9.056e-05,6.748e-05,2024-09-15 16:00:00+00:00,-1,True
2024-09-16 08:00:00+00:00,2.495e-05,9.056e-05,2024-09-16 00:00:00+00:00,-1,True
2024-09-16 16:00:00+00:00,9.584e-05,2.495e-05,2024-09-16 08:00:00+00:00,-1,True
2024-09-17 00:00:00+00:00,2.8e-06,9.584e-05,2024-09-16 16:00:00+00:00,-1,True
2024-09-17 08:00:00+00:00,2.907e-05,2.8e-06,2024-09-17 00:00:00+00:00,-1,True
2024-09-17 16:00:00+00:00,7.298e-05,2.907e-05,2024-09-17 08:00:00+00:00,-1,True
2024-09-18 00:00:00+00:00,8.184e-05,7.298e-05,2024-09-17 16:00:00+00:00,-1,True
2024-09-18 08:00:00+00:00,-2.591e-05,8.184e-05,2024-09-18 00:00:00+00:00,-1,True
2024-09-18 16:00:00+00:00,4.909e-05,-2.591e-05,2024-09-18 08:00:00+00:00,1,True
2024-09-19 00:00:00+00:00,1.914e-05,4.909e-05,2024-09-18 16:00:00+00:00,-1,True
2024-09-19 08:00:00+00:00,0.0001,1.914e-05,2024-09-19 00:00:00+00:00,-1,True
2024-09-19 16:00:00+00:00,0.0001,0.0001,2024-09-19 08:00:00+00:00,-1,True
2024-09-20 00:00:00+00:00,4.173e-05,0.0001,2024-09-19 16:00:00+00:00,-1,True
2024-09-20 08:00:00+00:00,6.322e-05,4.173e-05,2024-09-20 00:00:00+00:00,-1,True
2024-09-20 16:00:00+00:00,8.797e-05,6.322e-05,2024-09-20 08:00:00+00:00,-1,True
2024-09-21 00:00:00+00:00,-1.012e-05,8.797e-05,2024-09-20 16:00:00+00:00,-1,True
2024-09-21 08:00:00+00:00,0.0001,-1.012e-05,2024-09-21 00:00:00+00:00,1,True
2024-09-21 16:00:00+00:00,0.0001,0.0001,2024-09-21 08:00:00+00:00,-1,True
2024-09-22 00:00:00+00:00,5.292e-05,0.0001,2024-09-21 16:00:00+00:00,-1,True
2024-09-22 08:00:00+00:00,5.818e-05,5.292e-05,2024-09-22 00:00:00+00:00,-1,True
2024-09-22 16:00:00+00:00,-5.159e-05,5.818e-05,2024-09-22 08:00:00+00:00,-1,True
2024-09-23 00:00:00+00:00,-7.2e-07,-5.159e-05,2024-09-22 16:00:00+00:00,1,True
2024-09-23 08:00:00+00:00,9.92e-05,-7.2e-07,2024-09-23 00:00:00+00:00,1,True
2024-09-23 16:00:00+00:00,7.255e-05,9.92e-05,2024-09-23 08:00:00+00:00,-1,True
2024-09-24 00:00:00+00:00,0.0001,7.255e-05,2024-09-23 16:00:00+00:00,-1,True
2024-09-24 08:00:00+00:00,0.0001,0.0001,2024-09-24 00:00:00+00:00,-1,True
2024-09-24 16:00:00+00:00,0.0001,0.0001,2024-09-24 08:00:00+00:00,-1,True
2024-09-25 00:00:00+00:00,0.0001,0.0001,2024-09-24 16:00:00+00:00,-1,True
2024-09-25 08:00:00+00:00,0.0001,0.0001,2024-09-25 00:00:00+00:00,-1,True
2024-09-25 16:00:00+00:00,0.0001,0.0001,2024-09-25 08:00:00+00:00,-1,True
2024-09-26 00:00:00+00:00,0.0001,0.0001,2024-09-25 16:00:00+00:00,-1,True
2024-09-26 08:00:00+00:00,0.0001,0.0001,2024-09-26 00:00:00+00:00,-1,True
2024-09-26 16:00:00+00:00,0.0001,0.0001,2024-09-26 08:00:00+00:00,-1,True
2024-09-27 00:00:00+00:00,0.0001,0.0001,2024-09-26 16:00:00+00:00,-1,True
2024-09-27 08:00:00+00:00,0.0001,0.0001,2024-09-27 00:00:00+00:00,-1,True
2024-09-27 16:00:00+00:00,0.0001,0.0001,2024-09-27 08:00:00+00:00,-1,True
2024-09-28 00:00:00+00:00,0.0001,0.0001,2024-09-27 16:00:00+00:00,-1,True
2024-09-28 08:00:00+00:00,0.0001,0.0001,2024-09-28 00:00:00+00:00,-1,True
2024-09-28 16:00:00+00:00,0.0001,0.0001,2024-09-28 08:00:00+00:00,-1,True
2024-09-29 00:00:00+00:00,0.0001,0.0001,2024-09-28 16:00:00+00:00,-1,True
2024-09-29 08:00:00+00:00,0.0001,0.0001,2024-09-29 00:00:00+00:00,-1,True
2024-09-29 16:00:00+00:00,0.0001,0.0001,2024-09-29 08:00:00+00:00,-1,True
2024-09-30 00:00:00+00:00,0.0001,0.0001,2024-09-29 16:00:00+00:00,-1,True
2024-09-30 08:00:00+00:00,0.0001,0.0001,2024-09-30 00:00:00+00:00,-1,True
2024-09-30 16:00:00+00:00,0.0001,0.0001,2024-09-30 08:00:00+00:00,-1,True
2024-10-01 00:00:00+00:00,0.0001,0.0001,2024-09-30 16:00:00+00:00,-1,True
2024-10-01 08:00:00+00:00,0.0001,0.0001,2024-10-01 00:00:00+00:00,-1,True
2024-10-01 16:00:00+00:00,3.8e-05,0.0001,2024-10-01 08:00:00+00:00,-1,True
2024-10-02 00:00:00+00:00,8.72e-06,3.8e-05,2024-10-01 16:00:00+00:00,-1,True
2024-10-02 08:00:00+00:00,-6.22e-06,8.72e-06,2024-10-02 00:00:00+00:00,-1,True
2024-10-02 16:00:00+00:00,-0.00010486,-6.22e-06,2024-10-02 08:00:00+00:00,1,True
2024-10-03 00:00:00+00:00,3.927e-05,-0.00010486,2024-10-02 16:00:00+00:00,1,True
2024-10-03 08:00:00+00:00,0.0001,3.927e-05,2024-10-03 00:00:00+00:00,-1,True
2024-10-03 16:00:00+00:00,0.0001,0.0001,2024-10-03 08:00:00+00:00,-1,True
2024-10-04 00:00:00+00:00,-7.102e-05,0.0001,2024-10-03 16:00:00+00:00,-1,True
2024-10-04 08:00:00+00:00,-5.686e-05,-7.102e-05,2024-10-04 00:00:00+00:00,1,True
2024-10-04 16:00:00+00:00,1.101e-05,-5.686e-05,2024-10-04 08:00:00+00:00,1,True
2024-10-05 00:00:00+00:00,-7.894e-05,1.101e-05,2024-10-04 16:00:00+00:00,-1,True
2024-10-05 08:00:00+00:00,0.0001,-7.894e-05,2024-10-05 00:00:00+00:00,1,True
2024-10-05 16:00:00+00:00,0.0001,0.0001,2024-10-05 08:00:00+00:00,-1,True
2024-10-06 00:00:00+00:00,7.194e-05,0.0001,2024-10-05 16:00:00+00:00,-1,True
2024-10-06 08:00:00+00:00,0.0001,7.194e-05,2024-10-06 00:00:00+00:00,-1,True
2024-10-06 16:00:00+00:00,3.884e-05,0.0001,2024-10-06 08:00:00+00:00,-1,True
2024-10-07 00:00:00+00:00,-3.937e-05,3.884e-05,2024-10-06 16:00:00+00:00,-1,True
2024-10-07 08:00:00+00:00,2.65e-05,-3.937e-05,2024-10-07 00:00:00+00:00,1,True
2024-10-07 16:00:00+00:00,5.031e-05,2.65e-05,2024-10-07 08:00:00+00:00,-1,True
2024-10-08 00:00:00+00:00,8.777e-05,5.031e-05,2024-10-07 16:00:00+00:00,-1,True
2024-10-08 08:00:00+00:00,-3.284e-05,8.777e-05,2024-10-08 00:00:00+00:00,-1,True
2024-10-08 16:00:00+00:00,5.871e-05,-3.284e-05,2024-10-08 08:00:00+00:00,1,True
2024-10-09 00:00:00+00:00,8.134e-05,5.871e-05,2024-10-08 16:00:00+00:00,-1,True
2024-10-09 08:00:00+00:00,-1.943e-05,8.134e-05,2024-10-09 00:00:00+00:00,-1,True
2024-10-09 16:00:00+00:00,6.6e-07,-1.943e-05,2024-10-09 08:00:00+00:00,1,True
2024-10-10 00:00:00+00:00,0.0001,6.6e-07,2024-10-09 16:00:00+00:00,-1,True
2024-10-10 08:00:00+00:00,-0.00010014,0.0001,2024-10-10 00:00:00+00:00,-1,True
2024-10-10 16:00:00+00:00,7.665e-05,-0.00010014,2024-10-10 08:00:00+00:00,1,True
2024-10-11 00:00:00+00:00,0.0001,7.665e-05,2024-10-10 16:00:00+00:00,-1,True
2024-10-11 08:00:00+00:00,6.221e-05,0.0001,2024-10-11 00:00:00+00:00,-1,True
2024-10-11 16:00:00+00:00,0.0001,6.221e-05,2024-10-11 08:00:00+00:00,-1,True
2024-10-12 00:00:00+00:00,0.0001,0.0001,2024-10-11 16:00:00+00:00,-1,True
2024-10-12 08:00:00+00:00,0.0001,0.0001,2024-10-12 00:00:00+00:00,-1,True
2024-10-12 16:00:00+00:00,0.0001,0.0001,2024-10-12 08:00:00+00:00,-1,True
2024-10-13 00:00:00+00:00,4.047e-05,0.0001,2024-10-12 16:00:00+00:00,-1,True
2024-10-13 08:00:00+00:00,0.0001,4.047e-05,2024-10-13 00:00:00+00:00,-1,True
2024-10-13 16:00:00+00:00,-2.929e-05,0.0001,2024-10-13 08:00:00+00:00,-1,True
2024-10-14 00:00:00+00:00,3.236e-05,-2.929e-05,2024-10-13 16:00:00+00:00,1,True
2024-10-14 08:00:00+00:00,0.0001,3.236e-05,2024-10-14 00:00:00+00:00,-1,True
2024-10-14 16:00:00+00:00,0.0001,0.0001,2024-10-14 08:00:00+00:00,-1,True
2024-10-15 00:00:00+00:00,0.0001,0.0001,2024-10-14 16:00:00+00:00,-1,True
2024-10-15 08:00:00+00:00,0.0001,0.0001,2024-10-15 00:00:00+00:00,-1,True
2024-10-15 16:00:00+00:00,0.0001,0.0001,2024-10-15 08:00:00+00:00,-1,True
2024-10-16 00:00:00+00:00,0.0001,0.0001,2024-10-15 16:00:00+00:00,-1,True
2024-10-16 08:00:00+00:00,0.0001,0.0001,2024-10-16 00:00:00+00:00,-1,True
2024-10-16 16:00:00+00:00,0.0001,0.0001,2024-10-16 08:00:00+00:00,-1,True
2024-10-17 00:00:00+00:00,0.0001,0.0001,2024-10-16 16:00:00+00:00,-1,True
2024-10-17 08:00:00+00:00,0.0001,0.0001,2024-10-17 00:00:00+00:00,-1,True
2024-10-17 16:00:00+00:00,0.0001,0.0001,2024-10-17 08:00:00+00:00,-1,True
2024-10-18 00:00:00+00:00,0.0001,0.0001,2024-10-17 16:00:00+00:00,-1,True
2024-10-18 08:00:00+00:00,0.0001,0.0001,2024-10-18 00:00:00+00:00,-1,True
2024-10-18 16:00:00+00:00,0.0001,0.0001,2024-10-18 08:00:00+00:00,-1,True
2024-10-19 00:00:00+00:00,0.0001,0.0001,2024-10-18 16:00:00+00:00,-1,True
2024-10-19 08:00:00+00:00,0.0001,0.0001,2024-10-19 00:00:00+00:00,-1,True
2024-10-19 16:00:00+00:00,0.0001,0.0001,2024-10-19 08:00:00+00:00,-1,True
2024-10-20 00:00:00+00:00,0.0001,0.0001,2024-10-19 16:00:00+00:00,-1,True
2024-10-20 08:00:00+00:00,0.0001,0.0001,2024-10-20 00:00:00+00:00,-1,True
2024-10-20 16:00:00+00:00,0.0001,0.0001,2024-10-20 08:00:00+00:00,-1,True
2024-10-21 00:00:00+00:00,0.0001,0.0001,2024-10-20 16:00:00+00:00,-1,True
2024-10-21 08:00:00+00:00,0.0001,0.0001,2024-10-21 00:00:00+00:00,-1,True
2024-10-21 16:00:00+00:00,0.0001,0.0001,2024-10-21 08:00:00+00:00,-1,True
2024-10-22 00:00:00+00:00,0.0001,0.0001,2024-10-21 16:00:00+00:00,-1,True
2024-10-22 08:00:00+00:00,0.0001,0.0001,2024-10-22 00:00:00+00:00,-1,True
2024-10-22 16:00:00+00:00,0.0001,0.0001,2024-10-22 08:00:00+00:00,-1,True
2024-10-23 00:00:00+00:00,0.0001,0.0001,2024-10-22 16:00:00+00:00,-1,True
2024-10-23 08:00:00+00:00,0.0001,0.0001,2024-10-23 00:00:00+00:00,-1,True
2024-10-23 16:00:00+00:00,0.0001,0.0001,2024-10-23 08:00:00+00:00,-1,True
2024-10-24 00:00:00+00:00,0.0001,0.0001,2024-10-23 16:00:00+00:00,-1,True
2024-10-24 08:00:00+00:00,0.0001,0.0001,2024-10-24 00:00:00+00:00,-1,True
2024-10-24 16:00:00+00:00,0.0001,0.0001,2024-10-24 08:00:00+00:00,-1,True
2024-10-25 00:00:00+00:00,0.0001,0.0001,2024-10-24 16:00:00+00:00,-1,True
2024-10-25 08:00:00+00:00,0.0001,0.0001,2024-10-25 00:00:00+00:00,-1,True
2024-10-25 16:00:00+00:00,0.0001,0.0001,2024-10-25 08:00:00+00:00,-1,True
2024-10-26 00:00:00+00:00,0.0001,0.0001,2024-10-25 16:00:00+00:00,-1,True
2024-10-26 08:00:00+00:00,5.586e-05,0.0001,2024-10-26 00:00:00+00:00,-1,True
2024-10-26 16:00:00+00:00,0.0001,5.586e-05,2024-10-26 08:00:00+00:00,-1,True
2024-10-27 00:00:00+00:00,0.0001,0.0001,2024-10-26 16:00:00+00:00,-1,True
2024-10-27 08:00:00+00:00,0.0001,0.0001,2024-10-27 00:00:00+00:00,-1,True
2024-10-27 16:00:00+00:00,3.189e-05,0.0001,2024-10-27 08:00:00+00:00,-1,True
2024-10-28 00:00:00+00:00,0.0001,3.189e-05,2024-10-27 16:00:00+00:00,-1,True
2024-10-28 08:00:00+00:00,0.0001,0.0001,2024-10-28 00:00:00+00:00,-1,True
2024-10-28 16:00:00+00:00,0.0001,0.0001,2024-10-28 08:00:00+00:00,-1,True
2024-10-29 00:00:00+00:00,0.0001,0.0001,2024-10-28 16:00:00+00:00,-1,True
2024-10-29 08:00:00+00:00,0.0001,0.0001,2024-10-29 00:00:00+00:00,-1,True
2024-10-29 16:00:00+00:00,0.0001,0.0001,2024-10-29 08:00:00+00:00,-1,True
2024-10-30 00:00:00+00:00,0.0001,0.0001,2024-10-29 16:00:00+00:00,-1,True
2024-10-30 08:00:00+00:00,0.0001,0.0001,2024-10-30 00:00:00+00:00,-1,True
2024-10-30 16:00:00+00:00,0.0001,0.0001,2024-10-30 08:00:00+00:00,-1,True
2024-10-31 00:00:00+00:00,0.0001,0.0001,2024-10-30 16:00:00+00:00,-1,True
2024-10-31 08:00:00+00:00,0.0001,0.0001,2024-10-31 00:00:00+00:00,-1,True
2024-10-31 16:00:00+00:00,0.0001,0.0001,2024-10-31 08:00:00+00:00,-1,True
2024-11-01 00:00:00+00:00,0.0001,0.0001,2024-10-31 16:00:00+00:00,-1,True
2024-11-01 08:00:00+00:00,0.0001,0.0001,2024-11-01 00:00:00+00:00,-1,True
2024-11-01 16:00:00+00:00,0.0001,0.0001,2024-11-01 08:00:00+00:00,-1,True
2024-11-02 00:00:00+00:00,0.0001,0.0001,2024-11-01 16:00:00+00:00,-1,True
2024-11-02 08:00:00+00:00,0.0001,0.0001,2024-11-02 00:00:00+00:00,-1,True
2024-11-02 16:00:00+00:00,0.0001,0.0001,2024-11-02 08:00:00+00:00,-1,True
2024-11-03 00:00:00+00:00,0.0001,0.0001,2024-11-02 16:00:00+00:00,-1,True
2024-11-03 08:00:00+00:00,0.0001,0.0001,2024-11-03 00:00:00+00:00,-1,True
2024-11-03 16:00:00+00:00,-6.97e-06,0.0001,2024-11-03 08:00:00+00:00,-1,True
2024-11-04 00:00:00+00:00,2.112e-05,-6.97e-06,2024-11-03 16:00:00+00:00,1,True
2024-11-04 08:00:00+00:00,6.598e-05,2.112e-05,2024-11-04 00:00:00+00:00,-1,True
2024-11-04 16:00:00+00:00,0.0001,6.598e-05,2024-11-04 08:00:00+00:00,-1,True
2024-11-05 00:00:00+00:00,0.0001,0.0001,2024-11-04 16:00:00+00:00,-1,True
2024-11-05 08:00:00+00:00,0.0001,0.0001,2024-11-05 00:00:00+00:00,-1,True
2024-11-05 16:00:00+00:00,0.0001,0.0001,2024-11-05 08:00:00+00:00,-1,True
2024-11-06 00:00:00+00:00,7.234e-05,0.0001,2024-11-05 16:00:00+00:00,-1,True
2024-11-06 08:00:00+00:00,0.0001,7.234e-05,2024-11-06 00:00:00+00:00,-1,True
2024-11-06 16:00:00+00:00,0.0001,0.0001,2024-11-06 08:00:00+00:00,-1,True
2024-11-07 00:00:00+00:00,0.0001,0.0001,2024-11-06 16:00:00+00:00,-1,True
2024-11-07 08:00:00+00:00,0.0001,0.0001,2024-11-07 00:00:00+00:00,-1,True
2024-11-07 16:00:00+00:00,0.0001,0.0001,2024-11-07 08:00:00+00:00,-1,True
2024-11-08 00:00:00+00:00,0.0001,0.0001,2024-11-07 16:00:00+00:00,-1,True
2024-11-08 08:00:00+00:00,0.0001,0.0001,2024-11-08 00:00:00+00:00,-1,True
2024-11-08 16:00:00+00:00,0.0001,0.0001,2024-11-08 08:00:00+00:00,-1,True
2024-11-09 00:00:00+00:00,0.0001,0.0001,2024-11-08 16:00:00+00:00,-1,True
2024-11-09 08:00:00+00:00,0.0001,0.0001,2024-11-09 00:00:00+00:00,-1,True
2024-11-09 16:00:00+00:00,0.0001,0.0001,2024-11-09 08:00:00+00:00,-1,True
2024-11-10 00:00:00+00:00,0.0001,0.0001,2024-11-09 16:00:00+00:00,-1,True
2024-11-10 08:00:00+00:00,0.00021335,0.0001,2024-11-10 00:00:00+00:00,-1,True
2024-11-10 16:00:00+00:00,0.00027864,0.00021335,2024-11-10 08:00:00+00:00,-1,True
2024-11-11 00:00:00+00:00,0.0001,0.00027864,2024-11-10 16:00:00+00:00,-1,True
2024-11-11 08:00:00+00:00,0.00026141,0.0001,2024-11-11 00:00:00+00:00,-1,True
2024-11-11 16:00:00+00:00,0.00027567,0.00026141,2024-11-11 08:00:00+00:00,-1,True
2024-11-12 00:00:00+00:00,0.00039785,0.00027567,2024-11-11 16:00:00+00:00,-1,True
2024-11-12 08:00:00+00:00,0.00062833,0.00039785,2024-11-12 00:00:00+00:00,-1,True
2024-11-12 16:00:00+00:00,0.00044627,0.00062833,2024-11-12 08:00:00+00:00,-1,True
2024-11-13 00:00:00+00:00,0.00023909,0.00044627,2024-11-12 16:00:00+00:00,-1,True
2024-11-13 08:00:00+00:00,0.0001,0.00023909,2024-11-13 00:00:00+00:00,-1,True
2024-11-13 16:00:00+00:00,0.0001,0.0001,2024-11-13 08:00:00+00:00,-1,True
2024-11-14 00:00:00+00:00,0.0001,0.0001,2024-11-13 16:00:00+00:00,-1,True
2024-11-14 08:00:00+00:00,0.0001,0.0001,2024-11-14 00:00:00+00:00,-1,True
2024-11-14 16:00:00+00:00,0.0001,0.0001,2024-11-14 08:00:00+00:00,-1,True
2024-11-15 00:00:00+00:00,0.0001,0.0001,2024-11-14 16:00:00+00:00,-1,True
2024-11-15 08:00:00+00:00,0.0001,0.0001,2024-11-15 00:00:00+00:00,-1,True
2024-11-15 16:00:00+00:00,0.0001,0.0001,2024-11-15 08:00:00+00:00,-1,True
2024-11-16 00:00:00+00:00,0.0001,0.0001,2024-11-15 16:00:00+00:00,-1,True
2024-11-16 08:00:00+00:00,0.0001,0.0001,2024-11-16 00:00:00+00:00,-1,True
2024-11-16 16:00:00+00:00,0.0001,0.0001,2024-11-16 08:00:00+00:00,-1,True
2024-11-17 00:00:00+00:00,0.00015512,0.0001,2024-11-16 16:00:00+00:00,-1,True
2024-11-17 08:00:00+00:00,0.00021882,0.00015512,2024-11-17 00:00:00+00:00,-1,True
2024-11-17 16:00:00+00:00,0.00036727,0.00021882,2024-11-17 08:00:00+00:00,-1,True
2024-11-18 00:00:00+00:00,0.00017329,0.00036727,2024-11-17 16:00:00+00:00,-1,True
2024-11-18 08:00:00+00:00,0.00037324,0.00017329,2024-11-18 00:00:00+00:00,-1,True
2024-11-18 16:00:00+00:00,0.0002051,0.00037324,2024-11-18 08:00:00+00:00,-1,True
2024-11-19 00:00:00+00:00,0.00010084,0.0002051,2024-11-18 16:00:00+00:00,-1,True
2024-11-19 08:00:00+00:00,0.00026191,0.00010084,2024-11-19 00:00:00+00:00,-1,True
2024-11-19 16:00:00+00:00,0.00011979,0.00026191,2024-11-19 08:00:00+00:00,-1,True
2024-11-20 00:00:00+00:00,0.00011558,0.00011979,2024-11-19 16:00:00+00:00,-1,True
2024-11-20 08:00:00+00:00,0.0001,0.00011558,2024-11-20 00:00:00+00:00,-1,True
2024-11-20 16:00:00+00:00,0.00015617,0.0001,2024-11-20 08:00:00+00:00,-1,True
2024-11-21 00:00:00+00:00,0.0001,0.00015617,2024-11-20 16:00:00+00:00,-1,True
2024-11-21 08:00:00+00:00,0.0001,0.0001,2024-11-21 00:00:00+00:00,-1,True
2024-11-21 16:00:00+00:00,0.00024527,0.0001,2024-11-21 08:00:00+00:00,-1,True
2024-11-22 00:00:00+00:00,0.00032956,0.00024527,2024-11-21 16:00:00+00:00,-1,True
2024-11-22 08:00:00+00:00,0.00041319,0.00032956,2024-11-22 00:00:00+00:00,-1,True
2024-11-22 16:00:00+00:00,0.00012517,0.00041319,2024-11-22 08:00:00+00:00,-1,True
2024-11-23 00:00:00+00:00,0.00017793,0.00012517,2024-11-22 16:00:00+00:00,-1,True
2024-11-23 08:00:00+00:00,0.0005882,0.00017793,2024-11-23 00:00:00+00:00,-1,True
2024-11-23 16:00:00+00:00,0.00055962,0.0005882,2024-11-23 08:00:00+00:00,-1,True
2024-11-24 00:00:00+00:00,0.00020782,0.00055962,2024-11-23 16:00:00+00:00,-1,True
2024-11-24 08:00:00+00:00,0.00046991,0.00020782,2024-11-24 00:00:00+00:00,-1,True
2024-11-24 16:00:00+00:00,0.00017277,0.00046991,2024-11-24 08:00:00+00:00,-1,True
2024-11-25 00:00:00+00:00,0.0001,0.00017277,2024-11-24 16:00:00+00:00,-1,True
2024-11-25 08:00:00+00:00,0.00019529,0.0001,2024-11-25 00:00:00+00:00,-1,True
2024-11-25 16:00:00+00:00,0.00022166,0.00019529,2024-11-25 08:00:00+00:00,-1,True
2024-11-26 00:00:00+00:00,0.0001,0.00022166,2024-11-25 16:00:00+00:00,-1,True
2024-11-26 08:00:00+00:00,0.0001,0.0001,2024-11-26 00:00:00+00:00,-1,True
2024-11-26 16:00:00+00:00,0.0001,0.0001,2024-11-26 08:00:00+00:00,-1,True
2024-11-27 00:00:00+00:00,0.0001,0.0001,2024-11-26 16:00:00+00:00,-1,True
2024-11-27 08:00:00+00:00,0.00021012,0.0001,2024-11-27 00:00:00+00:00,-1,True
2024-11-27 16:00:00+00:00,0.00041154,0.00021012,2024-11-27 08:00:00+00:00,-1,True
2024-11-28 00:00:00+00:00,0.0004537,0.00041154,2024-11-27 16:00:00+00:00,-1,True
2024-11-28 08:00:00+00:00,0.00049673,0.0004537,2024-11-28 00:00:00+00:00,-1,True
2024-11-28 16:00:00+00:00,0.00017375,0.00049673,2024-11-28 08:00:00+00:00,-1,True
2024-11-29 00:00:00+00:00,0.0004311,0.00017375,2024-11-28 16:00:00+00:00,-1,True
2024-11-29 08:00:00+00:00,0.00051104,0.0004311,2024-11-29 00:00:00+00:00,-1,True
2024-11-29 16:00:00+00:00,0.00049887,0.00051104,2024-11-29 08:00:00+00:00,-1,True
2024-11-30 00:00:00+00:00,0.00042038,0.00049887,2024-11-29 16:00:00+00:00,-1,True
2024-11-30 08:00:00+00:00,0.00018952,0.00042038,2024-11-30 00:00:00+00:00,-1,True
2024-11-30 16:00:00+00:00,0.00011781,0.00018952,2024-11-30 08:00:00+00:00,-1,True
2024-12-01 00:00:00+00:00,0.000233,0.00011781,2024-11-30 16:00:00+00:00,-1,True
2024-12-01 08:00:00+00:00,0.00024359,0.000233,2024-12-01 00:00:00+00:00,-1,True
2024-12-01 16:00:00+00:00,0.00021014,0.00024359,2024-12-01 08:00:00+00:00,-1,True
2024-12-02 00:00:00+00:00,0.00044152,0.00021014,2024-12-01 16:00:00+00:00,-1,True
2024-12-02 08:00:00+00:00,0.00028534,0.00044152,2024-12-02 00:00:00+00:00,-1,True
2024-12-02 16:00:00+00:00,0.00021227,0.00028534,2024-12-02 08:00:00+00:00,-1,True
2024-12-03 00:00:00+00:00,0.00016396,0.00021227,2024-12-02 16:00:00+00:00,-1,True
2024-12-03 08:00:00+00:00,0.00055411,0.00016396,2024-12-03 00:00:00+00:00,-1,True
2024-12-03 16:00:00+00:00,0.00054158,0.00055411,2024-12-03 08:00:00+00:00,-1,True
2024-12-04 00:00:00+00:00,0.00021111,0.00054158,2024-12-03 16:00:00+00:00,-1,True
2024-12-04 08:00:00+00:00,0.0004703,0.00021111,2024-12-04 00:00:00+00:00,-1,True
2024-12-04 16:00:00+00:00,0.00047275,0.0004703,2024-12-04 08:00:00+00:00,-1,True
2024-12-05 00:00:00+00:00,0.00068067,0.00047275,2024-12-04 16:00:00+00:00,-1,True
2024-12-05 08:00:00+00:00,0.00114863,0.00068067,2024-12-05 00:00:00+00:00,-1,True
2024-12-05 16:00:00+00:00,0.00098584,0.00114863,2024-12-05 08:00:00+00:00,-1,True
2024-12-06 00:00:00+00:00,0.0005766,0.00098584,2024-12-05 16:00:00+00:00,-1,True
2024-12-06 08:00:00+00:00,0.00072187,0.0005766,2024-12-06 00:00:00+00:00,-1,True
2024-12-06 16:00:00+00:00,0.0003244,0.00072187,2024-12-06 08:00:00+00:00,-1,True
2024-12-07 00:00:00+00:00,0.00056336,0.0003244,2024-12-06 16:00:00+00:00,-1,True
2024-12-07 08:00:00+00:00,0.00041071,0.00056336,2024-12-07 00:00:00+00:00,-1,True
2024-12-07 16:00:00+00:00,0.00069927,0.00041071,2024-12-07 08:00:00+00:00,-1,True
2024-12-08 00:00:00+00:00,0.00058021,0.00069927,2024-12-07 16:00:00+00:00,-1,True
2024-12-08 08:00:00+00:00,0.00047567,0.00058021,2024-12-08 00:00:00+00:00,-1,True
2024-12-08 16:00:00+00:00,0.00035274,0.00047567,2024-12-08 08:00:00+00:00,-1,True
2024-12-09 00:00:00+00:00,0.00027125,0.00035274,2024-12-08 16:00:00+00:00,-1,True
2024-12-09 08:00:00+00:00,0.00040749,0.00027125,2024-12-09 00:00:00+00:00,-1,True
2024-12-09 16:00:00+00:00,0.0001,0.00040749,2024-12-09 08:00:00+00:00,-1,True
2024-12-10 00:00:00+00:00,0.0001,0.0001,2024-12-09 16:00:00+00:00,-1,True
2024-12-10 08:00:00+00:00,0.0001,0.0001,2024-12-10 00:00:00+00:00,-1,True
2024-12-10 16:00:00+00:00,0.0001,0.0001,2024-12-10 08:00:00+00:00,-1,True
2024-12-11 00:00:00+00:00,0.0001,0.0001,2024-12-10 16:00:00+00:00,-1,True
2024-12-11 08:00:00+00:00,0.0001,0.0001,2024-12-11 00:00:00+00:00,-1,True
2024-12-11 16:00:00+00:00,0.0001,0.0001,2024-12-11 08:00:00+00:00,-1,True
2024-12-12 00:00:00+00:00,0.0001,0.0001,2024-12-11 16:00:00+00:00,-1,True
2024-12-12 08:00:00+00:00,0.0001,0.0001,2024-12-12 00:00:00+00:00,-1,True
2024-12-12 16:00:00+00:00,0.0001,0.0001,2024-12-12 08:00:00+00:00,-1,True
2024-12-13 00:00:00+00:00,0.0001,0.0001,2024-12-12 16:00:00+00:00,-1,True
2024-12-13 08:00:00+00:00,0.0001,0.0001,2024-12-13 00:00:00+00:00,-1,True
2024-12-13 16:00:00+00:00,0.0001,0.0001,2024-12-13 08:00:00+00:00,-1,True
2024-12-14 00:00:00+00:00,0.0001,0.0001,2024-12-13 16:00:00+00:00,-1,True
2024-12-14 08:00:00+00:00,0.0001,0.0001,2024-12-14 00:00:00+00:00,-1,True
2024-12-14 16:00:00+00:00,0.0001,0.0001,2024-12-14 08:00:00+00:00,-1,True
2024-12-15 00:00:00+00:00,0.0001,0.0001,2024-12-14 16:00:00+00:00,-1,True
2024-12-15 08:00:00+00:00,0.0001,0.0001,2024-12-15 00:00:00+00:00,-1,True
2024-12-15 16:00:00+00:00,0.0001,0.0001,2024-12-15 08:00:00+00:00,-1,True
2024-12-16 00:00:00+00:00,0.0001,0.0001,2024-12-15 16:00:00+00:00,-1,True
2024-12-16 08:00:00+00:00,0.0001,0.0001,2024-12-16 00:00:00+00:00,-1,True
2024-12-16 16:00:00+00:00,0.0001,0.0001,2024-12-16 08:00:00+00:00,-1,True
2024-12-17 00:00:00+00:00,0.0001,0.0001,2024-12-16 16:00:00+00:00,-1,True
2024-12-17 08:00:00+00:00,0.0001,0.0001,2024-12-17 00:00:00+00:00,-1,True
2024-12-17 16:00:00+00:00,0.0001,0.0001,2024-12-17 08:00:00+00:00,-1,True
2024-12-18 00:00:00+00:00,0.0001,0.0001,2024-12-17 16:00:00+00:00,-1,True
2024-12-18 08:00:00+00:00,0.0001,0.0001,2024-12-18 00:00:00+00:00,-1,True
2024-12-18 16:00:00+00:00,0.0001,0.0001,2024-12-18 08:00:00+00:00,-1,True
2024-12-19 00:00:00+00:00,-5.517e-05,0.0001,2024-12-18 16:00:00+00:00,-1,True
2024-12-19 08:00:00+00:00,0.0001,-5.517e-05,2024-12-19 00:00:00+00:00,1,True
2024-12-19 16:00:00+00:00,0.0001,0.0001,2024-12-19 08:00:00+00:00,-1,True
2024-12-20 00:00:00+00:00,9.874e-05,0.0001,2024-12-19 16:00:00+00:00,-1,True
2024-12-20 08:00:00+00:00,0.0001,9.874e-05,2024-12-20 00:00:00+00:00,-1,True
2024-12-20 16:00:00+00:00,5.777e-05,0.0001,2024-12-20 08:00:00+00:00,-1,True
2024-12-21 00:00:00+00:00,0.0001,5.777e-05,2024-12-20 16:00:00+00:00,-1,True
2024-12-21 08:00:00+00:00,0.0001,0.0001,2024-12-21 00:00:00+00:00,-1,True
2024-12-21 16:00:00+00:00,-1.865e-05,0.0001,2024-12-21 08:00:00+00:00,-1,True
2024-12-22 00:00:00+00:00,9.896e-05,-1.865e-05,2024-12-21 16:00:00+00:00,1,True
2024-12-22 08:00:00+00:00,0.0001,9.896e-05,2024-12-22 00:00:00+00:00,-1,True
2024-12-22 16:00:00+00:00,7.549e-05,0.0001,2024-12-22 08:00:00+00:00,-1,True
2024-12-23 00:00:00+00:00,1.314e-05,7.549e-05,2024-12-22 16:00:00+00:00,-1,True
2024-12-23 08:00:00+00:00,5.947e-05,1.314e-05,2024-12-23 00:00:00+00:00,-1,True
2024-12-23 16:00:00+00:00,5.6e-07,5.947e-05,2024-12-23 08:00:00+00:00,-1,True
2024-12-24 00:00:00+00:00,0.0001,5.6e-07,2024-12-23 16:00:00+00:00,-1,True
2024-12-24 08:00:00+00:00,0.0001,0.0001,2024-12-24 00:00:00+00:00,-1,True
2024-12-24 16:00:00+00:00,7.228e-05,0.0001,2024-12-24 08:00:00+00:00,-1,True
2024-12-25 00:00:00+00:00,5.665e-05,7.228e-05,2024-12-24 16:00:00+00:00,-1,True
2024-12-25 08:00:00+00:00,7.852e-05,5.665e-05,2024-12-25 00:00:00+00:00,-1,True
2024-12-25 16:00:00+00:00,6.216e-05,7.852e-05,2024-12-25 08:00:00+00:00,-1,True
2024-12-26 00:00:00+00:00,0.0001,6.216e-05,2024-12-25 16:00:00+00:00,-1,True
2024-12-26 08:00:00+00:00,5.527e-05,0.0001,2024-12-26 00:00:00+00:00,-1,True
2024-12-26 16:00:00+00:00,-1.894e-05,5.527e-05,2024-12-26 08:00:00+00:00,-1,True
2024-12-27 00:00:00+00:00,-1.12e-06,-1.894e-05,2024-12-26 16:00:00+00:00,1,True
2024-12-27 08:00:00+00:00,2.978e-05,-1.12e-06,2024-12-27 00:00:00+00:00,1,True
2024-12-27 16:00:00+00:00,9.826e-05,2.978e-05,2024-12-27 08:00:00+00:00,-1,True
2024-12-28 00:00:00+00:00,0.0001,9.826e-05,2024-12-27 16:00:00+00:00,-1,True
2024-12-28 08:00:00+00:00,0.0001,0.0001,2024-12-28 00:00:00+00:00,-1,True
2024-12-28 16:00:00+00:00,0.0001,0.0001,2024-12-28 08:00:00+00:00,-1,True
2024-12-29 00:00:00+00:00,0.0001,0.0001,2024-12-28 16:00:00+00:00,-1,True
2024-12-29 08:00:00+00:00,0.0001,0.0001,2024-12-29 00:00:00+00:00,-1,True
2024-12-29 16:00:00+00:00,7.367e-05,0.0001,2024-12-29 08:00:00+00:00,-1,True
2024-12-30 00:00:00+00:00,8.88e-06,7.367e-05,2024-12-29 16:00:00+00:00,-1,True
2024-12-30 08:00:00+00:00,-2.508e-05,8.88e-06,2024-12-30 00:00:00+00:00,-1,True
2024-12-30 16:00:00+00:00,7.392e-05,-2.508e-05,2024-12-30 08:00:00+00:00,1,True
2024-12-31 00:00:00+00:00,4.316e-05,7.392e-05,2024-12-30 16:00:00+00:00,-1,True
2024-12-31 08:00:00+00:00,4.341e-05,4.316e-05,2024-12-31 00:00:00+00:00,-1,True
2024-12-31 16:00:00+00:00,0.0001,4.341e-05,2024-12-31 08:00:00+00:00,-1,True
2025-01-01 00:00:00+00:00,0.0001,0.0001,2024-12-31 16:00:00+00:00,-1,True
2025-01-01 08:00:00+00:00,0.0001,0.0001,2025-01-01 00:00:00+00:00,-1,True
2025-01-01 16:00:00+00:00,6.689e-05,0.0001,2025-01-01 08:00:00+00:00,-1,True
2025-01-02 00:00:00+00:00,0.0001,6.689e-05,2025-01-01 16:00:00+00:00,-1,True
2025-01-02 08:00:00+00:00,0.0001,0.0001,2025-01-02 00:00:00+00:00,-1,True
2025-01-02 16:00:00+00:00,0.0001,0.0001,2025-01-02 08:00:00+00:00,-1,True
2025-01-03 00:00:00+00:00,0.0001,0.0001,2025-01-02 16:00:00+00:00,-1,True
2025-01-03 08:00:00+00:00,0.0001,0.0001,2025-01-03 00:00:00+00:00,-1,True
2025-01-03 16:00:00+00:00,0.0001,0.0001,2025-01-03 08:00:00+00:00,-1,True
2025-01-04 00:00:00+00:00,0.0001,0.0001,2025-01-03 16:00:00+00:00,-1,True
2025-01-04 08:00:00+00:00,0.0001,0.0001,2025-01-04 00:00:00+00:00,-1,True
2025-01-04 16:00:00+00:00,0.0001,0.0001,2025-01-04 08:00:00+00:00,-1,True
2025-01-05 00:00:00+00:00,0.0001,0.0001,2025-01-04 16:00:00+00:00,-1,True
2025-01-05 08:00:00+00:00,0.0001,0.0001,2025-01-05 00:00:00+00:00,-1,True
2025-01-05 16:00:00+00:00,0.0001,0.0001,2025-01-05 08:00:00+00:00,-1,True
2025-01-06 00:00:00+00:00,6.926e-05,0.0001,2025-01-05 16:00:00+00:00,-1,True
2025-01-06 08:00:00+00:00,0.0001,6.926e-05,2025-01-06 00:00:00+00:00,-1,True
2025-01-06 16:00:00+00:00,0.0001,0.0001,2025-01-06 08:00:00+00:00,-1,True
2025-01-07 00:00:00+00:00,0.0001,0.0001,2025-01-06 16:00:00+00:00,-1,True
2025-01-07 08:00:00+00:00,0.0001,0.0001,2025-01-07 00:00:00+00:00,-1,True
2025-01-07 16:00:00+00:00,0.0001,0.0001,2025-01-07 08:00:00+00:00,-1,True
2025-01-08 00:00:00+00:00,-9.031e-05,0.0001,2025-01-07 16:00:00+00:00,-1,True
2025-01-08 08:00:00+00:00,6.821e-05,-9.031e-05,2025-01-08 00:00:00+00:00,1,True
2025-01-08 16:00:00+00:00,0.0001,6.821e-05,2025-01-08 08:00:00+00:00,-1,True
2025-01-09 00:00:00+00:00,8.772e-05,0.0001,2025-01-08 16:00:00+00:00,-1,True
2025-01-09 08:00:00+00:00,0.0001,8.772e-05,2025-01-09 00:00:00+00:00,-1,True
2025-01-09 16:00:00+00:00,-1.365e-05,0.0001,2025-01-09 08:00:00+00:00,-1,True
2025-01-10 00:00:00+00:00,1.075e-05,-1.365e-05,2025-01-09 16:00:00+00:00,1,True
2025-01-10 08:00:00+00:00,7.019e-05,1.075e-05,2025-01-10 00:00:00+00:00,-1,True
2025-01-10 16:00:00+00:00,5.81e-06,7.019e-05,2025-01-10 08:00:00+00:00,-1,True
2025-01-11 00:00:00+00:00,0.0001,5.81e-06,2025-01-10 16:00:00+00:00,-1,True
2025-01-11 08:00:00+00:00,0.0001,0.0001,2025-01-11 00:00:00+00:00,-1,True
2025-01-11 16:00:00+00:00,0.0001,0.0001,2025-01-11 08:00:00+00:00,-1,True
2025-01-12 00:00:00+00:00,0.0001,0.0001,2025-01-11 16:00:00+00:00,-1,True
2025-01-12 08:00:00+00:00,0.0001,0.0001,2025-01-12 00:00:00+00:00,-1,True
2025-01-12 16:00:00+00:00,7.816e-05,0.0001,2025-01-12 08:00:00+00:00,-1,True
2025-01-13 00:00:00+00:00,4.787e-05,7.816e-05,2025-01-12 16:00:00+00:00,-1,True
2025-01-13 08:00:00+00:00,3.783e-05,4.787e-05,2025-01-13 00:00:00+00:00,-1,True
2025-01-13 16:00:00+00:00,-5.8e-06,3.783e-05,2025-01-13 08:00:00+00:00,-1,True
2025-01-14 00:00:00+00:00,0.0001,-5.8e-06,2025-01-13 16:00:00+00:00,1,True
2025-01-14 08:00:00+00:00,0.0001,0.0001,2025-01-14 00:00:00+00:00,-1,True
2025-01-14 16:00:00+00:00,0.0001,0.0001,2025-01-14 08:00:00+00:00,-1,True
2025-01-15 00:00:00+00:00,0.0001,0.0001,2025-01-14 16:00:00+00:00,-1,True
2025-01-15 08:00:00+00:00,0.0001,0.0001,2025-01-15 00:00:00+00:00,-1,True
2025-01-15 16:00:00+00:00,0.0001,0.0001,2025-01-15 08:00:00+00:00,-1,True
2025-01-16 00:00:00+00:00,0.0001,0.0001,2025-01-15 16:00:00+00:00,-1,True
2025-01-16 08:00:00+00:00,0.0001,0.0001,2025-01-16 00:00:00+00:00,-1,True
2025-01-16 16:00:00+00:00,0.0001,0.0001,2025-01-16 08:00:00+00:00,-1,True
2025-01-17 00:00:00+00:00,0.0001,0.0001,2025-01-16 16:00:00+00:00,-1,True
2025-01-17 08:00:00+00:00,0.0001,0.0001,2025-01-17 00:00:00+00:00,-1,True
2025-01-17 16:00:00+00:00,0.0001,0.0001,2025-01-17 08:00:00+00:00,-1,True
2025-01-18 00:00:00+00:00,0.0001,0.0001,2025-01-17 16:00:00+00:00,-1,True
2025-01-18 08:00:00+00:00,0.0001,0.0001,2025-01-18 00:00:00+00:00,-1,True
2025-01-18 16:00:00+00:00,0.0001,0.0001,2025-01-18 08:00:00+00:00,-1,True
2025-01-19 00:00:00+00:00,0.0001,0.0001,2025-01-18 16:00:00+00:00,-1,True
2025-01-19 08:00:00+00:00,0.0001,0.0001,2025-01-19 00:00:00+00:00,-1,True
2025-01-19 16:00:00+00:00,0.0001,0.0001,2025-01-19 08:00:00+00:00,-1,True
2025-01-20 00:00:00+00:00,4.974e-05,0.0001,2025-01-19 16:00:00+00:00,-1,True
2025-01-20 08:00:00+00:00,0.0001,4.974e-05,2025-01-20 00:00:00+00:00,-1,True
2025-01-20 16:00:00+00:00,0.0001,0.0001,2025-01-20 08:00:00+00:00,-1,True
2025-01-21 00:00:00+00:00,0.0001,0.0001,2025-01-20 16:00:00+00:00,-1,True
2025-01-21 08:00:00+00:00,0.0001,0.0001,2025-01-21 00:00:00+00:00,-1,True
2025-01-21 16:00:00+00:00,0.0001,0.0001,2025-01-21 08:00:00+00:00,-1,True
2025-01-22 00:00:00+00:00,0.0001,0.0001,2025-01-21 16:00:00+00:00,-1,True
2025-01-22 08:00:00+00:00,0.0001,0.0001,2025-01-22 00:00:00+00:00,-1,True
2025-01-22 16:00:00+00:00,0.0001,0.0001,2025-01-22 08:00:00+00:00,-1,True
2025-01-23 00:00:00+00:00,0.0001,0.0001,2025-01-22 16:00:00+00:00,-1,True
2025-01-23 08:00:00+00:00,0.0001,0.0001,2025-01-23 00:00:00+00:00,-1,True
2025-01-23 16:00:00+00:00,0.0001,0.0001,2025-01-23 08:00:00+00:00,-1,True
2025-01-24 00:00:00+00:00,0.0001,0.0001,2025-01-23 16:00:00+00:00,-1,True
2025-01-24 08:00:00+00:00,0.0001,0.0001,2025-01-24 00:00:00+00:00,-1,True
2025-01-24 16:00:00+00:00,0.0001,0.0001,2025-01-24 08:00:00+00:00,-1,True
2025-01-25 00:00:00+00:00,0.0001,0.0001,2025-01-24 16:00:00+00:00,-1,True
2025-01-25 08:00:00+00:00,0.0001,0.0001,2025-01-25 00:00:00+00:00,-1,True
2025-01-25 16:00:00+00:00,0.0001,0.0001,2025-01-25 08:00:00+00:00,-1,True
2025-01-26 00:00:00+00:00,0.0001,0.0001,2025-01-25 16:00:00+00:00,-1,True
2025-01-26 08:00:00+00:00,0.0001,0.0001,2025-01-26 00:00:00+00:00,-1,True
2025-01-26 16:00:00+00:00,0.0001,0.0001,2025-01-26 08:00:00+00:00,-1,True
2025-01-27 00:00:00+00:00,0.0001,0.0001,2025-01-26 16:00:00+00:00,-1,True
2025-01-27 08:00:00+00:00,0.0001,0.0001,2025-01-27 00:00:00+00:00,-1,True
2025-01-27 16:00:00+00:00,-7.729e-05,0.0001,2025-01-27 08:00:00+00:00,-1,True
2025-01-28 00:00:00+00:00,-4.96e-06,-7.729e-05,2025-01-27 16:00:00+00:00,1,True
2025-01-28 08:00:00+00:00,-6.03e-06,-4.96e-06,2025-01-28 00:00:00+00:00,1,True
2025-01-28 16:00:00+00:00,0.0001,-6.03e-06,2025-01-28 08:00:00+00:00,1,True
2025-01-29 00:00:00+00:00,0.0001,0.0001,2025-01-28 16:00:00+00:00,-1,True
2025-01-29 08:00:00+00:00,5.928e-05,0.0001,2025-01-29 00:00:00+00:00,-1,True
2025-01-29 16:00:00+00:00,1.6e-07,5.928e-05,2025-01-29 08:00:00+00:00,-1,True
2025-01-30 00:00:00+00:00,9.1e-07,1.6e-07,2025-01-29 16:00:00+00:00,-1,True
2025-01-30 08:00:00+00:00,0.0001,9.1e-07,2025-01-30 00:00:00+00:00,-1,True
2025-01-30 16:00:00+00:00,9.52e-05,0.0001,2025-01-30 08:00:00+00:00,-1,True
2025-01-31 00:00:00+00:00,0.0001,9.52e-05,2025-01-30 16:00:00+00:00,-1,True
2025-01-31 08:00:00+00:00,0.0001,0.0001,2025-01-31 00:00:00+00:00,-1,True
2025-01-31 16:00:00+00:00,0.0001,0.0001,2025-01-31 08:00:00+00:00,-1,True
2025-02-01 00:00:00+00:00,-4.172e-05,0.0001,2025-01-31 16:00:00+00:00,-1,True
2025-02-01 08:00:00+00:00,6.1e-07,-4.172e-05,2025-02-01 00:00:00+00:00,1,True
2025-02-01 16:00:00+00:00,-6.224e-05,6.1e-07,2025-02-01 08:00:00+00:00,-1,True
2025-02-02 00:00:00+00:00,3.204e-05,-6.224e-05,2025-02-01 16:00:00+00:00,1,True
2025-02-02 08:00:00+00:00,1.399e-05,3.204e-05,2025-02-02 00:00:00+00:00,-1,True
2025-02-02 16:00:00+00:00,7.343e-05,1.399e-05,2025-02-02 08:00:00+00:00,-1,True
2025-02-03 00:00:00+00:00,-3.514e-05,7.343e-05,2025-02-02 16:00:00+00:00,-1,True
2025-02-03 08:00:00+00:00,-0.000288,-3.514e-05,2025-02-03 00:00:00+00:00,1,True
2025-02-03 16:00:00+00:00,-0.00012025,-0.000288,2025-02-03 08:00:00+00:00,1,True
2025-02-04 00:00:00+00:00,4.5e-06,-0.00012025,2025-02-03 16:00:00+00:00,1,True
2025-02-04 08:00:00+00:00,1.784e-05,4.5e-06,2025-02-04 00:00:00+00:00,-1,True
2025-02-04 16:00:00+00:00,-2.04e-05,1.784e-05,2025-02-04 08:00:00+00:00,-1,True
2025-02-05 00:00:00+00:00,-6.157e-05,-2.04e-05,2025-02-04 16:00:00+00:00,1,True
2025-02-05 08:00:00+00:00,8.45e-06,-6.157e-05,2025-02-05 00:00:00+00:00,1,True
2025-02-05 16:00:00+00:00,2.676e-05,8.45e-06,2025-02-05 08:00:00+00:00,-1,True
2025-02-06 00:00:00+00:00,8.181e-05,2.676e-05,2025-02-05 16:00:00+00:00,-1,True
2025-02-06 08:00:00+00:00,1.55e-06,8.181e-05,2025-02-06 00:00:00+00:00,-1,True
2025-02-06 16:00:00+00:00,9.334e-05,1.55e-06,2025-02-06 08:00:00+00:00,-1,True
2025-02-07 00:00:00+00:00,4.617e-05,9.334e-05,2025-02-06 16:00:00+00:00,-1,True
2025-02-07 08:00:00+00:00,2.988e-05,4.617e-05,2025-02-07 00:00:00+00:00,-1,True
2025-02-07 16:00:00+00:00,1.044e-05,2.988e-05,2025-02-07 08:00:00+00:00,-1,True
2025-02-08 00:00:00+00:00,0.0001,1.044e-05,2025-02-07 16:00:00+00:00,-1,True
2025-02-08 08:00:00+00:00,3.863e-05,0.0001,2025-02-08 00:00:00+00:00,-1,True
2025-02-08 16:00:00+00:00,1.291e-05,3.863e-05,2025-02-08 08:00:00+00:00,-1,True
2025-02-09 00:00:00+00:00,2.137e-05,1.291e-05,2025-02-08 16:00:00+00:00,-1,True
2025-02-09 08:00:00+00:00,5.881e-05,2.137e-05,2025-02-09 00:00:00+00:00,-1,True
2025-02-09 16:00:00+00:00,-3.084e-05,5.881e-05,2025-02-09 08:00:00+00:00,-1,True
2025-02-10 00:00:00+00:00,5.74e-06,-3.084e-05,2025-02-09 16:00:00+00:00,1,True
2025-02-10 08:00:00+00:00,9.72e-05,5.74e-06,2025-02-10 00:00:00+00:00,-1,True
2025-02-10 16:00:00+00:00,0.0001,9.72e-05,2025-02-10 08:00:00+00:00,-1,True
2025-02-11 00:00:00+00:00,9.868e-05,0.0001,2025-02-10 16:00:00+00:00,-1,True
2025-02-11 08:00:00+00:00,0.0001,9.868e-05,2025-02-11 00:00:00+00:00,-1,True
2025-02-11 16:00:00+00:00,0.0001,0.0001,2025-02-11 08:00:00+00:00,-1,True
2025-02-12 00:00:00+00:00,1.68e-06,0.0001,2025-02-11 16:00:00+00:00,-1,True
2025-02-12 08:00:00+00:00,1.954e-05,1.68e-06,2025-02-12 00:00:00+00:00,-1,True
2025-02-12 16:00:00+00:00,6.626e-05,1.954e-05,2025-02-12 08:00:00+00:00,-1,True
2025-02-13 00:00:00+00:00,0.0001,6.626e-05,2025-02-12 16:00:00+00:00,-1,True
2025-02-13 08:00:00+00:00,8.754e-05,0.0001,2025-02-13 00:00:00+00:00,-1,True
2025-02-13 16:00:00+00:00,2.481e-05,8.754e-05,2025-02-13 08:00:00+00:00,-1,True
2025-02-14 00:00:00+00:00,5.188e-05,2.481e-05,2025-02-13 16:00:00+00:00,-1,True
2025-02-14 08:00:00+00:00,8.148e-05,5.188e-05,2025-02-14 00:00:00+00:00,-1,True
2025-02-14 16:00:00+00:00,1.1e-05,8.148e-05,2025-02-14 08:00:00+00:00,-1,True
2025-02-15 00:00:00+00:00,8.565e-05,1.1e-05,2025-02-14 16:00:00+00:00,-1,True
2025-02-15 08:00:00+00:00,0.0001,8.565e-05,2025-02-15 00:00:00+00:00,-1,True
2025-02-15 16:00:00+00:00,8.444e-05,0.0001,2025-02-15 08:00:00+00:00,-1,True
2025-02-16 00:00:00+00:00,4.519e-05,8.444e-05,2025-02-15 16:00:00+00:00,-1,True
2025-02-16 08:00:00+00:00,0.0001,4.519e-05,2025-02-16 00:00:00+00:00,-1,True
2025-02-16 16:00:00+00:00,-7.61e-06,0.0001,2025-02-16 08:00:00+00:00,-1,True
2025-02-17 00:00:00+00:00,3.961e-05,-7.61e-06,2025-02-16 16:00:00+00:00,1,True
2025-02-17 08:00:00+00:00,5.99e-06,3.961e-05,2025-02-17 00:00:00+00:00,-1,True
2025-02-17 16:00:00+00:00,7.499e-05,5.99e-06,2025-02-17 08:00:00+00:00,-1,True
2025-02-18 00:00:00+00:00,4.812e-05,7.499e-05,2025-02-17 16:00:00+00:00,-1,True
2025-02-18 08:00:00+00:00,0.0001,4.812e-05,2025-02-18 00:00:00+00:00,-1,True
2025-02-18 16:00:00+00:00,0.0001,0.0001,2025-02-18 08:00:00+00:00,-1,True
2025-02-19 00:00:00+00:00,3.514e-05,0.0001,2025-02-18 16:00:00+00:00,-1,True
2025-02-19 08:00:00+00:00,3.729e-05,3.514e-05,2025-02-19 00:00:00+00:00,-1,True
2025-02-19 16:00:00+00:00,-7.329e-05,3.729e-05,2025-02-19 08:00:00+00:00,-1,True
2025-02-20 00:00:00+00:00,-3.38e-05,-7.329e-05,2025-02-19 16:00:00+00:00,1,True
2025-02-20 08:00:00+00:00,0.0001,-3.38e-05,2025-02-20 00:00:00+00:00,1,True
2025-02-20 16:00:00+00:00,4.11e-05,0.0001,2025-02-20 08:00:00+00:00,-1,True
2025-02-21 00:00:00+00:00,-1.28e-05,4.11e-05,2025-02-20 16:00:00+00:00,-1,True
2025-02-21 08:00:00+00:00,3.532e-05,-1.28e-05,2025-02-21 00:00:00+00:00,1,True
2025-02-21 16:00:00+00:00,-1.959e-05,3.532e-05,2025-02-21 08:00:00+00:00,-1,True
2025-02-22 00:00:00+00:00,0.00046101,-1.959e-05,2025-02-21 16:00:00+00:00,1,True
2025-02-22 08:00:00+00:00,0.00038815,0.00046101,2025-02-22 00:00:00+00:00,-1,True
2025-02-22 16:00:00+00:00,0.0001,0.00038815,2025-02-22 08:00:00+00:00,-1,True
2025-02-23 00:00:00+00:00,0.0001,0.0001,2025-02-22 16:00:00+00:00,-1,True
2025-02-23 08:00:00+00:00,0.0001,0.0001,2025-02-23 00:00:00+00:00,-1,True
2025-02-23 16:00:00+00:00,0.0001,0.0001,2025-02-23 08:00:00+00:00,-1,True
2025-02-24 00:00:00+00:00,0.0001,0.0001,2025-02-23 16:00:00+00:00,-1,True
2025-02-24 08:00:00+00:00,0.0001,0.0001,2025-02-24 00:00:00+00:00,-1,True
2025-02-24 16:00:00+00:00,0.0001,0.0001,2025-02-24 08:00:00+00:00,-1,True
2025-02-25 00:00:00+00:00,0.0001,0.0001,2025-02-24 16:00:00+00:00,-1,True
2025-02-25 08:00:00+00:00,0.0001,0.0001,2025-02-25 00:00:00+00:00,-1,True
2025-02-25 16:00:00+00:00,0.0001,0.0001,2025-02-25 08:00:00+00:00,-1,True
2025-02-26 00:00:00+00:00,5.266e-05,0.0001,2025-02-25 16:00:00+00:00,-1,True
2025-02-26 08:00:00+00:00,0.0001,5.266e-05,2025-02-26 00:00:00+00:00,-1,True
2025-02-26 16:00:00+00:00,0.0001,0.0001,2025-02-26 08:00:00+00:00,-1,True
2025-02-27 00:00:00+00:00,0.0001,0.0001,2025-02-26 16:00:00+00:00,-1,True
2025-02-27 08:00:00+00:00,0.0001,0.0001,2025-02-27 00:00:00+00:00,-1,True
2025-02-27 16:00:00+00:00,9.735e-05,0.0001,2025-02-27 08:00:00+00:00,-1,True
2025-02-28 00:00:00+00:00,0.0001,9.735e-05,2025-02-27 16:00:00+00:00,-1,True
2025-02-28 08:00:00+00:00,5.363e-05,0.0001,2025-02-28 00:00:00+00:00,-1,True
2025-02-28 16:00:00+00:00,-5.477e-05,5.363e-05,2025-02-28 08:00:00+00:00,-1,True
